MMSI,Vessel_Name,Timestamp,Latitude,Longitude,Speed_Knots,Heading,Vessel_Type
419601002,Tug KPL-2,2017-01-26 23:56:00,13.24178,80.30406,3.8,115.3,Tug
419201003,MV Ennore Express,2017-01-27 00:00:00,13.2552,80.31975,0.8,0.7,Cargo
419201004,MV Coastal Glory,2017-01-27 00:00:00,13.26137,80.31509,0.2,1.5,Cargo
419201006,MV KPL Carrier,2017-01-27 00:00:00,13.24932,80.32382,0.1,89.4,Cargo
419201007,MV Sakthi Pride,2017-01-27 00:00:00,13.25191,80.3166,0,0.3,Cargo
419301001,MT Sanmar Spirit,2017-01-27 00:00:00,13.24434,80.33477,0.7,90.5,Tanker
419301003,MT Coromandel King,2017-01-27 00:00:00,13.23665,80.33945,0.1,357.0,Tanker
419301006,MT Triton,2017-01-27 00:00:00,13.26317,80.31082,0,357.1,Tanker
419201001,MV Vishakha Star,2017-01-27 00:00:00,13.17874,80.46983,0,359.1,Cargo
419201002,MV APJ Kiran,2017-01-27 00:00:00,13.11963,80.49885,0.4,359.8,Cargo
419301002,MT Chennai Petro,2017-01-27 00:00:00,13.07914,80.53106,0.2,356.6,Tanker
419301004,MT POL Voyager,2017-01-27 00:00:00,13.22154,80.42084,0.3,2.4,Tanker
419301007,MT Bay Tanker,2017-01-27 00:00:00,13.14988,80.45999,0,359.6,Tanker
538301001,MT Gulf Carrier,2017-01-27 00:00:00,13.04945,80.54905,0.1,358.4,Tanker
419601003,Pilot KPL,2017-01-27 00:01:00,13.24211,80.32476,4.0,110.8,Tug
419601004,Tug Ennore,2017-01-27 00:01:00,13.2388,80.27779,4.3,297.4,Tug
419601001,Tug KPL-1,2017-01-27 00:02:00,13.22867,80.30198,4.4,240.9,Tug
419301006,MT Triton,2017-01-27 00:04:00,13.26662,80.31067,0.1,358.0,Tanker
419201003,MV Ennore Express,2017-01-27 00:05:00,13.25474,80.31848,0.3,1.9,Cargo
419201006,MV KPL Carrier,2017-01-27 00:05:00,13.24775,80.3255,0.6,92.2,Cargo
419301001,MT Sanmar Spirit,2017-01-27 00:05:00,13.24216,80.33401,0.6,90.0,Tanker
419301003,MT Coromandel King,2017-01-27 00:05:00,13.23591,80.34032,0,359.6,Tanker
419301002,MT Chennai Petro,2017-01-27 00:05:00,13.0796,80.53042,0.5,0.9,Tanker
419301004,MT POL Voyager,2017-01-27 00:05:00,13.21961,80.41801,0,358.5,Tanker
419201004,MV Coastal Glory,2017-01-27 00:06:00,13.26089,80.31504,0.0,358.3,Cargo
419201007,MV Sakthi Pride,2017-01-27 00:06:00,13.25247,80.31931,0,359.3,Cargo
419201001,MV Vishakha Star,2017-01-27 00:06:00,13.18059,80.46988,0.2,359.5,Cargo
419301007,MT Bay Tanker,2017-01-27 00:06:00,13.15157,80.46135,0.1,358.8,Tanker
419201002,MV APJ Kiran,2017-01-27 00:07:00,13.12186,80.49954,0.3,0.6,Cargo
538301001,MT Gulf Carrier,2017-01-27 00:07:00,13.04966,80.54904,0,359.2,Tanker
419201003,MV Ennore Express,2017-01-27 00:10:00,13.25689,80.32063,0.1,357.0,Cargo
419201007,MV Sakthi Pride,2017-01-27 00:10:00,13.25265,80.31757,0,357.9,Cargo
419301006,MT Triton,2017-01-27 00:10:00,13.26348,80.31015,0,357.6,Tanker
419201004,MV Coastal Glory,2017-01-27 00:11:00,13.26089,80.31477,0.6,358.0,Cargo
419201006,MV KPL Carrier,2017-01-27 00:11:00,13.24936,80.32483,0.1,91.8,Cargo
419301001,MT Sanmar Spirit,2017-01-27 00:11:00,13.24542,80.33706,0.5,88.1,Tanker
419301003,MT Coromandel King,2017-01-27 00:11:00,13.2373,80.34092,0.4,358.0,Tanker
419201001,MV Vishakha Star,2017-01-27 00:11:00,13.1811,80.46983,0,357.4,Cargo
419301004,MT POL Voyager,2017-01-27 00:11:00,13.21912,80.4199,0.4,359.9,Tanker
419301007,MT Bay Tanker,2017-01-27 00:11:00,13.14849,80.46041,0.0,359.8,Tanker
419301002,MT Chennai Petro,2017-01-27 00:12:00,13.07987,80.53187,0.3,1.1,Tanker
538301001,MT Gulf Carrier,2017-01-27 00:12:00,13.05275,80.54968,0,358.0,Tanker
419201002,MV APJ Kiran,2017-01-27 00:14:00,13.12052,80.50019,0,1.6,Cargo
419201003,MV Ennore Express,2017-01-27 00:15:00,13.25663,80.32032,0,2.7,Cargo
419201006,MV KPL Carrier,2017-01-27 00:15:00,13.24779,80.32412,0.1,89.4,Cargo
419201007,MV Sakthi Pride,2017-01-27 00:15:00,13.25287,80.3183,0,355.6,Cargo
419301003,MT Coromandel King,2017-01-27 00:15:00,13.23822,80.34001,0.2,1.1,Tanker
419301006,MT Triton,2017-01-27 00:16:00,13.26412,80.3095,0,0.7,Tanker
419201001,MV Vishakha Star,2017-01-27 00:16:00,13.17897,80.46925,0.3,2.2,Cargo
419201004,MV Coastal Glory,2017-01-27 00:17:00,13.26162,80.31519,0.7,3.7,Cargo
419301001,MT Sanmar Spirit,2017-01-27 00:17:00,13.24572,80.33421,0.2,90.9,Tanker
419301004,MT POL Voyager,2017-01-27 00:17:00,13.21872,80.42034,0,358.0,Tanker
419301002,MT Chennai Petro,2017-01-27 00:18:00,13.08143,80.53025,0,0.7,Tanker
419301007,MT Bay Tanker,2017-01-27 00:18:00,13.14863,80.45933,0,2.5,Tanker
419601003,Pilot KPL,2017-01-27 00:18:00,13.23792,80.29744,4.5,9.2,Tug
419601004,Tug Ennore,2017-01-27 00:18:00,13.2809,80.25841,4.0,192.4,Tug
419301003,MT Coromandel King,2017-01-27 00:19:00,13.23709,80.33956,0,0.8,Tanker
538301001,MT Gulf Carrier,2017-01-27 00:19:00,13.04913,80.55047,0.3,357.2,Tanker
419201007,MV Sakthi Pride,2017-01-27 00:20:00,13.25207,80.3172,0.0,355.9,Cargo
419201003,MV Ennore Express,2017-01-27 00:21:00,13.25559,80.32018,0.2,358.1,Cargo
419201006,MV KPL Carrier,2017-01-27 00:21:00,13.24821,80.32583,0,91.3,Cargo
419301006,MT Triton,2017-01-27 00:21:00,13.26455,80.31033,0,359.9,Tanker
419201002,MV APJ Kiran,2017-01-27 00:21:00,13.12209,80.50005,0,359.9,Cargo
419301001,MT Sanmar Spirit,2017-01-27 00:22:00,13.24344,80.33527,0.3,90.2,Tanker
419201001,MV Vishakha Star,2017-01-27 00:22:00,13.18055,80.47105,0.1,2.7,Cargo
419301004,MT POL Voyager,2017-01-27 00:22:00,13.22011,80.42176,0,2.2,Tanker
419601001,Tug KPL-1,2017-01-27 00:22:00,13.22508,80.3016,4.2,179.1,Tug
419201004,MV Coastal Glory,2017-01-27 00:23:00,13.25958,80.31655,0.2,355.8,Cargo
419301003,MT Coromandel King,2017-01-27 00:23:00,13.23706,80.33984,0.1,357.5,Tanker
419301002,MT Chennai Petro,2017-01-27 00:23:00,13.07998,80.52961,0,2.2,Tanker
419601002,Tug KPL-2,2017-01-27 00:23:00,13.26061,80.30184,4.0,147.0,Tug
419201007,MV Sakthi Pride,2017-01-27 00:25:00,13.25189,80.32066,0,359.2,Cargo
419301007,MT Bay Tanker,2017-01-27 00:25:00,13.15084,80.46181,0.3,1.3,Tanker
538301001,MT Gulf Carrier,2017-01-27 00:25:00,13.05118,80.54942,0.0,1.3,Tanker
419201006,MV KPL Carrier,2017-01-27 00:26:00,13.24946,80.32555,0.4,93.5,Cargo
419201003,MV Ennore Express,2017-01-27 00:27:00,13.2552,80.31993,0.3,356.1,Cargo
419301003,MT Coromandel King,2017-01-27 00:27:00,13.23788,80.34087,0.0,2.9,Tanker
419301006,MT Triton,2017-01-27 00:27:00,13.26536,80.30916,0.1,357.5,Tanker
419201002,MV APJ Kiran,2017-01-27 00:27:00,13.12325,80.49894,0.3,1.5,Cargo
419301004,MT POL Voyager,2017-01-27 00:27:00,13.22206,80.42121,0.1,2.9,Tanker
419301001,MT Sanmar Spirit,2017-01-27 00:28:00,13.24276,80.33574,0.2,90.3,Tanker
419201004,MV Coastal Glory,2017-01-27 00:29:00,13.261,80.31531,0.1,357.7,Cargo
419201001,MV Vishakha Star,2017-01-27 00:29:00,13.17976,80.46881,0.3,3.7,Cargo
419301002,MT Chennai Petro,2017-01-27 00:29:00,13.08211,80.53167,0.1,1.6,Tanker
419201007,MV Sakthi Pride,2017-01-27 00:30:00,13.25354,80.31812,0,354.7,Cargo
419201006,MV KPL Carrier,2017-01-27 00:31:00,13.24813,80.32507,0,89.1,Cargo
419201003,MV Ennore Express,2017-01-27 00:32:00,13.2558,80.31999,0,358.0,Cargo
419301001,MT Sanmar Spirit,2017-01-27 00:32:00,13.24222,80.33465,0.7,84.2,Tanker
419301003,MT Coromandel King,2017-01-27 00:32:00,13.23875,80.33961,0.5,1.2,Tanker
419301006,MT Triton,2017-01-27 00:32:00,13.26576,80.30975,0,357.4,Tanker
419201002,MV APJ Kiran,2017-01-27 00:32:00,13.12216,80.50047,0.1,0.2,Cargo
419301007,MT Bay Tanker,2017-01-27 00:32:00,13.14997,80.46066,0,359.3,Tanker
538301001,MT Gulf Carrier,2017-01-27 00:32:00,13.0513,80.5502,0.2,357.3,Tanker
419301004,MT POL Voyager,2017-01-27 00:33:00,13.22149,80.41932,0.7,354.2,Tanker
419201004,MV Coastal Glory,2017-01-27 00:35:00,13.26171,80.31487,0.1,359.4,Cargo
419201007,MV Sakthi Pride,2017-01-27 00:36:00,13.2508,80.31871,0.2,357.9,Cargo
419301003,MT Coromandel King,2017-01-27 00:36:00,13.23722,80.34008,0,0.2,Tanker
419301006,MT Triton,2017-01-27 00:36:00,13.26427,80.3099,0,3.1,Tanker
419201001,MV Vishakha Star,2017-01-27 00:36:00,13.18055,80.46925,0,2.9,Cargo
419301002,MT Chennai Petro,2017-01-27 00:36:00,13.0822,80.53136,0.5,0.6,Tanker
419201006,MV KPL Carrier,2017-01-27 00:37:00,13.24788,80.32628,0,89.8,Cargo
419201002,MV APJ Kiran,2017-01-27 00:37:00,13.12195,80.49899,0.5,359.6,Cargo
419301007,MT Bay Tanker,2017-01-27 00:37:00,13.15034,80.4606,0,0.8,Tanker
538301001,MT Gulf Carrier,2017-01-27 00:37:00,13.05035,80.55096,0,359.8,Tanker
419201003,MV Ennore Express,2017-01-27 00:38:00,13.25578,80.31834,0.7,2.0,Cargo
419301001,MT Sanmar Spirit,2017-01-27 00:38:00,13.24203,80.33621,0,91.5,Tanker
419201007,MV Sakthi Pride,2017-01-27 00:40:00,13.2516,80.31939,0,358.6,Cargo
419301004,MT POL Voyager,2017-01-27 00:40:00,13.22383,80.42187,0.1,4.3,Tanker
419601004,Tug Ennore,2017-01-27 00:40:00,13.25093,80.30393,3.5,191.7,Tug
419201004,MV Coastal Glory,2017-01-27 00:41:00,13.2608,80.31475,0,1.5,Cargo
419201006,MV KPL Carrier,2017-01-27 00:41:00,13.24711,80.32513,0.4,88.5,Cargo
419301003,MT Coromandel King,2017-01-27 00:41:00,13.23764,80.33883,0,359.0,Tanker
419301006,MT Triton,2017-01-27 00:41:00,13.26489,80.31094,0.1,359.6,Tanker
419301002,MT Chennai Petro,2017-01-27 00:41:00,13.08051,80.52991,0,1.3,Tanker
419601001,Tug KPL-1,2017-01-27 00:42:00,13.21424,80.30381,4.2,32.1,Tug
419201003,MV Ennore Express,2017-01-27 00:43:00,13.25731,80.31944,0,1.8,Cargo
419301001,MT Sanmar Spirit,2017-01-27 00:43:00,13.2436,80.33645,0.1,91.1,Tanker
419201001,MV Vishakha Star,2017-01-27 00:43:00,13.18044,80.47062,0.2,0.7,Cargo
419201002,MV APJ Kiran,2017-01-27 00:43:00,13.12329,80.50152,0.7,3.5,Cargo
419601003,Pilot KPL,2017-01-27 00:43:00,13.26696,80.29852,3.9,314.7,Tug
419201007,MV Sakthi Pride,2017-01-27 00:44:00,13.25266,80.31881,0.2,1.6,Cargo
419301007,MT Bay Tanker,2017-01-27 00:44:00,13.14793,80.4591,0.1,0.4,Tanker
538301001,MT Gulf Carrier,2017-01-27 00:44:00,13.05064,80.55025,0.4,0.6,Tanker
419601002,Tug KPL-2,2017-01-27 00:44:00,13.22311,80.31976,4.4,309.0,Tug
419201004,MV Coastal Glory,2017-01-27 00:45:00,13.26298,80.31462,0,0.1,Cargo
419301006,MT Triton,2017-01-27 00:45:00,13.26527,80.31046,0,359.9,Tanker
419201006,MV KPL Carrier,2017-01-27 00:46:00,13.24811,80.32608,0,91.0,Cargo
419301003,MT Coromandel King,2017-01-27 00:46:00,13.23919,80.33947,0,0.5,Tanker
419301004,MT POL Voyager,2017-01-27 00:46:00,13.22228,80.42074,0.2,3.3,Tanker
419301001,MT Sanmar Spirit,2017-01-27 00:47:00,13.24426,80.33689,0.5,91.1,Tanker
419301002,MT Chennai Petro,2017-01-27 00:47:00,13.08089,80.52993,0,354.8,Tanker
419201007,MV Sakthi Pride,2017-01-27 00:48:00,13.25247,80.31851,0.2,0.7,Cargo
419201001,MV Vishakha Star,2017-01-27 00:48:00,13.18241,80.46983,0.0,356.3,Cargo
419201003,MV Ennore Express,2017-01-27 00:49:00,13.25434,80.31877,0.2,356.4,Cargo
419201004,MV Coastal Glory,2017-01-27 00:49:00,13.26157,80.31618,0,3.8,Cargo
419201002,MV APJ Kiran,2017-01-27 00:49:00,13.12064,80.50146,0.2,359.6,Cargo
419301007,MT Bay Tanker,2017-01-27 00:50:00,13.14891,80.45997,0,360.0,Tanker
419301003,MT Coromandel King,2017-01-27 00:51:00,13.238,80.34035,0.7,358.6,Tanker
419301006,MT Triton,2017-01-27 00:51:00,13.26419,80.3109,0.1,355.7,Tanker
538301001,MT Gulf Carrier,2017-01-27 00:51:00,13.05105,80.55077,0.4,0.6,Tanker
419201006,MV KPL Carrier,2017-01-27 00:52:00,13.24893,80.32578,0.6,94.1,Cargo
419201007,MV Sakthi Pride,2017-01-27 00:52:00,13.25202,80.31865,0,359.6,Cargo
419301001,MT Sanmar Spirit,2017-01-27 00:52:00,13.24443,80.33703,0.4,91.0,Tanker
419301004,MT POL Voyager,2017-01-27 00:52:00,13.22161,80.42069,0.0,1.6,Tanker
419201010,MV KPL Vishal,2017-01-27 00:52:00,12.39881,82.39912,13.6,289.5,Cargo
419201003,MV Ennore Express,2017-01-27 00:53:00,13.25733,80.32147,0,0.7,Cargo
419201004,MV Coastal Glory,2017-01-27 00:53:00,13.26403,80.31375,0.3,2.4,Cargo
419201002,MV APJ Kiran,2017-01-27 00:54:00,13.12249,80.50124,0,1.8,Cargo
419301002,MT Chennai Petro,2017-01-27 00:54:00,13.08234,80.53096,0.7,1.9,Tanker
419301006,MT Triton,2017-01-27 00:55:00,13.26576,80.30969,0,358.3,Tanker
419201001,MV Vishakha Star,2017-01-27 00:55:00,13.18053,80.46839,0.7,4.8,Cargo
419301007,MT Bay Tanker,2017-01-27 00:55:00,13.15083,80.45889,0,359.7,Tanker
419201007,MV Sakthi Pride,2017-01-27 00:56:00,13.25035,80.31982,0.1,357.6,Cargo
419301001,MT Sanmar Spirit,2017-01-27 00:56:00,13.24494,80.33731,0,90.5,Tanker
538301001,MT Gulf Carrier,2017-01-27 00:56:00,13.0511,80.55057,0.1,358.4,Tanker
419201006,MV KPL Carrier,2017-01-27 00:57:00,13.24714,80.32558,0.1,90.6,Cargo
419301003,MT Coromandel King,2017-01-27 00:57:00,13.23731,80.34019,0.2,0.1,Tanker
419301004,MT POL Voyager,2017-01-27 00:57:00,13.22065,80.41988,0.5,4.3,Tanker
419201004,MV Coastal Glory,2017-01-27 00:58:00,13.26339,80.31497,0.6,356.2,Cargo
419201010,MV KPL Vishal,2017-01-27 00:58:00,12.40976,82.37305,13.3,292.7,Cargo
419201003,MV Ennore Express,2017-01-27 00:59:00,13.25736,80.32015,0.5,356.8,Cargo
419301001,MT Sanmar Spirit,2017-01-27 01:00:00,13.24368,80.33875,0,91.9,Tanker
419301006,MT Triton,2017-01-27 01:00:00,13.26484,80.3093,0,2.9,Tanker
419201007,MV Sakthi Pride,2017-01-27 01:01:00,13.25107,80.31769,0.3,359.2,Cargo
419201001,MV Vishakha Star,2017-01-27 01:01:00,13.18164,80.46871,0.1,356.6,Cargo
419201002,MV APJ Kiran,2017-01-27 01:01:00,13.12255,80.49951,0.1,2.2,Cargo
419301002,MT Chennai Petro,2017-01-27 01:01:00,13.08246,80.52988,0.3,359.7,Tanker
419601003,Pilot KPL,2017-01-27 01:01:00,13.25983,80.31975,4.2,292.4,Tug
419201006,MV KPL Carrier,2017-01-27 01:02:00,13.24967,80.32671,0.3,89.7,Cargo
419301007,MT Bay Tanker,2017-01-27 01:02:00,13.15078,80.4597,0.2,1.5,Tanker
538301001,MT Gulf Carrier,2017-01-27 01:02:00,13.05161,80.54954,0.1,359.5,Tanker
419201004,MV Coastal Glory,2017-01-27 01:03:00,13.26309,80.31469,0.4,0.8,Cargo
419301003,MT Coromandel King,2017-01-27 01:03:00,13.23893,80.33967,0,359.5,Tanker
419601001,Tug KPL-1,2017-01-27 01:03:00,13.24714,80.30896,4.7,250.0,Tug
419601004,Tug Ennore,2017-01-27 01:03:00,13.26649,80.2688,3.9,264.5,Tug
419201003,MV Ennore Express,2017-01-27 01:04:00,13.25607,80.31798,0.0,4.0,Cargo
419301004,MT POL Voyager,2017-01-27 01:04:00,13.22277,80.42097,0.3,0.3,Tanker
419201010,MV KPL Vishal,2017-01-27 01:04:00,12.42116,82.34385,13.2,291.0,Cargo
419601002,Tug KPL-2,2017-01-27 01:04:00,13.25814,80.3157,3.7,274.5,Tug
419301001,MT Sanmar Spirit,2017-01-27 01:05:00,13.24387,80.33695,0.3,89.2,Tanker
419201007,MV Sakthi Pride,2017-01-27 01:06:00,13.25227,80.31813,0.0,357.7,Cargo
419301006,MT Triton,2017-01-27 01:06:00,13.26438,80.31007,0,359.5,Tanker
419201006,MV KPL Carrier,2017-01-27 01:07:00,13.24723,80.32678,0,89.2,Cargo
419301003,MT Coromandel King,2017-01-27 01:07:00,13.23953,80.34015,0.3,3.2,Tanker
419301002,MT Chennai Petro,2017-01-27 01:07:00,13.0811,80.52885,0.1,0.7,Tanker
419201004,MV Coastal Glory,2017-01-27 01:08:00,13.26314,80.3143,0,359.9,Cargo
419201001,MV Vishakha Star,2017-01-27 01:08:00,13.18154,80.46956,0.3,0.9,Cargo
419201002,MV APJ Kiran,2017-01-27 01:08:00,13.12312,80.50069,0.3,359.6,Cargo
419301004,MT POL Voyager,2017-01-27 01:09:00,13.22146,80.41933,0,1.6,Tanker
419301007,MT Bay Tanker,2017-01-27 01:09:00,13.14867,80.46009,0,358.2,Tanker
538301001,MT Gulf Carrier,2017-01-27 01:09:00,13.05358,80.5495,0.1,2.5,Tanker
419201003,MV Ennore Express,2017-01-27 01:10:00,13.25654,80.32107,0.4,0.0,Cargo
419201007,MV Sakthi Pride,2017-01-27 01:10:00,13.25284,80.31898,0,2.2,Cargo
419301006,MT Triton,2017-01-27 01:10:00,13.26524,80.30989,0.2,0.9,Tanker
419301001,MT Sanmar Spirit,2017-01-27 01:11:00,13.24343,80.33775,0,93.2,Tanker
419201004,MV Coastal Glory,2017-01-27 01:12:00,13.26378,80.31502,0.3,359.4,Cargo
419201006,MV KPL Carrier,2017-01-27 01:13:00,13.24769,80.32677,0.0,85.5,Cargo
419301003,MT Coromandel King,2017-01-27 01:13:00,13.23971,80.33985,0.2,4.5,Tanker
419201001,MV Vishakha Star,2017-01-27 01:13:00,13.18239,80.47013,0,0.3,Cargo
419301002,MT Chennai Petro,2017-01-27 01:13:00,13.07916,80.53004,0.4,359.3,Tanker
419201010,MV KPL Vishal,2017-01-27 01:13:00,12.42925,82.31561,13.3,289.5,Cargo
419201003,MV Ennore Express,2017-01-27 01:14:00,13.25678,80.31825,0.5,357.2,Cargo
419301006,MT Triton,2017-01-27 01:14:00,13.26633,80.30947,0,1.6,Tanker
419201007,MV Sakthi Pride,2017-01-27 01:15:00,13.25305,80.31822,0.2,358.3,Cargo
419201002,MV APJ Kiran,2017-01-27 01:15:00,13.1239,80.50061,0.2,358.3,Cargo
538301001,MT Gulf Carrier,2017-01-27 01:15:00,13.05202,80.54997,0.2,1.4,Tanker
419201004,MV Coastal Glory,2017-01-27 01:16:00,13.26377,80.31427,0.1,358.2,Cargo
419301004,MT POL Voyager,2017-01-27 01:16:00,13.22204,80.41843,0,3.5,Tanker
419301007,MT Bay Tanker,2017-01-27 01:16:00,13.14987,80.45919,0.3,1.2,Tanker
419301001,MT Sanmar Spirit,2017-01-27 01:17:00,13.24432,80.33644,0.5,88.6,Tanker
419301006,MT Triton,2017-01-27 01:18:00,13.266,80.31104,0.1,357.9,Tanker
419601004,Tug Ennore,2017-01-27 01:18:00,13.29202,80.25592,3.9,239.9,Tug
419201003,MV Ennore Express,2017-01-27 01:19:00,13.25605,80.31955,0,359.8,Cargo
419201006,MV KPL Carrier,2017-01-27 01:19:00,13.24752,80.32764,0.3,93.0,Cargo
419201007,MV Sakthi Pride,2017-01-27 01:19:00,13.25152,80.31796,0.0,356.6,Cargo
419301003,MT Coromandel King,2017-01-27 01:19:00,13.23942,80.34083,0,1.3,Tanker
419201001,MV Vishakha Star,2017-01-27 01:19:00,13.18225,80.46953,0.2,0.1,Cargo
419301002,MT Chennai Petro,2017-01-27 01:19:00,13.08226,80.53027,0,0.9,Tanker
419201010,MV KPL Vishal,2017-01-27 01:19:00,12.4399,82.28737,12.9,288.8,Cargo
419601001,Tug KPL-1,2017-01-27 01:19:00,13.24509,80.27436,4.7,182.6,Tug
419601003,Pilot KPL,2017-01-27 01:19:00,13.26626,80.31196,4.3,329.4,Tug
419301001,MT Sanmar Spirit,2017-01-27 01:21:00,13.24524,80.33771,0.1,92.9,Tanker
419201002,MV APJ Kiran,2017-01-27 01:21:00,13.12306,80.49905,0,0.2,Cargo
419301004,MT POL Voyager,2017-01-27 01:21:00,13.22245,80.41994,0,0.8,Tanker
419301007,MT Bay Tanker,2017-01-27 01:21:00,13.14916,80.45981,0.2,0.8,Tanker
419201004,MV Coastal Glory,2017-01-27 01:22:00,13.26377,80.31591,0,359.4,Cargo
538301001,MT Gulf Carrier,2017-01-27 01:22:00,13.05146,80.5493,0,359.8,Tanker
419601002,Tug KPL-2,2017-01-27 01:22:00,13.26189,80.32243,4.5,275.4,Tug
419201003,MV Ennore Express,2017-01-27 01:23:00,13.25583,80.3194,0,357.6,Cargo
419201006,MV KPL Carrier,2017-01-27 01:24:00,13.24697,80.32841,0.0,90.6,Cargo
419301003,MT Coromandel King,2017-01-27 01:24:00,13.23851,80.34078,0.3,4.1,Tanker
419301006,MT Triton,2017-01-27 01:24:00,13.26487,80.30948,0,1.1,Tanker
419201001,MV Vishakha Star,2017-01-27 01:24:00,13.18227,80.46947,0,359.6,Cargo
419201007,MV Sakthi Pride,2017-01-27 01:25:00,13.25359,80.31648,0,4.3,Cargo
419201010,MV KPL Vishal,2017-01-27 01:25:00,12.44956,82.25872,13.4,291.8,Cargo
419301001,MT Sanmar Spirit,2017-01-27 01:26:00,13.24482,80.3374,0,93.7,Tanker
419201002,MV APJ Kiran,2017-01-27 01:26:00,13.12497,80.50091,0,358.6,Cargo
419301002,MT Chennai Petro,2017-01-27 01:26:00,13.08341,80.53009,0.4,1.1,Tanker
419201004,MV Coastal Glory,2017-01-27 01:28:00,13.2644,80.3153,0,1.4,Cargo
419301006,MT Triton,2017-01-27 01:28:00,13.26428,80.30941,0,1.0,Tanker
419301004,MT POL Voyager,2017-01-27 01:28:00,13.22288,80.41916,0,355.7,Tanker
419301007,MT Bay Tanker,2017-01-27 01:28:00,13.15036,80.46016,0,2.2,Tanker
538301001,MT Gulf Carrier,2017-01-27 01:28:00,13.05257,80.55056,0.7,2.9,Tanker
419201003,MV Ennore Express,2017-01-27 01:29:00,13.25761,80.32025,0.5,357.9,Cargo
419301003,MT Coromandel King,2017-01-27 01:29:00,13.2392,80.33869,0,4.0,Tanker
419201001,MV Vishakha Star,2017-01-27 01:29:00,13.18509,80.4691,0.1,1.0,Cargo
419201006,MV KPL Carrier,2017-01-27 01:30:00,13.24772,80.32699,0,91.6,Cargo
419201007,MV Sakthi Pride,2017-01-27 01:30:00,13.25167,80.31686,0,356.2,Cargo
419301001,MT Sanmar Spirit,2017-01-27 01:31:00,13.24319,80.33969,0.2,88.4,Tanker
419201010,MV KPL Vishal,2017-01-27 01:31:00,12.45945,82.23113,12.8,288.8,Cargo
419201004,MV Coastal Glory,2017-01-27 01:32:00,13.26556,80.31259,0.3,359.7,Cargo
419301006,MT Triton,2017-01-27 01:32:00,13.26643,80.30998,0,358.1,Tanker
419301002,MT Chennai Petro,2017-01-27 01:32:00,13.08374,80.52982,0,358.7,Tanker
419201003,MV Ennore Express,2017-01-27 01:33:00,13.25684,80.32048,0.0,1.5,Cargo
419301003,MT Coromandel King,2017-01-27 01:33:00,13.24012,80.33986,0.6,2.9,Tanker
419201002,MV APJ Kiran,2017-01-27 01:33:00,13.12424,80.49936,0.4,0.9,Cargo
419301004,MT POL Voyager,2017-01-27 01:33:00,13.22158,80.42043,0.4,3.1,Tanker
419301007,MT Bay Tanker,2017-01-27 01:34:00,13.15009,80.45953,0,358.8,Tanker
419201006,MV KPL Carrier,2017-01-27 01:35:00,13.24918,80.32888,0,89.6,Cargo
419201007,MV Sakthi Pride,2017-01-27 01:35:00,13.25064,80.31834,0,357.9,Cargo
419201001,MV Vishakha Star,2017-01-27 01:35:00,13.18298,80.46961,0.2,358.2,Cargo
538301001,MT Gulf Carrier,2017-01-27 01:35:00,13.0539,80.55201,0.2,1.9,Tanker
419201004,MV Coastal Glory,2017-01-27 01:36:00,13.26633,80.31592,0.2,1.5,Cargo
419301001,MT Sanmar Spirit,2017-01-27 01:37:00,13.24323,80.33873,0,86.9,Tanker
419301003,MT Coromandel King,2017-01-27 01:37:00,13.23921,80.33956,0,1.7,Tanker
419201003,MV Ennore Express,2017-01-27 01:38:00,13.25812,80.3215,0.6,357.1,Cargo
419301006,MT Triton,2017-01-27 01:38:00,13.26503,80.30906,0,359.6,Tanker
419301002,MT Chennai Petro,2017-01-27 01:38:00,13.08219,80.52991,0.5,357.6,Tanker
419601001,Tug KPL-1,2017-01-27 01:38:00,13.22314,80.32154,4.1,135.5,Tug
419201002,MV APJ Kiran,2017-01-27 01:39:00,13.1254,80.50049,0.2,357.7,Cargo
419201010,MV KPL Vishal,2017-01-27 01:39:00,12.47043,82.2025,13.1,290.1,Cargo
419601003,Pilot KPL,2017-01-27 01:39:00,13.26966,80.30971,3.7,216.9,Tug
419201007,MV Sakthi Pride,2017-01-27 01:40:00,13.25126,80.31823,0.2,0.1,Cargo
419201001,MV Vishakha Star,2017-01-27 01:40:00,13.18397,80.47038,0.0,359.3,Cargo
419301004,MT POL Voyager,2017-01-27 01:40:00,13.22306,80.41983,0.3,358.6,Tanker
419601002,Tug KPL-2,2017-01-27 01:40:00,13.22545,80.31656,4.6,178.4,Tug
419601004,Tug Ennore,2017-01-27 01:40:00,13.25463,80.28353,4.7,336.4,Tug
419201004,MV Coastal Glory,2017-01-27 01:41:00,13.26477,80.31687,0.6,359.3,Cargo
419201006,MV KPL Carrier,2017-01-27 01:41:00,13.24974,80.3275,0.2,88.1,Cargo
419301003,MT Coromandel King,2017-01-27 01:41:00,13.24059,80.33972,0,357.4,Tanker
419301007,MT Bay Tanker,2017-01-27 01:41:00,13.15111,80.46125,0,358.4,Tanker
419201003,MV Ennore Express,2017-01-27 01:42:00,13.25876,80.31982,0.2,358.9,Cargo
538301001,MT Gulf Carrier,2017-01-27 01:42:00,13.05305,80.54878,0.6,358.7,Tanker
419301001,MT Sanmar Spirit,2017-01-27 01:43:00,13.24288,80.33954,0.2,90.3,Tanker
419301006,MT Triton,2017-01-27 01:43:00,13.26521,80.30893,0.2,357.6,Tanker
419301002,MT Chennai Petro,2017-01-27 01:43:00,13.08419,80.53163,0,359.3,Tanker
419201002,MV APJ Kiran,2017-01-27 01:44:00,13.12638,80.49976,0.5,359.3,Cargo
419201004,MV Coastal Glory,2017-01-27 01:45:00,13.26559,80.31432,0.3,3.1,Cargo
419301004,MT POL Voyager,2017-01-27 01:45:00,13.22204,80.41953,0.0,4.2,Tanker
419201007,MV Sakthi Pride,2017-01-27 01:46:00,13.25087,80.31698,0.3,1.1,Cargo
419301003,MT Coromandel King,2017-01-27 01:46:00,13.24035,80.33864,0.2,358.0,Tanker
419201006,MV KPL Carrier,2017-01-27 01:47:00,13.24901,80.32597,0.4,94.8,Cargo
419201001,MV Vishakha Star,2017-01-27 01:47:00,13.18256,80.46898,0,355.9,Cargo
419301007,MT Bay Tanker,2017-01-27 01:47:00,13.14902,80.45858,0,0.0,Tanker
419201003,MV Ennore Express,2017-01-27 01:48:00,13.25688,80.31965,0,0.8,Cargo
419301001,MT Sanmar Spirit,2017-01-27 01:48:00,13.24415,80.33997,0,90.4,Tanker
419301006,MT Triton,2017-01-27 01:48:00,13.26614,80.30987,0.1,2.2,Tanker
419201010,MV KPL Vishal,2017-01-27 01:48:00,12.48122,82.17398,13.5,293.1,Cargo
419201002,MV APJ Kiran,2017-01-27 01:49:00,13.12519,80.49941,0.3,2.1,Cargo
419301002,MT Chennai Petro,2017-01-27 01:49:00,13.08254,80.53144,0,0.8,Tanker
538301001,MT Gulf Carrier,2017-01-27 01:49:00,13.05328,80.5486,0,359.2,Tanker
419201004,MV Coastal Glory,2017-01-27 01:50:00,13.26533,80.31537,0.5,2.0,Cargo
419201007,MV Sakthi Pride,2017-01-27 01:50:00,13.25067,80.31808,0,0.8,Cargo
419301004,MT POL Voyager,2017-01-27 01:51:00,13.2233,80.41936,0.4,0.0,Tanker
419201003,MV Ennore Express,2017-01-27 01:52:00,13.25902,80.31966,0,1.2,Cargo
419301003,MT Coromandel King,2017-01-27 01:52:00,13.24068,80.33957,0.2,359.9,Tanker
419301006,MT Triton,2017-01-27 01:52:00,13.26349,80.31003,0,0.8,Tanker
419201006,MV KPL Carrier,2017-01-27 01:53:00,13.24817,80.32684,0,92.2,Cargo
419201001,MV Vishakha Star,2017-01-27 01:53:00,13.18313,80.46979,0.0,359.1,Cargo
419201004,MV Coastal Glory,2017-01-27 01:54:00,13.26765,80.31531,0,357.4,Cargo
419301001,MT Sanmar Spirit,2017-01-27 01:54:00,13.24428,80.33949,0.4,87.8,Tanker
419301007,MT Bay Tanker,2017-01-27 01:54:00,13.15136,80.45905,0,359.2,Tanker
419201010,MV KPL Vishal,2017-01-27 01:54:00,12.49035,82.14622,13.3,289.1,Cargo
538301001,MT Gulf Carrier,2017-01-27 01:55:00,13.05191,80.55072,0,3.1,Tanker
419201007,MV Sakthi Pride,2017-01-27 01:56:00,13.25093,80.31776,0,357.4,Cargo
419201002,MV APJ Kiran,2017-01-27 01:56:00,13.12472,80.49908,0.2,0.9,Cargo
419301002,MT Chennai Petro,2017-01-27 01:56:00,13.08291,80.52952,0.1,1.0,Tanker
419601001,Tug KPL-1,2017-01-27 01:56:00,13.24993,80.29767,4.5,268.0,Tug
419601002,Tug KPL-2,2017-01-27 01:56:00,13.22975,80.28996,3.9,233.8,Tug
419201006,MV KPL Carrier,2017-01-27 01:57:00,13.24813,80.32822,0,87.9,Cargo
419301003,MT Coromandel King,2017-01-27 01:57:00,13.23973,80.33831,0.1,355.3,Tanker
419301006,MT Triton,2017-01-27 01:57:00,13.26546,80.30827,0.0,2.5,Tanker
419201003,MV Ennore Express,2017-01-27 01:58:00,13.25935,80.31949,0.3,359.1,Cargo
419201004,MV Coastal Glory,2017-01-27 01:58:00,13.2664,80.3143,0.5,358.9,Cargo
419301004,MT POL Voyager,2017-01-27 01:58:00,13.22384,80.42093,0,359.8,Tanker
419201001,MV Vishakha Star,2017-01-27 01:59:00,13.18337,80.47039,0.5,0.8,Cargo
419201007,MV Sakthi Pride,2017-01-27 02:00:00,13.252,80.31915,0.1,2.7,Cargo
419301001,MT Sanmar Spirit,2017-01-27 02:00:00,13.24338,80.34094,0.3,91.7,Tanker
538301001,MT Gulf Carrier,2017-01-27 02:00:00,13.05314,80.54928,0.2,360.0,Tanker
419201010,MV KPL Vishal,2017-01-27 02:00:00,12.50185,82.1164,13.1,290.5,Cargo
419201006,MV KPL Carrier,2017-01-27 02:01:00,13.2493,80.32743,0.1,91.1,Cargo
419301006,MT Triton,2017-01-27 02:01:00,13.2638,80.30971,0.1,358.0,Tanker
419301007,MT Bay Tanker,2017-01-27 02:01:00,13.15,80.45988,0,357.4,Tanker
419201003,MV Ennore Express,2017-01-27 02:02:00,13.25838,80.3221,0.4,2.0,Cargo
419301003,MT Coromandel King,2017-01-27 02:02:00,13.23991,80.3408,0,359.7,Tanker
419201002,MV APJ Kiran,2017-01-27 02:02:00,13.12622,80.49887,0.6,356.9,Cargo
419301002,MT Chennai Petro,2017-01-27 02:02:00,13.08193,80.52931,0,359.6,Tanker
419601003,Pilot KPL,2017-01-27 02:02:00,13.26986,80.32499,4.8,17.8,Tug
419601004,Tug Ennore,2017-01-27 02:03:00,13.24442,80.29335,4.2,213.5,Tug
419201004,MV Coastal Glory,2017-01-27 02:04:00,13.26701,80.31409,0.6,358.1,Cargo
419301001,MT Sanmar Spirit,2017-01-27 02:04:00,13.24413,80.34221,0,93.6,Tanker
419201001,MV Vishakha Star,2017-01-27 02:04:00,13.18206,80.47168,0.3,1.1,Cargo
419201006,MV KPL Carrier,2017-01-27 02:05:00,13.24723,80.32892,0.2,88.7,Cargo
419201007,MV Sakthi Pride,2017-01-27 02:05:00,13.25268,80.31689,0.1,359.0,Cargo
419301004,MT POL Voyager,2017-01-27 02:05:00,13.22352,80.4183,0,1.1,Tanker
419301003,MT Coromandel King,2017-01-27 02:06:00,13.24207,80.33881,0.7,0.4,Tanker
419301006,MT Triton,2017-01-27 02:07:00,13.26563,80.31122,0.0,5.1,Tanker
419201002,MV APJ Kiran,2017-01-27 02:07:00,13.12669,80.50124,0.2,359.5,Cargo
419301002,MT Chennai Petro,2017-01-27 02:07:00,13.08328,80.52838,0.2,358.7,Tanker
538301001,MT Gulf Carrier,2017-01-27 02:07:00,13.05281,80.55177,0.5,358.1,Tanker
419201003,MV Ennore Express,2017-01-27 02:08:00,13.25896,80.32002,0.4,1.6,Cargo
419201004,MV Coastal Glory,2017-01-27 02:08:00,13.26622,80.3161,0,358.3,Cargo
419301001,MT Sanmar Spirit,2017-01-27 02:08:00,13.24462,80.3405,0.0,89.4,Tanker
419301007,MT Bay Tanker,2017-01-27 02:08:00,13.15102,80.46065,0,0.5,Tanker
419201007,MV Sakthi Pride,2017-01-27 02:10:00,13.25048,80.31709,0.4,359.0,Cargo
419201001,MV Vishakha Star,2017-01-27 02:10:00,13.18354,80.47111,0.1,358.2,Cargo
419201010,MV KPL Vishal,2017-01-27 02:10:00,12.51035,82.08881,13.3,288.9,Cargo
419201006,MV KPL Carrier,2017-01-27 02:11:00,13.24715,80.32828,0,91.7,Cargo
419301003,MT Coromandel King,2017-01-27 02:11:00,13.2411,80.33949,0,2.4,Tanker
419301002,MT Chennai Petro,2017-01-27 02:12:00,13.08412,80.52992,0.1,359.7,Tanker
419301004,MT POL Voyager,2017-01-27 02:12:00,13.22459,80.41895,0,1.7,Tanker
538301001,MT Gulf Carrier,2017-01-27 02:12:00,13.05506,80.5498,0.4,1.4,Tanker
419301006,MT Triton,2017-01-27 02:13:00,13.26612,80.31109,0.0,2.6,Tanker
419201002,MV APJ Kiran,2017-01-27 02:13:00,13.12646,80.50034,0,0.1,Cargo
419301007,MT Bay Tanker,2017-01-27 02:13:00,13.15029,80.46006,0.3,1.7,Tanker
419201003,MV Ennore Express,2017-01-27 02:14:00,13.25921,80.32003,0.2,6.0,Cargo
419201004,MV Coastal Glory,2017-01-27 02:14:00,13.26843,80.31449,0.0,0.0,Cargo
419301001,MT Sanmar Spirit,2017-01-27 02:14:00,13.2439,80.34183,0.1,88.8,Tanker
419201006,MV KPL Carrier,2017-01-27 02:15:00,13.24736,80.3296,0,86.7,Cargo
419201007,MV Sakthi Pride,2017-01-27 02:15:00,13.25013,80.31868,0,1.1,Cargo
419301003,MT Coromandel King,2017-01-27 02:15:00,13.24102,80.34053,0.1,359.1,Tanker
419201001,MV Vishakha Star,2017-01-27 02:17:00,13.18416,80.46865,0.5,357.4,Cargo
419301002,MT Chennai Petro,2017-01-27 02:17:00,13.08331,80.5301,0.0,0.6,Tanker
419301004,MT POL Voyager,2017-01-27 02:17:00,13.22249,80.41937,0,1.6,Tanker
538301001,MT Gulf Carrier,2017-01-27 02:17:00,13.0526,80.55105,0.4,0.1,Tanker
419201010,MV KPL Vishal,2017-01-27 02:17:00,12.52091,82.06068,13.2,286.5,Cargo
419201002,MV APJ Kiran,2017-01-27 02:18:00,13.12842,80.50072,0.6,2.8,Cargo
419601004,Tug Ennore,2017-01-27 02:18:00,13.26608,80.28305,4.9,346.8,Tug
419201004,MV Coastal Glory,2017-01-27 02:19:00,13.26719,80.3143,0.5,357.7,Cargo
419301006,MT Triton,2017-01-27 02:19:00,13.26511,80.31012,0.2,359.3,Tanker
419201003,MV Ennore Express,2017-01-27 02:20:00,13.25973,80.32064,0.6,356.5,Cargo
419201007,MV Sakthi Pride,2017-01-27 02:20:00,13.25247,80.31786,0.0,0.7,Cargo
419301001,MT Sanmar Spirit,2017-01-27 02:20:00,13.24352,80.34208,0,90.8,Tanker
419301007,MT Bay Tanker,2017-01-27 02:20:00,13.15001,80.459,0.5,1.0,Tanker
419201006,MV KPL Carrier,2017-01-27 02:21:00,13.24798,80.32924,0.1,90.5,Cargo
419301003,MT Coromandel King,2017-01-27 02:21:00,13.24032,80.33933,0.2,359.6,Tanker
419601002,Tug KPL-2,2017-01-27 02:21:00,13.25434,80.32801,3.2,357.7,Tug
419201001,MV Vishakha Star,2017-01-27 02:22:00,13.1832,80.46924,0.2,358.1,Cargo
419301004,MT POL Voyager,2017-01-27 02:22:00,13.22418,80.41921,0.4,1.9,Tanker
419601001,Tug KPL-1,2017-01-27 02:22:00,13.26236,80.29844,4.4,198.6,Tug
419601003,Pilot KPL,2017-01-27 02:23:00,13.23668,80.32549,4.1,111.0,Tug
419201004,MV Coastal Glory,2017-01-27 02:24:00,13.2674,80.31548,0.0,358.9,Cargo
419201002,MV APJ Kiran,2017-01-27 02:24:00,13.1279,80.4991,0,1.4,Cargo
419301002,MT Chennai Petro,2017-01-27 02:24:00,13.08295,80.5306,0,356.3,Tanker
538301001,MT Gulf Carrier,2017-01-27 02:24:00,13.05311,80.55086,0.2,1.9,Tanker
419201007,MV Sakthi Pride,2017-01-27 02:25:00,13.25425,80.31851,0,1.4,Cargo
419301003,MT Coromandel King,2017-01-27 02:25:00,13.24222,80.33912,0,357.8,Tanker
419301006,MT Triton,2017-01-27 02:25:00,13.26576,80.31125,0.5,359.5,Tanker
419201003,MV Ennore Express,2017-01-27 02:26:00,13.2593,80.31888,0.3,357.6,Cargo
419201006,MV KPL Carrier,2017-01-27 02:26:00,13.24926,80.32831,0,88.9,Cargo
419301001,MT Sanmar Spirit,2017-01-27 02:26:00,13.24312,80.34247,0,89.2,Tanker
419301007,MT Bay Tanker,2017-01-27 02:26:00,13.14953,80.45946,0,358.5,Tanker
419201010,MV KPL Vishal,2017-01-27 02:27:00,12.53115,82.0329,13.0,288.7,Cargo
419201001,MV Vishakha Star,2017-01-27 02:28:00,13.1832,80.46986,0.3,1.4,Cargo
419201007,MV Sakthi Pride,2017-01-27 02:29:00,13.25349,80.31779,0.4,0.9,Cargo
419301006,MT Triton,2017-01-27 02:29:00,13.26405,80.30937,0,0.8,Tanker
419301004,MT POL Voyager,2017-01-27 02:29:00,13.2239,80.41946,0.3,359.5,Tanker
419201004,MV Coastal Glory,2017-01-27 02:30:00,13.26652,80.31571,0.2,357.4,Cargo
419301003,MT Coromandel King,2017-01-27 02:30:00,13.24197,80.3404,0.0,358.6,Tanker
419201002,MV APJ Kiran,2017-01-27 02:30:00,13.12669,80.50152,0,358.6,Cargo
538301001,MT Gulf Carrier,2017-01-27 02:30:00,13.05437,80.5522,0.2,358.0,Tanker
419201003,MV Ennore Express,2017-01-27 02:31:00,13.25874,80.31844,0,2.3,Cargo
419201006,MV KPL Carrier,2017-01-27 02:31:00,13.24724,80.32876,0.3,88.0,Cargo
419301001,MT Sanmar Spirit,2017-01-27 02:31:00,13.24273,80.34176,0,89.1,Tanker
419301002,MT Chennai Petro,2017-01-27 02:31:00,13.08383,80.53013,0.1,0.8,Tanker
419301006,MT Triton,2017-01-27 02:33:00,13.26492,80.31022,0,0.1,Tanker
419301007,MT Bay Tanker,2017-01-27 02:33:00,13.15074,80.45952,0.2,357.9,Tanker
419201005,MV Eastern Star,2017-01-27 02:33:00,12.04988,83.19965,14.1,282.4,Cargo
419201007,MV Sakthi Pride,2017-01-27 02:35:00,13.25288,80.3186,0.0,1.0,Cargo
419301003,MT Coromandel King,2017-01-27 02:35:00,13.24054,80.33969,0.1,358.5,Tanker
419201001,MV Vishakha Star,2017-01-27 02:35:00,13.18377,80.46936,0.2,357.2,Cargo
419201002,MV APJ Kiran,2017-01-27 02:35:00,13.12895,80.50018,0.2,359.4,Cargo
419201010,MV KPL Vishal,2017-01-27 02:35:00,12.54044,82.00574,13.0,287.3,Cargo
419201004,MV Coastal Glory,2017-01-27 02:36:00,13.2697,80.31476,0.3,358.7,Cargo
419301001,MT Sanmar Spirit,2017-01-27 02:36:00,13.24529,80.34179,0.5,85.0,Tanker
419301004,MT POL Voyager,2017-01-27 02:36:00,13.22432,80.41952,0,0.4,Tanker
538301001,MT Gulf Carrier,2017-01-27 02:36:00,13.05397,80.55012,0,1.8,Tanker
419601001,Tug KPL-1,2017-01-27 02:36:00,13.23519,80.30409,3.7,101.8,Tug
419601002,Tug KPL-2,2017-01-27 02:36:00,13.2316,80.25841,3.8,182.7,Tug
419201003,MV Ennore Express,2017-01-27 02:37:00,13.25862,80.32046,0.2,2.9,Cargo
419201006,MV KPL Carrier,2017-01-27 02:37:00,13.24676,80.33058,0,91.5,Cargo
419601004,Tug Ennore,2017-01-27 02:37:00,13.26542,80.28646,4.1,85.1,Tug
419301002,MT Chennai Petro,2017-01-27 02:38:00,13.08318,80.53146,0.3,0.1,Tanker
419301006,MT Triton,2017-01-27 02:39:00,13.26416,80.30949,0.4,0.7,Tanker
419201007,MV Sakthi Pride,2017-01-27 02:40:00,13.25371,80.31724,0.1,359.9,Cargo
419301001,MT Sanmar Spirit,2017-01-27 02:40:00,13.24238,80.34318,0.4,88.6,Tanker
419301007,MT Bay Tanker,2017-01-27 02:40:00,13.14997,80.46094,0,2.2,Tanker
419201005,MV Eastern Star,2017-01-27 02:40:00,12.05985,83.1706,13.7,286.5,Cargo
419201003,MV Ennore Express,2017-01-27 02:41:00,13.26026,80.31988,0.3,6.1,Cargo
419301003,MT Coromandel King,2017-01-27 02:41:00,13.24079,80.33981,0.1,359.3,Tanker
538301001,MT Gulf Carrier,2017-01-27 02:41:00,13.05433,80.55001,0.1,359.1,Tanker
419201010,MV KPL Vishal,2017-01-27 02:41:00,12.55125,81.97797,12.9,290.5,Cargo
419201004,MV Coastal Glory,2017-01-27 02:42:00,13.26794,80.31346,0.1,3.5,Cargo
419201006,MV KPL Carrier,2017-01-27 02:42:00,13.24764,80.3305,0,90.7,Cargo
419201001,MV Vishakha Star,2017-01-27 02:42:00,13.18434,80.46797,0.6,359.3,Cargo
419201002,MV APJ Kiran,2017-01-27 02:42:00,13.12951,80.4999,0.2,356.6,Cargo
419301004,MT POL Voyager,2017-01-27 02:43:00,13.22491,80.4214,0.0,357.6,Tanker
419601003,Pilot KPL,2017-01-27 02:43:00,13.26282,80.32226,4.8,303.0,Tug
419201003,MV Ennore Express,2017-01-27 02:45:00,13.25881,80.31991,0.3,0.2,Cargo
419201007,MV Sakthi Pride,2017-01-27 02:45:00,13.2509,80.31695,0.1,358.0,Cargo
419301001,MT Sanmar Spirit,2017-01-27 02:45:00,13.24207,80.34412,0.3,89.4,Tanker
419301003,MT Coromandel King,2017-01-27 02:45:00,13.24087,80.3388,0.1,7.8,Tanker
419301006,MT Triton,2017-01-27 02:45:00,13.26532,80.30899,0.4,357.4,Tanker
419301002,MT Chennai Petro,2017-01-27 02:45:00,13.08512,80.52945,0.5,359.2,Tanker
419301007,MT Bay Tanker,2017-01-27 02:45:00,13.14832,80.4599,0,0.5,Tanker
419201004,MV Coastal Glory,2017-01-27 02:47:00,13.27016,80.31531,0.0,0.6,Cargo
538301001,MT Gulf Carrier,2017-01-27 02:47:00,13.05426,80.55051,0.1,1.6,Tanker
419201005,MV Eastern Star,2017-01-27 02:47:00,12.06575,83.13823,13.6,282.9,Cargo
419201006,MV KPL Carrier,2017-01-27 02:48:00,13.24848,80.3296,0.0,90.2,Cargo
419201010,MV KPL Vishal,2017-01-27 02:48:00,12.55972,81.94742,13.1,294.4,Cargo
419201007,MV Sakthi Pride,2017-01-27 02:49:00,13.25063,80.32025,0.3,359.8,Cargo
419201001,MV Vishakha Star,2017-01-27 02:49:00,13.18561,80.46884,0.4,2.1,Cargo
419201002,MV APJ Kiran,2017-01-27 02:49:00,13.13031,80.50003,0.3,357.8,Cargo
419301004,MT POL Voyager,2017-01-27 02:49:00,13.22321,80.41904,0.2,5.4,Tanker
419301003,MT Coromandel King,2017-01-27 02:50:00,13.24069,80.33954,0,359.3,Tanker
419301002,MT Chennai Petro,2017-01-27 02:50:00,13.08433,80.52945,0.4,354.6,Tanker
419301007,MT Bay Tanker,2017-01-27 02:50:00,13.14938,80.46,0,358.0,Tanker
419201003,MV Ennore Express,2017-01-27 02:51:00,13.25998,80.31991,0.1,1.0,Cargo
419301001,MT Sanmar Spirit,2017-01-27 02:51:00,13.24434,80.34375,0,89.0,Tanker
419301006,MT Triton,2017-01-27 02:51:00,13.26514,80.31093,0,356.1,Tanker
419201004,MV Coastal Glory,2017-01-27 02:52:00,13.26951,80.31547,0,0.6,Cargo
419201007,MV Sakthi Pride,2017-01-27 02:53:00,13.25301,80.31828,0.2,356.5,Cargo
419201006,MV KPL Carrier,2017-01-27 02:54:00,13.24796,80.32902,0,89.2,Cargo
419201002,MV APJ Kiran,2017-01-27 02:54:00,13.12789,80.50075,0.4,359.5,Cargo
538301001,MT Gulf Carrier,2017-01-27 02:54:00,13.05348,80.55064,0.3,358.1,Tanker
419301001,MT Sanmar Spirit,2017-01-27 02:55:00,13.24389,80.3421,0,89.9,Tanker
419301004,MT POL Voyager,2017-01-27 02:55:00,13.22512,80.4203,0.3,1.1,Tanker
419301007,MT Bay Tanker,2017-01-27 02:55:00,13.14879,80.45738,0,0.2,Tanker
419201010,MV KPL Vishal,2017-01-27 02:55:00,12.57179,81.91953,12.8,291.2,Cargo
419201003,MV Ennore Express,2017-01-27 02:56:00,13.26021,80.32049,0.2,358.3,Cargo
419201004,MV Coastal Glory,2017-01-27 02:56:00,13.27078,80.31483,0.5,359.0,Cargo
419301003,MT Coromandel King,2017-01-27 02:56:00,13.24216,80.34133,0,1.7,Tanker
419201001,MV Vishakha Star,2017-01-27 02:56:00,13.18565,80.47119,0.3,0.5,Cargo
419301002,MT Chennai Petro,2017-01-27 02:56:00,13.08553,80.53064,0,0.3,Tanker
419201005,MV Eastern Star,2017-01-27 02:56:00,12.07282,83.10851,13.7,285.9,Cargo
419301006,MT Triton,2017-01-27 02:57:00,13.26543,80.31184,0.0,3.5,Tanker
419601002,Tug KPL-2,2017-01-27 02:57:00,13.24672,80.29728,3.9,195.4,Tug
419201007,MV Sakthi Pride,2017-01-27 02:59:00,13.25127,80.31747,0.1,1.0,Cargo
419301001,MT Sanmar Spirit,2017-01-27 02:59:00,13.24376,80.34331,0.2,87.7,Tanker
419601001,Tug KPL-1,2017-01-27 02:59:00,13.21259,80.29615,4.3,299.1,Tug
419601003,Pilot KPL,2017-01-27 02:59:00,13.24747,80.30331,4.0,239.0,Tug
419201004,MV Coastal Glory,2017-01-27 03:00:00,13.26978,80.31427,0,357.7,Cargo
419201006,MV KPL Carrier,2017-01-27 03:00:00,13.24688,80.32937,0.1,89.5,Cargo
419301003,MT Coromandel King,2017-01-27 03:00:00,13.24218,80.3395,0,359.1,Tanker
419301005,MT Coastal Trader,2017-01-27 03:00:00,12.45038,81.34958,10.0,311.9,Tanker
419301006,MT Triton,2017-01-27 03:01:00,13.26493,80.31009,0.1,358.3,Tanker
419201001,MV Vishakha Star,2017-01-27 03:01:00,13.18512,80.47075,0.4,2.1,Cargo
419201002,MV APJ Kiran,2017-01-27 03:01:00,13.13007,80.49966,0.3,2.6,Cargo
419301004,MT POL Voyager,2017-01-27 03:01:00,13.22482,80.4206,0,0.3,Tanker
538301001,MT Gulf Carrier,2017-01-27 03:01:00,13.05465,80.55009,0,0.1,Tanker
419201003,MV Ennore Express,2017-01-27 03:02:00,13.25962,80.32142,0.0,358.1,Cargo
419301002,MT Chennai Petro,2017-01-27 03:02:00,13.08519,80.53047,0.1,1.6,Tanker
419301007,MT Bay Tanker,2017-01-27 03:02:00,13.14882,80.45939,0.4,359.9,Tanker
419301001,MT Sanmar Spirit,2017-01-27 03:03:00,13.24559,80.34336,0.2,92.1,Tanker
419201005,MV Eastern Star,2017-01-27 03:03:00,12.0828,83.08002,13.9,285.9,Cargo
419201006,MV KPL Carrier,2017-01-27 03:04:00,13.2486,80.33036,0.1,88.2,Cargo
419201007,MV Sakthi Pride,2017-01-27 03:04:00,13.25306,80.31888,0.1,356.2,Cargo
419201010,MV KPL Vishal,2017-01-27 03:04:00,12.58058,81.8929,13.2,291.5,Cargo
419601004,Tug Ennore,2017-01-27 03:04:00,13.24915,80.3024,4.3,199.5,Tug
419201004,MV Coastal Glory,2017-01-27 03:05:00,13.27061,80.3162,0,1.1,Cargo
419301003,MT Coromandel King,2017-01-27 03:05:00,13.24113,80.33976,0,1.3,Tanker
419301006,MT Triton,2017-01-27 03:05:00,13.26555,80.3093,0.1,0.4,Tanker
419201003,MV Ennore Express,2017-01-27 03:06:00,13.25961,80.32203,0.1,0.5,Cargo
419201001,MV Vishakha Star,2017-01-27 03:06:00,13.1866,80.47027,0,358.8,Cargo
419201002,MV APJ Kiran,2017-01-27 03:06:00,13.12961,80.49998,0.6,4.2,Cargo
538301001,MT Gulf Carrier,2017-01-27 03:06:00,13.05429,80.55018,0.2,0.9,Tanker
419301004,MT POL Voyager,2017-01-27 03:07:00,13.22477,80.42003,0.0,0.2,Tanker
419301007,MT Bay Tanker,2017-01-27 03:07:00,13.14957,80.45944,0,360.0,Tanker
419201006,MV KPL Carrier,2017-01-27 03:08:00,13.24893,80.32944,0.1,89.6,Cargo
419301001,MT Sanmar Spirit,2017-01-27 03:08:00,13.24415,80.34345,0.1,89.1,Tanker
419301002,MT Chennai Petro,2017-01-27 03:08:00,13.08495,80.52934,0.3,0.4,Tanker
419301003,MT Coromandel King,2017-01-27 03:09:00,13.24248,80.33998,0.2,1.3,Tanker
419301006,MT Triton,2017-01-27 03:09:00,13.26452,80.31004,0,358.1,Tanker
419301005,MT Coastal Trader,2017-01-27 03:09:00,12.46491,81.33391,10.0,312.8,Tanker
419201004,MV Coastal Glory,2017-01-27 03:10:00,13.27108,80.31419,0,358.3,Cargo
419201007,MV Sakthi Pride,2017-01-27 03:10:00,13.25253,80.31864,0.2,357.5,Cargo
419201003,MV Ennore Express,2017-01-27 03:11:00,13.26026,80.31875,0,357.3,Cargo
419201001,MV Vishakha Star,2017-01-27 03:11:00,13.18395,80.46835,0.1,5.1,Cargo
419201010,MV KPL Vishal,2017-01-27 03:11:00,12.58915,81.86316,13.4,294.5,Cargo
419301001,MT Sanmar Spirit,2017-01-27 03:12:00,13.24279,80.34445,0.2,90.6,Tanker
419201002,MV APJ Kiran,2017-01-27 03:13:00,13.1312,80.50021,0.0,0.5,Cargo
419301004,MT POL Voyager,2017-01-27 03:13:00,13.22434,80.41944,0.0,0.0,Tanker
419301007,MT Bay Tanker,2017-01-27 03:13:00,13.14964,80.4605,0,0.4,Tanker
538301001,MT Gulf Carrier,2017-01-27 03:13:00,13.05529,80.55044,0.5,357.6,Tanker
419201005,MV Eastern Star,2017-01-27 03:13:00,12.08777,83.04784,13.6,287.9,Cargo
419201006,MV KPL Carrier,2017-01-27 03:14:00,13.24866,80.33047,0.3,92.1,Cargo
419301006,MT Triton,2017-01-27 03:14:00,13.26661,80.31012,0.3,4.0,Tanker
419301002,MT Chennai Petro,2017-01-27 03:14:00,13.08608,80.5301,0.0,0.3,Tanker
419201003,MV Ennore Express,2017-01-27 03:15:00,13.26114,80.32113,0.1,357.1,Cargo
419201007,MV Sakthi Pride,2017-01-27 03:15:00,13.25325,80.3185,0,1.9,Cargo
419301003,MT Coromandel King,2017-01-27 03:15:00,13.24405,80.33996,0.3,356.6,Tanker
419201004,MV Coastal Glory,2017-01-27 03:16:00,13.2711,80.31474,0.2,358.1,Cargo
419601003,Pilot KPL,2017-01-27 03:16:00,13.24898,80.2941,4.0,8.1,Tug
419301001,MT Sanmar Spirit,2017-01-27 03:17:00,13.24359,80.3437,0.3,86.8,Tanker
419201010,MV KPL Vishal,2017-01-27 03:17:00,12.60038,81.83529,12.9,290.8,Cargo
419201006,MV KPL Carrier,2017-01-27 03:18:00,13.24767,80.32885,0.0,86.3,Cargo
419201001,MV Vishakha Star,2017-01-27 03:18:00,13.18517,80.47111,0.3,3.5,Cargo
538301001,MT Gulf Carrier,2017-01-27 03:18:00,13.05608,80.54884,0.2,1.4,Tanker
419201007,MV Sakthi Pride,2017-01-27 03:19:00,13.25288,80.31752,0,356.9,Cargo
419301007,MT Bay Tanker,2017-01-27 03:19:00,13.14936,80.46186,0,355.5,Tanker
419201005,MV Eastern Star,2017-01-27 03:19:00,12.09694,83.01801,14.0,283.5,Cargo
419301005,MT Coastal Trader,2017-01-27 03:19:00,12.47963,81.3163,10.4,312.3,Tanker
419601004,Tug Ennore,2017-01-27 03:19:00,13.26796,80.28709,4.4,109.8,Tug
419301006,MT Triton,2017-01-27 03:20:00,13.26664,80.31121,0,357.1,Tanker
419201002,MV APJ Kiran,2017-01-27 03:20:00,13.13104,80.49875,0.6,356.3,Cargo
419301004,MT POL Voyager,2017-01-27 03:20:00,13.22699,80.41902,0.2,2.3,Tanker
419601002,Tug KPL-2,2017-01-27 03:20:00,13.24541,80.30342,3.8,37.6,Tug
419201003,MV Ennore Express,2017-01-27 03:21:00,13.26066,80.31987,0.1,358.3,Cargo
419201004,MV Coastal Glory,2017-01-27 03:21:00,13.27026,80.31468,0.1,3.3,Cargo
419301003,MT Coromandel King,2017-01-27 03:21:00,13.24104,80.34053,0.1,358.9,Tanker
419301002,MT Chennai Petro,2017-01-27 03:21:00,13.08525,80.5294,0.2,359.0,Tanker
419601001,Tug KPL-1,2017-01-27 03:21:00,13.252,80.29379,4.1,301.8,Tug
419201006,MV KPL Carrier,2017-01-27 03:22:00,13.24782,80.33138,0.3,89.0,Cargo
419301001,MT Sanmar Spirit,2017-01-27 03:22:00,13.24282,80.34463,0.4,88.1,Tanker
538301001,MT Gulf Carrier,2017-01-27 03:23:00,13.05521,80.55026,0,1.1,Tanker
419201007,MV Sakthi Pride,2017-01-27 03:24:00,13.25162,80.31803,0.1,359.3,Cargo
419201001,MV Vishakha Star,2017-01-27 03:24:00,13.1849,80.47115,0,0.3,Cargo
419201010,MV KPL Vishal,2017-01-27 03:24:00,12.61135,81.80944,13.2,286.0,Cargo
419201004,MV Coastal Glory,2017-01-27 03:25:00,13.27123,80.31493,0,359.8,Cargo
419301003,MT Coromandel King,2017-01-27 03:25:00,13.24368,80.34033,0,0.5,Tanker
419301007,MT Bay Tanker,2017-01-27 03:25:00,13.15146,80.45906,0.0,358.1,Tanker
419201003,MV Ennore Express,2017-01-27 03:26:00,13.26096,80.31971,0.0,0.9,Cargo
419201006,MV KPL Carrier,2017-01-27 03:26:00,13.24937,80.33045,0,87.8,Cargo
419301006,MT Triton,2017-01-27 03:26:00,13.26636,80.31128,0,358.0,Tanker
419201002,MV APJ Kiran,2017-01-27 03:26:00,13.12972,80.50134,0.6,4.2,Cargo
419301004,MT POL Voyager,2017-01-27 03:26:00,13.22709,80.42061,0.1,357.5,Tanker
419301001,MT Sanmar Spirit,2017-01-27 03:27:00,13.24423,80.34574,0.2,90.8,Tanker
419301002,MT Chennai Petro,2017-01-27 03:27:00,13.08622,80.5287,0.1,359.2,Tanker
419201007,MV Sakthi Pride,2017-01-27 03:28:00,13.25212,80.31853,0.2,0.8,Cargo
419201005,MV Eastern Star,2017-01-27 03:28:00,12.10487,82.98697,13.8,287.4,Cargo
419301003,MT Coromandel King,2017-01-27 03:29:00,13.24146,80.34015,0.1,1.8,Tanker
419301005,MT Coastal Trader,2017-01-27 03:29:00,12.49435,81.29715,9.9,313.0,Tanker
419201004,MV Coastal Glory,2017-01-27 03:30:00,13.27279,80.31565,1.0,358.5,Cargo
419301006,MT Triton,2017-01-27 03:30:00,13.26577,80.31055,0,1.5,Tanker
419301007,MT Bay Tanker,2017-01-27 03:30:00,13.14892,80.46098,0.3,358.5,Tanker
538301001,MT Gulf Carrier,2017-01-27 03:30:00,13.05868,80.54931,0.1,358.9,Tanker
419201003,MV Ennore Express,2017-01-27 03:31:00,13.2611,80.31979,0.1,356.4,Cargo
419201006,MV KPL Carrier,2017-01-27 03:31:00,13.24828,80.32989,0,92.8,Cargo
419201001,MV Vishakha Star,2017-01-27 03:31:00,13.18646,80.46969,0.3,1.4,Cargo
419201010,MV KPL Vishal,2017-01-27 03:31:00,12.61994,81.78007,13.1,292.9,Cargo
419301004,MT POL Voyager,2017-01-27 03:32:00,13.22669,80.41897,0,357.3,Tanker
419301001,MT Sanmar Spirit,2017-01-27 03:33:00,13.24455,80.34603,0.5,89.9,Tanker
419301003,MT Coromandel King,2017-01-27 03:33:00,13.24285,80.33992,0,0.6,Tanker
419201002,MV APJ Kiran,2017-01-27 03:33:00,13.13139,80.5001,0.2,358.3,Cargo
419301002,MT Chennai Petro,2017-01-27 03:33:00,13.08759,80.5294,0,3.8,Tanker
419201007,MV Sakthi Pride,2017-01-27 03:34:00,13.25175,80.318,0,1.1,Cargo
419201005,MV Eastern Star,2017-01-27 03:34:00,12.11388,82.95813,13.8,282.4,Cargo
419201004,MV Coastal Glory,2017-01-27 03:35:00,13.27268,80.31667,0,0.4,Cargo
419201006,MV KPL Carrier,2017-01-27 03:35:00,13.24776,80.33012,0,89.4,Cargo
538301001,MT Gulf Carrier,2017-01-27 03:35:00,13.05597,80.55145,0,354.4,Tanker
419301006,MT Triton,2017-01-27 03:36:00,13.26513,80.30946,0.0,1.2,Tanker
419201001,MV Vishakha Star,2017-01-27 03:36:00,13.18432,80.46909,0,3.8,Cargo
419301007,MT Bay Tanker,2017-01-27 03:36:00,13.15004,80.46105,0.2,358.8,Tanker
419301005,MT Coastal Trader,2017-01-27 03:36:00,12.51206,81.28044,10.5,315.2,Tanker
419601001,Tug KPL-1,2017-01-27 03:36:00,13.21555,80.31421,4.3,31.4,Tug
419201003,MV Ennore Express,2017-01-27 03:37:00,13.26041,80.31905,0.2,0.8,Cargo
419301001,MT Sanmar Spirit,2017-01-27 03:38:00,13.24404,80.34482,0.3,93.5,Tanker
419301003,MT Coromandel King,2017-01-27 03:38:00,13.24245,80.34016,0.2,357.3,Tanker
419301002,MT Chennai Petro,2017-01-27 03:38:00,13.08622,80.53053,0.3,1.3,Tanker
419201010,MV KPL Vishal,2017-01-27 03:38:00,12.62999,81.75124,12.8,289.8,Cargo
419601002,Tug KPL-2,2017-01-27 03:38:00,13.21294,80.29173,4.4,329.8,Tug
419601003,Pilot KPL,2017-01-27 03:38:00,13.24802,80.32768,4.4,251.4,Tug
419201004,MV Coastal Glory,2017-01-27 03:39:00,13.27237,80.31577,0.3,359.9,Cargo
419201007,MV Sakthi Pride,2017-01-27 03:39:00,13.25203,80.31624,0.0,359.1,Cargo
419301004,MT POL Voyager,2017-01-27 03:39:00,13.22552,80.41962,0.2,357.5,Tanker
419201002,MV APJ Kiran,2017-01-27 03:40:00,13.13288,80.50164,0.1,357.6,Cargo
419201006,MV KPL Carrier,2017-01-27 03:41:00,13.24979,80.33142,0.5,90.3,Cargo
419301003,MT Coromandel King,2017-01-27 03:42:00,13.24423,80.33888,0,359.5,Tanker
419301006,MT Triton,2017-01-27 03:42:00,13.26442,80.31013,0.1,357.6,Tanker
419301007,MT Bay Tanker,2017-01-27 03:42:00,13.15056,80.45937,0.4,2.0,Tanker
538301001,MT Gulf Carrier,2017-01-27 03:42:00,13.05445,80.55193,0.3,357.4,Tanker
419201005,MV Eastern Star,2017-01-27 03:42:00,12.12153,82.92635,14.2,287.4,Cargo
419301005,MT Coastal Trader,2017-01-27 03:42:00,12.5242,81.26525,10.0,311.8,Tanker
419601004,Tug Ennore,2017-01-27 03:42:00,13.26788,80.30423,4.5,2.5,Tug
419201003,MV Ennore Express,2017-01-27 03:43:00,13.26122,80.32023,0.2,1.6,Cargo
419201007,MV Sakthi Pride,2017-01-27 03:43:00,13.25163,80.31775,0,359.1,Cargo
419201001,MV Vishakha Star,2017-01-27 03:43:00,13.18657,80.47123,0.3,4.0,Cargo
419301002,MT Chennai Petro,2017-01-27 03:43:00,13.0851,80.52995,0.1,358.1,Tanker
419301001,MT Sanmar Spirit,2017-01-27 03:44:00,13.24449,80.3479,0.2,89.6,Tanker
419201004,MV Coastal Glory,2017-01-27 03:45:00,13.27314,80.31565,0.3,1.5,Cargo
419201006,MV KPL Carrier,2017-01-27 03:46:00,13.24846,80.33116,0.2,87.3,Cargo
419301006,MT Triton,2017-01-27 03:46:00,13.26548,80.30912,0,359.4,Tanker
419301004,MT POL Voyager,2017-01-27 03:46:00,13.22668,80.41997,0.2,0.7,Tanker
419201010,MV KPL Vishal,2017-01-27 03:46:00,12.63865,81.7219,13.4,285.6,Cargo
419201003,MV Ennore Express,2017-01-27 03:47:00,13.26059,80.32036,0.5,355.4,Cargo
419201007,MV Sakthi Pride,2017-01-27 03:47:00,13.25217,80.31692,0,358.8,Cargo
419201002,MV APJ Kiran,2017-01-27 03:47:00,13.13204,80.50049,0.4,354.7,Cargo
419301007,MT Bay Tanker,2017-01-27 03:47:00,13.14893,80.45922,0.1,2.8,Tanker
419301003,MT Coromandel King,2017-01-27 03:48:00,13.24149,80.3399,0.1,357.3,Tanker
419201001,MV Vishakha Star,2017-01-27 03:49:00,13.18615,80.4707,0.7,359.9,Cargo
419301002,MT Chennai Petro,2017-01-27 03:49:00,13.08638,80.52985,0,1.0,Tanker
538301001,MT Gulf Carrier,2017-01-27 03:49:00,13.05583,80.54991,0,0.1,Tanker
419301001,MT Sanmar Spirit,2017-01-27 03:50:00,13.24362,80.34816,0.4,88.4,Tanker
419201003,MV Ennore Express,2017-01-27 03:51:00,13.2596,80.31856,0.3,359.1,Cargo
419201004,MV Coastal Glory,2017-01-27 03:51:00,13.27202,80.31497,0,359.0,Cargo
419201006,MV KPL Carrier,2017-01-27 03:51:00,13.24626,80.33185,0.4,91.9,Cargo
419301004,MT POL Voyager,2017-01-27 03:51:00,13.2265,80.42083,0.2,357.2,Tanker
419301005,MT Coastal Trader,2017-01-27 03:51:00,12.54144,81.24719,10.4,307.8,Tanker
419201007,MV Sakthi Pride,2017-01-27 03:52:00,13.25144,80.3197,0,357.6,Cargo
419301006,MT Triton,2017-01-27 03:52:00,13.26384,80.30913,0.2,359.8,Tanker
419201005,MV Eastern Star,2017-01-27 03:52:00,12.13064,82.89725,13.8,283.5,Cargo
419201010,MV KPL Vishal,2017-01-27 03:52:00,12.65024,81.6931,13.5,291.9,Cargo
419301003,MT Coromandel King,2017-01-27 03:54:00,13.24389,80.33982,0.4,359.7,Tanker
419201002,MV APJ Kiran,2017-01-27 03:54:00,13.13217,80.4991,0.6,2.4,Cargo
419301007,MT Bay Tanker,2017-01-27 03:54:00,13.14937,80.4583,0,3.1,Tanker
419201006,MV KPL Carrier,2017-01-27 03:55:00,13.24636,80.33186,0.9,89.1,Cargo
419201001,MV Vishakha Star,2017-01-27 03:55:00,13.18725,80.47217,0.2,0.6,Cargo
419301002,MT Chennai Petro,2017-01-27 03:55:00,13.08757,80.52912,0.0,3.8,Tanker
419201004,MV Coastal Glory,2017-01-27 03:56:00,13.27483,80.31657,0,3.3,Cargo
419301001,MT Sanmar Spirit,2017-01-27 03:56:00,13.2415,80.34655,0.1,90.8,Tanker
419301004,MT POL Voyager,2017-01-27 03:56:00,13.22682,80.4184,0.5,2.5,Tanker
538301001,MT Gulf Carrier,2017-01-27 03:56:00,13.05677,80.55071,0.0,0.9,Tanker
419201003,MV Ennore Express,2017-01-27 03:57:00,13.26325,80.32066,0.3,0.5,Cargo
419301006,MT Triton,2017-01-27 03:57:00,13.26448,80.30888,0,359.0,Tanker
419301005,MT Coastal Trader,2017-01-27 03:57:00,12.55611,81.22916,10.6,311.7,Tanker
419601002,Tug KPL-2,2017-01-27 03:57:00,13.25046,80.27384,3.9,35.4,Tug
419601004,Tug Ennore,2017-01-27 03:57:00,13.25942,80.27179,4.5,315.4,Tug
419201007,MV Sakthi Pride,2017-01-27 03:58:00,13.25129,80.31854,0,0.3,Cargo
419401002,MV Coromandel Trade,2017-01-27 03:58:00,11.2004,82.39851,14.0,0.2,Container
419201006,MV KPL Carrier,2017-01-27 03:59:00,13.2479,80.33056,0.4,89.2,Cargo
419201002,MV APJ Kiran,2017-01-27 03:59:00,13.13319,80.50137,0.2,1.1,Cargo
419053900,MT Dawn Kanchipuram,2017-01-27 04:00:00,12.08026,81.82078,9.7,324.4,Tanker
419201004,MV Coastal Glory,2017-01-27 04:00:00,13.27338,80.31618,0.3,1.9,Cargo
419301003,MT Coromandel King,2017-01-27 04:00:00,13.24633,80.3395,0.1,356.4,Tanker
419201001,MV Vishakha Star,2017-01-27 04:00:00,13.1862,80.47044,0.2,356.4,Cargo
419601003,Pilot KPL,2017-01-27 04:00:00,13.25711,80.27696,4.1,277.0,Tug
419301001,MT Sanmar Spirit,2017-01-27 04:01:00,13.24268,80.34642,0.7,89.4,Tanker
419301002,MT Chennai Petro,2017-01-27 04:01:00,13.08841,80.53245,0,0.2,Tanker
419301007,MT Bay Tanker,2017-01-27 04:01:00,13.15017,80.45884,0,0.8,Tanker
419601001,Tug KPL-1,2017-01-27 04:01:00,13.242,80.28799,4.4,88.3,Tug
419201003,MV Ennore Express,2017-01-27 04:02:00,13.26128,80.32058,0,1.6,Cargo
419301006,MT Triton,2017-01-27 04:02:00,13.26558,80.31104,0,1.9,Tanker
419301004,MT POL Voyager,2017-01-27 04:02:00,13.22692,80.42036,0.3,2.1,Tanker
419201005,MV Eastern Star,2017-01-27 04:02:00,12.13636,82.86721,13.9,286.8,Cargo
419201010,MV KPL Vishal,2017-01-27 04:02:00,12.66164,81.66604,12.8,291.5,Cargo
538301001,MT Gulf Carrier,2017-01-27 04:03:00,13.05608,80.55172,0,2.7,Tanker
419201006,MV KPL Carrier,2017-01-27 04:04:00,13.24811,80.33307,0.6,88.3,Cargo
419201007,MV Sakthi Pride,2017-01-27 04:04:00,13.25238,80.31811,0,1.3,Cargo
419201004,MV Coastal Glory,2017-01-27 04:05:00,13.27282,80.31458,0,359.2,Cargo
419301003,MT Coromandel King,2017-01-27 04:05:00,13.24322,80.34144,0.4,0.9,Tanker
419201002,MV APJ Kiran,2017-01-27 04:05:00,13.13437,80.50148,0.2,359.8,Cargo
419053900,MT Dawn Kanchipuram,2017-01-27 04:06:00,12.09774,81.80548,9.9,321.1,Tanker
419201001,MV Vishakha Star,2017-01-27 04:06:00,13.18638,80.47042,0.2,0.7,Cargo
419301001,MT Sanmar Spirit,2017-01-27 04:07:00,13.24355,80.34736,0.3,88.1,Tanker
419301006,MT Triton,2017-01-27 04:07:00,13.26463,80.3119,0,0.3,Tanker
419301004,MT POL Voyager,2017-01-27 04:07:00,13.22767,80.42147,0.0,0.2,Tanker
419301007,MT Bay Tanker,2017-01-27 04:07:00,13.14985,80.46039,0.1,359.0,Tanker
419301005,MT Coastal Trader,2017-01-27 04:07:00,12.57184,81.21282,10.1,313.2,Tanker
419201003,MV Ennore Express,2017-01-27 04:08:00,13.25998,80.3199,0.0,0.2,Cargo
419201006,MV KPL Carrier,2017-01-27 04:08:00,13.24775,80.33192,0,87.6,Cargo
419301002,MT Chennai Petro,2017-01-27 04:08:00,13.08741,80.53142,0.2,0.2,Tanker
538301001,MT Gulf Carrier,2017-01-27 04:08:00,13.05679,80.55106,0,355.9,Tanker
419201005,MV Eastern Star,2017-01-27 04:08:00,12.14603,82.83637,14.0,283.6,Cargo
419201004,MV Coastal Glory,2017-01-27 04:10:00,13.27416,80.31492,0,358.9,Cargo
419201007,MV Sakthi Pride,2017-01-27 04:10:00,13.25205,80.31928,0.3,359.9,Cargo
419301003,MT Coromandel King,2017-01-27 04:10:00,13.24421,80.33975,0.2,5.5,Tanker
419201002,MV APJ Kiran,2017-01-27 04:10:00,13.13454,80.50081,0.1,357.8,Cargo
419301001,MT Sanmar Spirit,2017-01-27 04:11:00,13.24422,80.34985,0.3,95.3,Tanker
419301006,MT Triton,2017-01-27 04:11:00,13.26425,80.30988,0,357.9,Tanker
419201010,MV KPL Vishal,2017-01-27 04:11:00,12.66949,81.6372,13.2,290.1,Cargo
419201003,MV Ennore Express,2017-01-27 04:12:00,13.26221,80.3193,0,0.8,Cargo
419201006,MV KPL Carrier,2017-01-27 04:12:00,13.24824,80.33299,0.0,88.2,Cargo
419201001,MV Vishakha Star,2017-01-27 04:12:00,13.18727,80.46987,0.4,356.8,Cargo
419301004,MT POL Voyager,2017-01-27 04:12:00,13.22806,80.42072,0,1.8,Tanker
419301007,MT Bay Tanker,2017-01-27 04:13:00,13.15032,80.46061,0.1,1.9,Tanker
419201007,MV Sakthi Pride,2017-01-27 04:14:00,13.25319,80.31858,0,356.0,Cargo
419301002,MT Chennai Petro,2017-01-27 04:14:00,13.08723,80.53056,0,1.0,Tanker
419401002,MV Coromandel Trade,2017-01-27 04:14:00,11.25618,82.40254,13.5,0.9,Container
419301001,MT Sanmar Spirit,2017-01-27 04:15:00,13.24368,80.3497,0.1,88.7,Tanker
538301001,MT Gulf Carrier,2017-01-27 04:15:00,13.05707,80.54954,0.3,359.8,Tanker
419201005,MV Eastern Star,2017-01-27 04:15:00,12.1524,82.80755,14.1,282.6,Cargo
419053900,MT Dawn Kanchipuram,2017-01-27 04:16:00,12.11238,81.79417,9.8,321.8,Tanker
419201004,MV Coastal Glory,2017-01-27 04:16:00,13.27345,80.31497,0,0.5,Cargo
419301003,MT Coromandel King,2017-01-27 04:16:00,13.24523,80.33988,0,0.3,Tanker
419301006,MT Triton,2017-01-27 04:16:00,13.26627,80.31091,0,358.6,Tanker
419201002,MV APJ Kiran,2017-01-27 04:16:00,13.13438,80.50057,0.2,1.8,Cargo
419201003,MV Ennore Express,2017-01-27 04:17:00,13.26209,80.31823,0,355.7,Cargo
419201006,MV KPL Carrier,2017-01-27 04:17:00,13.24658,80.3338,0.3,91.2,Cargo
419201001,MV Vishakha Star,2017-01-27 04:17:00,13.18656,80.47025,0.2,359.9,Cargo
419301005,MT Coastal Trader,2017-01-27 04:17:00,12.58635,81.19442,9.8,311.5,Tanker
419601004,Tug Ennore,2017-01-27 04:17:00,13.28653,80.29427,4.0,261.4,Tug
419201007,MV Sakthi Pride,2017-01-27 04:19:00,13.25196,80.31729,0.1,356.0,Cargo
419301004,MT POL Voyager,2017-01-27 04:19:00,13.22858,80.41882,0.3,357.5,Tanker
419301007,MT Bay Tanker,2017-01-27 04:19:00,13.14994,80.45948,0,2.3,Tanker
419601003,Pilot KPL,2017-01-27 04:19:00,13.26122,80.3098,4.0,39.1,Tug
419201004,MV Coastal Glory,2017-01-27 04:20:00,13.27389,80.31426,0.1,358.6,Cargo
419301001,MT Sanmar Spirit,2017-01-27 04:20:00,13.24301,80.34978,0.3,87.6,Tanker
419301006,MT Triton,2017-01-27 04:20:00,13.264,80.30856,0.3,0.4,Tanker
419201010,MV KPL Vishal,2017-01-27 04:20:00,12.68022,81.60828,13.3,290.6,Cargo
419201003,MV Ennore Express,2017-01-27 04:21:00,13.26133,80.32098,0.2,1.1,Cargo
419201002,MV APJ Kiran,2017-01-27 04:21:00,13.13432,80.49973,0.2,357.6,Cargo
419301002,MT Chennai Petro,2017-01-27 04:21:00,13.0876,80.53068,0.5,2.7,Tanker
538301001,MT Gulf Carrier,2017-01-27 04:21:00,13.05874,80.55075,0,355.6,Tanker
419053900,MT Dawn Kanchipuram,2017-01-27 04:22:00,12.1319,81.77833,9.8,317.7,Tanker
419201006,MV KPL Carrier,2017-01-27 04:22:00,13.24643,80.33248,0,87.8,Cargo
419301003,MT Coromandel King,2017-01-27 04:22:00,13.24499,80.3403,0.4,0.9,Tanker
419601002,Tug KPL-2,2017-01-27 04:22:00,13.25812,80.3112,3.9,332.2,Tug
419601001,Tug KPL-1,2017-01-27 04:23:00,13.24527,80.32413,4.1,115.1,Tug
419201004,MV Coastal Glory,2017-01-27 04:24:00,13.27514,80.31443,0.1,356.1,Cargo
419301006,MT Triton,2017-01-27 04:24:00,13.26499,80.30955,0,359.2,Tanker
419201001,MV Vishakha Star,2017-01-27 04:24:00,13.18772,80.47062,0.2,4.8,Cargo
419201005,MV Eastern Star,2017-01-27 04:24:00,12.16208,82.77477,13.7,284.1,Cargo
419201007,MV Sakthi Pride,2017-01-27 04:25:00,13.25245,80.31704,0.2,352.4,Cargo
419301001,MT Sanmar Spirit,2017-01-27 04:25:00,13.24187,80.3499,0.3,88.7,Tanker
419301004,MT POL Voyager,2017-01-27 04:25:00,13.22757,80.42065,0.5,2.7,Tanker
419301007,MT Bay Tanker,2017-01-27 04:25:00,13.14945,80.45921,0,5.1,Tanker
419201003,MV Ennore Express,2017-01-27 04:26:00,13.26352,80.32027,0,2.1,Cargo
419301003,MT Coromandel King,2017-01-27 04:26:00,13.24575,80.33954,0.2,357.8,Tanker
419201002,MV APJ Kiran,2017-01-27 04:26:00,13.13411,80.50091,0.5,1.3,Cargo
538301001,MT Gulf Carrier,2017-01-27 04:26:00,13.05582,80.54978,0.2,359.6,Tanker
419301005,MT Coastal Trader,2017-01-27 04:26:00,12.60137,81.17826,10.1,312.7,Tanker
419201006,MV KPL Carrier,2017-01-27 04:27:00,13.24785,80.33017,0,90.2,Cargo
419201004,MV Coastal Glory,2017-01-27 04:28:00,13.27412,80.31366,0.6,5.7,Cargo
419301002,MT Chennai Petro,2017-01-27 04:28:00,13.08672,80.53066,0,2.6,Tanker
419053900,MT Dawn Kanchipuram,2017-01-27 04:29:00,12.14854,81.7658,9.1,321.1,Tanker
419301006,MT Triton,2017-01-27 04:29:00,13.26444,80.31047,0,0.8,Tanker
419201001,MV Vishakha Star,2017-01-27 04:29:00,13.18585,80.4698,0.0,1.9,Cargo
419201010,MV KPL Vishal,2017-01-27 04:29:00,12.69044,81.57933,13.2,289.1,Cargo
419401002,MV Coromandel Trade,2017-01-27 04:30:00,11.31617,82.40601,13.9,1.5,Container
419201003,MV Ennore Express,2017-01-27 04:31:00,13.26221,80.31861,0,1.7,Cargo
419201006,MV KPL Carrier,2017-01-27 04:31:00,13.24714,80.33122,0,90.4,Cargo
419201007,MV Sakthi Pride,2017-01-27 04:31:00,13.25221,80.31829,0.0,2.5,Cargo
419301001,MT Sanmar Spirit,2017-01-27 04:31:00,13.24412,80.34872,0.6,92.7,Tanker
419301003,MT Coromandel King,2017-01-27 04:32:00,13.243,80.33999,0.1,0.2,Tanker
419301004,MT POL Voyager,2017-01-27 04:32:00,13.22845,80.41984,0.2,0.7,Tanker
419301007,MT Bay Tanker,2017-01-27 04:32:00,13.14967,80.45985,0,4.1,Tanker
538301001,MT Gulf Carrier,2017-01-27 04:32:00,13.05828,80.55016,0,1.1,Tanker
419201004,MV Coastal Glory,2017-01-27 04:33:00,13.27809,80.31535,0.0,357.9,Cargo
419301006,MT Triton,2017-01-27 04:33:00,13.26433,80.31152,0,2.0,Tanker
419201002,MV APJ Kiran,2017-01-27 04:33:00,13.13556,80.4994,0.2,356.0,Cargo
419201005,MV Eastern Star,2017-01-27 04:33:00,12.16891,82.74718,13.5,285.5,Cargo
419201007,MV Sakthi Pride,2017-01-27 04:35:00,13.25159,80.31794,0,358.2,Cargo
419301002,MT Chennai Petro,2017-01-27 04:35:00,13.08816,80.52868,0.1,358.6,Tanker
419301005,MT Coastal Trader,2017-01-27 04:35:00,12.61689,81.1594,10.6,317.9,Tanker
419301001,MT Sanmar Spirit,2017-01-27 04:36:00,13.2427,80.34942,0.6,87.3,Tanker
419201001,MV Vishakha Star,2017-01-27 04:36:00,13.1901,80.47241,0,1.4,Cargo
419201010,MV KPL Vishal,2017-01-27 04:36:00,12.70247,81.55313,13.3,287.5,Cargo
419201003,MV Ennore Express,2017-01-27 04:37:00,13.26227,80.31952,0,0.2,Cargo
419201004,MV Coastal Glory,2017-01-27 04:37:00,13.27561,80.3162,0.2,358.2,Cargo
419201006,MV KPL Carrier,2017-01-27 04:37:00,13.24976,80.33272,0,87.0,Cargo
419301003,MT Coromandel King,2017-01-27 04:37:00,13.24411,80.34032,0,357.5,Tanker
538301001,MT Gulf Carrier,2017-01-27 04:37:00,13.0591,80.54935,0.2,358.7,Tanker
419601002,Tug KPL-2,2017-01-27 04:37:00,13.24002,80.30039,3.9,348.8,Tug
419201002,MV APJ Kiran,2017-01-27 04:38:00,13.1366,80.50018,0.0,5.2,Cargo
419301007,MT Bay Tanker,2017-01-27 04:38:00,13.15037,80.45966,0.3,1.0,Tanker
419053900,MT Dawn Kanchipuram,2017-01-27 04:39:00,12.16443,81.75256,9.4,319.7,Tanker
419301006,MT Triton,2017-01-27 04:39:00,13.26438,80.31024,0.0,0.2,Tanker
419301004,MT POL Voyager,2017-01-27 04:39:00,13.22671,80.41978,0.0,359.9,Tanker
419201008,MV Chennai Bulk,2017-01-27 04:39:00,12.19871,82.79896,12.4,285.2,Cargo
419201007,MV Sakthi Pride,2017-01-27 04:40:00,13.25266,80.31988,0,356.7,Cargo
419201004,MV Coastal Glory,2017-01-27 04:41:00,13.27408,80.31485,0.3,358.5,Cargo
419301001,MT Sanmar Spirit,2017-01-27 04:41:00,13.24487,80.34916,0.1,89.2,Tanker
419201001,MV Vishakha Star,2017-01-27 04:41:00,13.18764,80.46912,0.2,359.7,Cargo
419301005,MT Coastal Trader,2017-01-27 04:41:00,12.63013,81.14304,10.3,310.7,Tanker
419601003,Pilot KPL,2017-01-27 04:41:00,13.23087,80.30084,4.1,175.2,Tug
419201006,MV KPL Carrier,2017-01-27 04:42:00,13.24769,80.33386,0,90.9,Cargo
419301003,MT Coromandel King,2017-01-27 04:42:00,13.24685,80.34095,0.0,0.1,Tanker
419301002,MT Chennai Petro,2017-01-27 04:42:00,13.08752,80.529,0.0,0.3,Tanker
419201005,MV Eastern Star,2017-01-27 04:42:00,12.17732,82.71516,13.9,284.0,Cargo
419201003,MV Ennore Express,2017-01-27 04:43:00,13.26411,80.31719,0.3,1.3,Cargo
538301001,MT Gulf Carrier,2017-01-27 04:43:00,13.05744,80.55174,0,357.4,Tanker
419601001,Tug KPL-1,2017-01-27 04:43:00,13.25321,80.34061,3.2,197.7,Tug
419201002,MV APJ Kiran,2017-01-27 04:44:00,13.13521,80.49936,0.2,2.1,Cargo
419301004,MT POL Voyager,2017-01-27 04:44:00,13.22867,80.42066,0.2,3.2,Tanker
419501007,Pulicat FV-02,2017-01-27 04:44:00,13.64956,80.13981,4.3,264.6,Fishing
419601004,Tug Ennore,2017-01-27 04:44:00,13.25523,80.25626,3.9,126.3,Tug
419201004,MV Coastal Glory,2017-01-27 04:45:00,13.27529,80.31432,0.2,0.1,Cargo
419301001,MT Sanmar Spirit,2017-01-27 04:45:00,13.24315,80.35073,0.0,89.5,Tanker
419301006,MT Triton,2017-01-27 04:45:00,13.26508,80.30911,0.1,1.3,Tanker
419301007,MT Bay Tanker,2017-01-27 04:45:00,13.15064,80.45964,0.3,359.1,Tanker
419201010,MV KPL Vishal,2017-01-27 04:45:00,12.71053,81.52384,13.2,286.7,Cargo
419201007,MV Sakthi Pride,2017-01-27 04:46:00,13.25208,80.31622,0,359.4,Cargo
419201001,MV Vishakha Star,2017-01-27 04:46:00,13.18878,80.46928,0,5.5,Cargo
419401002,MV Coromandel Trade,2017-01-27 04:46:00,11.37335,82.40876,14.0,1.4,Container
419053900,MT Dawn Kanchipuram,2017-01-27 04:47:00,12.18359,81.73759,9.6,318.5,Tanker
419301003,MT Coromandel King,2017-01-27 04:47:00,13.24599,80.34065,0,0.4,Tanker
419201006,MV KPL Carrier,2017-01-27 04:48:00,13.24851,80.33143,0,88.4,Cargo
419301002,MT Chennai Petro,2017-01-27 04:48:00,13.08843,80.53014,0.3,358.2,Tanker
419201005,MV Eastern Star,2017-01-27 04:48:00,12.18456,82.68598,13.8,283.4,Cargo
419201003,MV Ennore Express,2017-01-27 04:49:00,13.26377,80.32067,0,357.4,Cargo
419301001,MT Sanmar Spirit,2017-01-27 04:49:00,13.2449,80.35164,0.0,87.4,Tanker
419301006,MT Triton,2017-01-27 04:49:00,13.26501,80.31077,0,360.0,Tanker
419301004,MT POL Voyager,2017-01-27 04:49:00,13.22886,80.41971,0,358.2,Tanker
419201008,MV Chennai Bulk,2017-01-27 04:49:00,12.20764,82.77242,12.7,285.9,Cargo
419301005,MT Coastal Trader,2017-01-27 04:49:00,12.64612,81.12491,10.4,313.3,Tanker
419301007,MT Bay Tanker,2017-01-27 04:50:00,13.14945,80.45999,0.1,357.9,Tanker
538301001,MT Gulf Carrier,2017-01-27 04:50:00,13.0595,80.54844,0.6,359.4,Tanker
419201004,MV Coastal Glory,2017-01-27 04:51:00,13.27712,80.31558,0.4,356.6,Cargo
419201007,MV Sakthi Pride,2017-01-27 04:51:00,13.25058,80.31846,0,0.4,Cargo
419201002,MV APJ Kiran,2017-01-27 04:51:00,13.13537,80.50145,0.4,359.4,Cargo
419301003,MT Coromandel King,2017-01-27 04:52:00,13.24557,80.33975,0,359.5,Tanker
419201006,MV KPL Carrier,2017-01-27 04:53:00,13.24706,80.33283,0,91.3,Cargo
419201001,MV Vishakha Star,2017-01-27 04:53:00,13.18852,80.47044,0.3,359.6,Cargo
419301002,MT Chennai Petro,2017-01-27 04:53:00,13.08877,80.53015,0,4.0,Tanker
419201010,MV KPL Vishal,2017-01-27 04:53:00,12.72084,81.49795,12.7,288.4,Cargo
419201003,MV Ennore Express,2017-01-27 04:55:00,13.26278,80.31925,0.1,1.1,Cargo
419301001,MT Sanmar Spirit,2017-01-27 04:55:00,13.24319,80.35049,0.0,85.8,Tanker
419301006,MT Triton,2017-01-27 04:55:00,13.26586,80.31036,0.3,3.1,Tanker
538301001,MT Gulf Carrier,2017-01-27 04:55:00,13.05648,80.54957,0.2,355.5,Tanker
419201008,MV Chennai Bulk,2017-01-27 04:55:00,12.21664,82.74575,12.3,287.8,Cargo
419053900,MT Dawn Kanchipuram,2017-01-27 04:56:00,12.1975,81.72389,9.7,323.5,Tanker
419201004,MV Coastal Glory,2017-01-27 04:56:00,13.27711,80.315,0.5,1.1,Cargo
419201007,MV Sakthi Pride,2017-01-27 04:56:00,13.25194,80.31876,0,3.3,Cargo
419301004,MT POL Voyager,2017-01-27 04:56:00,13.22805,80.42025,0,0.8,Tanker
419301007,MT Bay Tanker,2017-01-27 04:56:00,13.15025,80.4601,0,0.4,Tanker
419301003,MT Coromandel King,2017-01-27 04:57:00,13.24583,80.3386,0.5,356.8,Tanker
419601001,Tug KPL-1,2017-01-27 04:57:00,13.22674,80.29268,4.3,327.9,Tug
419201002,MV APJ Kiran,2017-01-27 04:58:00,13.13681,80.49931,0.4,3.9,Cargo
419201005,MV Eastern Star,2017-01-27 04:58:00,12.193,82.65464,13.3,286.4,Cargo
419301005,MT Coastal Trader,2017-01-27 04:58:00,12.662,81.10853,10.2,312.1,Tanker
419601002,Tug KPL-2,2017-01-27 04:58:00,13.23351,80.31714,4.2,276.9,Tug
419601004,Tug Ennore,2017-01-27 04:58:00,13.24815,80.28354,4.2,200.0,Tug
419201006,MV KPL Carrier,2017-01-27 04:59:00,13.247,80.33247,1.0,88.6,Cargo
419301001,MT Sanmar Spirit,2017-01-27 04:59:00,13.24539,80.35031,0,89.6,Tanker
419201004,MV Coastal Glory,2017-01-27 05:00:00,13.27644,80.31539,0,2.9,Cargo
419301006,MT Triton,2017-01-27 05:00:00,13.26698,80.30994,0.1,2.2,Tanker
419201001,MV Vishakha Star,2017-01-27 05:00:00,13.18922,80.47055,0.2,359.4,Cargo
419301002,MT Chennai Petro,2017-01-27 05:00:00,13.08919,80.53055,0,2.1,Tanker
419201003,MV Ennore Express,2017-01-27 05:01:00,13.26158,80.32062,0.2,358.4,Cargo
538301001,MT Gulf Carrier,2017-01-27 05:01:00,13.05784,80.54889,0,359.1,Tanker
419601003,Pilot KPL,2017-01-27 05:01:00,13.24314,80.31144,5.0,63.4,Tug
419201007,MV Sakthi Pride,2017-01-27 05:02:00,13.25277,80.31838,0,0.2,Cargo
419301007,MT Bay Tanker,2017-01-27 05:02:00,13.14855,80.45931,0,357.4,Tanker
419053900,MT Dawn Kanchipuram,2017-01-27 05:03:00,12.21767,81.71063,9.8,320.4,Tanker
419301003,MT Coromandel King,2017-01-27 05:03:00,13.24563,80.33929,0,3.4,Tanker
419201002,MV APJ Kiran,2017-01-27 05:03:00,13.13832,80.49977,0.1,359.6,Cargo
419301004,MT POL Voyager,2017-01-27 05:03:00,13.22836,80.42006,0.2,358.5,Tanker
419201010,MV KPL Vishal,2017-01-27 05:03:00,12.73247,81.4668,13.3,288.0,Cargo
419201006,MV KPL Carrier,2017-01-27 05:04:00,13.24744,80.33315,0.0,86.7,Cargo
419201008,MV Chennai Bulk,2017-01-27 05:04:00,12.22407,82.71878,12.1,286.0,Cargo
419401002,MV Coromandel Trade,2017-01-27 05:04:00,11.43202,82.41324,13.7,1.9,Container
419501007,Pulicat FV-02,2017-01-27 05:04:00,13.64893,80.11959,3.9,265.8,Fishing
419201004,MV Coastal Glory,2017-01-27 05:05:00,13.2759,80.3152,0.5,4.4,Cargo
419301001,MT Sanmar Spirit,2017-01-27 05:05:00,13.24504,80.35071,0,93.3,Tanker
419501014,Chennai FV-11,2017-01-27 05:05:00,13.08092,80.43923,4.1,315.8,Fishing
419201003,MV Ennore Express,2017-01-27 05:06:00,13.2637,80.32043,0.4,3.8,Cargo
419201007,MV Sakthi Pride,2017-01-27 05:06:00,13.25283,80.31696,0.2,0.6,Cargo
419301006,MT Triton,2017-01-27 05:06:00,13.26594,80.31122,0.3,354.9,Tanker
419201001,MV Vishakha Star,2017-01-27 05:06:00,13.18824,80.4681,0,358.5,Cargo
419301002,MT Chennai Petro,2017-01-27 05:07:00,13.08754,80.5295,0,2.8,Tanker
419301007,MT Bay Tanker,2017-01-27 05:07:00,13.14957,80.46092,0,0.6,Tanker
538301001,MT Gulf Carrier,2017-01-27 05:07:00,13.05866,80.54992,0,0.6,Tanker
419201005,MV Eastern Star,2017-01-27 05:07:00,12.1998,82.62459,14.2,281.7,Cargo
419201002,MV APJ Kiran,2017-01-27 05:08:00,13.13568,80.50034,0.1,358.0,Cargo
419301005,MT Coastal Trader,2017-01-27 05:08:00,12.67654,81.09142,10.1,313.2,Tanker
419501004,Ennore FV-11,2017-01-27 05:08:00,13.28156,80.33067,4.7,150.2,Fishing
419201004,MV Coastal Glory,2017-01-27 05:09:00,13.27736,80.31391,0.1,0.4,Cargo
419201006,MV KPL Carrier,2017-01-27 05:09:00,13.24759,80.33394,0,92.9,Cargo
419301003,MT Coromandel King,2017-01-27 05:09:00,13.24638,80.34049,0.7,358.7,Tanker
419301004,MT POL Voyager,2017-01-27 05:09:00,13.22986,80.41917,0,358.8,Tanker
419501010,North FV-01,2017-01-27 05:09:00,13.13997,80.40918,5.6,66.1,Fishing
419301006,MT Triton,2017-01-27 05:10:00,13.26511,80.31087,0.3,358.8,Tanker
419201003,MV Ennore Express,2017-01-27 05:11:00,13.26377,80.3199,0.3,1.6,Cargo
419301001,MT Sanmar Spirit,2017-01-27 05:11:00,13.2423,80.35236,0.3,89.9,Tanker
419201010,MV KPL Vishal,2017-01-27 05:11:00,12.74047,81.44035,13.1,287.9,Cargo
419053900,MT Dawn Kanchipuram,2017-01-27 05:12:00,12.23556,81.69634,10.0,323.7,Tanker
419201007,MV Sakthi Pride,2017-01-27 05:12:00,13.25269,80.31701,0,359.4,Cargo
419201001,MV Vishakha Star,2017-01-27 05:12:00,13.18821,80.46934,0,358.4,Cargo
419301002,MT Chennai Petro,2017-01-27 05:12:00,13.089,80.5295,0,1.3,Tanker
419201006,MV KPL Carrier,2017-01-27 05:13:00,13.24838,80.33237,0.2,90.5,Cargo
419301003,MT Coromandel King,2017-01-27 05:13:00,13.24473,80.33936,0,358.0,Tanker
419201002,MV APJ Kiran,2017-01-27 05:13:00,13.13679,80.50062,0.6,359.9,Cargo
419301007,MT Bay Tanker,2017-01-27 05:13:00,13.15008,80.45948,0.4,359.4,Tanker
538301001,MT Gulf Carrier,2017-01-27 05:13:00,13.05847,80.55062,0.2,356.0,Tanker
419201008,MV Chennai Bulk,2017-01-27 05:13:00,12.23157,82.69221,12.5,283.9,Cargo
419201004,MV Coastal Glory,2017-01-27 05:14:00,13.2793,80.31522,0.4,359.7,Cargo
419301006,MT Triton,2017-01-27 05:14:00,13.2649,80.3106,0.2,3.2,Tanker
419201005,MV Eastern Star,2017-01-27 05:14:00,12.20912,82.59441,13.9,283.0,Cargo
419301004,MT POL Voyager,2017-01-27 05:15:00,13.23018,80.41971,0.0,1.5,Tanker
419201003,MV Ennore Express,2017-01-27 05:16:00,13.2647,80.31889,0,0.2,Cargo
419201007,MV Sakthi Pride,2017-01-27 05:16:00,13.25393,80.316,0,357.7,Cargo
419301001,MT Sanmar Spirit,2017-01-27 05:16:00,13.2449,80.35103,0.4,91.3,Tanker
419301002,MT Chennai Petro,2017-01-27 05:17:00,13.08826,80.52813,0.4,359.7,Tanker
636201001,MV Fortune Bulker,2017-01-27 05:17:00,11.59988,83.59953,13.7,276.0,Cargo
419201010,MV KPL Vishal,2017-01-27 05:17:00,12.75059,81.41314,13.2,288.2,Cargo
419301005,MT Coastal Trader,2017-01-27 05:17:00,12.69152,81.07379,9.9,311.1,Tanker
419201006,MV KPL Carrier,2017-01-27 05:18:00,13.24662,80.33353,0.7,87.6,Cargo
419301003,MT Coromandel King,2017-01-27 05:18:00,13.24576,80.3393,0.3,357.6,Tanker
419301006,MT Triton,2017-01-27 05:18:00,13.26412,80.3101,0.6,359.7,Tanker
419201002,MV APJ Kiran,2017-01-27 05:18:00,13.13809,80.50042,0.0,357.4,Cargo
419301007,MT Bay Tanker,2017-01-27 05:18:00,13.1493,80.46171,0,359.3,Tanker
419601003,Pilot KPL,2017-01-27 05:18:00,13.26549,80.31068,4.5,114.6,Tug
419201001,MV Vishakha Star,2017-01-27 05:19:00,13.1894,80.46981,0,0.9,Cargo
419601002,Tug KPL-2,2017-01-27 05:19:00,13.21938,80.31201,4.2,298.2,Tug
419201004,MV Coastal Glory,2017-01-27 05:20:00,13.27608,80.3153,0.8,3.9,Cargo
538301001,MT Gulf Carrier,2017-01-27 05:20:00,13.05877,80.54916,0,358.1,Tanker
419201008,MV Chennai Bulk,2017-01-27 05:20:00,12.24221,82.66592,12.8,285.0,Cargo
419401002,MV Coromandel Trade,2017-01-27 05:20:00,11.48767,82.41365,14.0,3.7,Container
419053900,MT Dawn Kanchipuram,2017-01-27 05:21:00,12.25178,81.68341,9.4,323.7,Tanker
419301001,MT Sanmar Spirit,2017-01-27 05:21:00,13.24481,80.35255,0.1,89.5,Tanker
419301004,MT POL Voyager,2017-01-27 05:21:00,13.22948,80.42095,0.3,359.3,Tanker
419501007,Pulicat FV-02,2017-01-27 05:21:00,13.64531,80.09633,4.6,261.4,Fishing
419201003,MV Ennore Express,2017-01-27 05:22:00,13.26509,80.31938,0.2,1.5,Cargo
419201006,MV KPL Carrier,2017-01-27 05:22:00,13.2487,80.33336,0.2,91.9,Cargo
419201007,MV Sakthi Pride,2017-01-27 05:22:00,13.25165,80.31678,0,357.7,Cargo
419301006,MT Triton,2017-01-27 05:22:00,13.26471,80.30965,0.2,1.6,Tanker
419301002,MT Chennai Petro,2017-01-27 05:22:00,13.09041,80.53124,0.1,4.9,Tanker
419501014,Chennai FV-11,2017-01-27 05:22:00,13.09411,80.42507,3.6,315.6,Fishing
636201001,MV Fortune Bulker,2017-01-27 05:23:00,11.60621,83.57047,14.0,281.0,Cargo
419201010,MV KPL Vishal,2017-01-27 05:23:00,12.76108,81.38272,13.1,292.7,Cargo
419601001,Tug KPL-1,2017-01-27 05:23:00,13.2205,80.27275,5.0,326.4,Tug
419301003,MT Coromandel King,2017-01-27 05:24:00,13.24744,80.34058,0.2,359.4,Tanker
419201002,MV APJ Kiran,2017-01-27 05:24:00,13.13919,80.49911,0.2,0.8,Cargo
419301007,MT Bay Tanker,2017-01-27 05:24:00,13.15126,80.46031,0.4,1.2,Tanker
419201005,MV Eastern Star,2017-01-27 05:24:00,12.21693,82.56482,13.8,282.1,Cargo
419301005,MT Coastal Trader,2017-01-27 05:24:00,12.70859,81.05743,10.0,308.8,Tanker
419601004,Tug Ennore,2017-01-27 05:24:00,13.24864,80.25134,3.7,8.9,Tug
419201004,MV Coastal Glory,2017-01-27 05:25:00,13.27883,80.31553,0.5,358.5,Cargo
419301001,MT Sanmar Spirit,2017-01-27 05:25:00,13.24381,80.35288,0.1,86.7,Tanker
419201001,MV Vishakha Star,2017-01-27 05:25:00,13.18953,80.4708,0,0.6,Cargo
419201003,MV Ennore Express,2017-01-27 05:26:00,13.2633,80.32036,0.1,2.1,Cargo
419201007,MV Sakthi Pride,2017-01-27 05:26:00,13.252,80.31805,0,0.7,Cargo
538301001,MT Gulf Carrier,2017-01-27 05:26:00,13.05834,80.55064,0.3,358.0,Tanker
419201006,MV KPL Carrier,2017-01-27 05:27:00,13.24804,80.33465,0.4,92.8,Cargo
419301002,MT Chennai Petro,2017-01-27 05:27:00,13.08814,80.53118,0.2,359.3,Tanker
419301004,MT POL Voyager,2017-01-27 05:27:00,13.22852,80.41879,0,359.4,Tanker
419501003,Chennai FV-03,2017-01-27 05:27:00,13.34024,80.26905,4.0,233.5,Fishing
419301006,MT Triton,2017-01-27 05:28:00,13.26573,80.31077,0,358.9,Tanker
419201008,MV Chennai Bulk,2017-01-27 05:28:00,12.24769,82.63717,12.6,288.7,Cargo
419053900,MT Dawn Kanchipuram,2017-01-27 05:29:00,12.2703,81.66984,10.1,321.2,Tanker
419201004,MV Coastal Glory,2017-01-27 05:29:00,13.27947,80.31453,0,359.7,Cargo
419201002,MV APJ Kiran,2017-01-27 05:29:00,13.13826,80.49951,0,2.2,Cargo
419301007,MT Bay Tanker,2017-01-27 05:29:00,13.15001,80.4587,0,357.0,Tanker
419201003,MV Ennore Express,2017-01-27 05:30:00,13.26453,80.31923,0,356.7,Cargo
419201007,MV Sakthi Pride,2017-01-27 05:30:00,13.25238,80.31817,0.1,1.0,Cargo
419301003,MT Coromandel King,2017-01-27 05:30:00,13.24716,80.34008,0.3,356.8,Tanker
636201001,MV Fortune Bulker,2017-01-27 05:30:00,11.61025,83.53801,13.7,278.6,Cargo
419501004,Ennore FV-11,2017-01-27 05:30:00,13.26184,80.34425,4.9,145.2,Fishing
419301001,MT Sanmar Spirit,2017-01-27 05:31:00,13.24477,80.35321,0.9,89.6,Tanker
419201001,MV Vishakha Star,2017-01-27 05:31:00,13.18893,80.46968,0,1.1,Cargo
419201010,MV KPL Vishal,2017-01-27 05:31:00,12.77178,81.35525,12.8,287.1,Cargo
419301005,MT Coastal Trader,2017-01-27 05:31:00,12.72247,81.04006,10.0,308.7,Tanker
419201006,MV KPL Carrier,2017-01-27 05:32:00,13.24955,80.33284,0.4,86.5,Cargo
419301004,MT POL Voyager,2017-01-27 05:32:00,13.22794,80.41858,0,359.1,Tanker
419501010,North FV-01,2017-01-27 05:32:00,13.15382,80.43751,5.8,62.5,Fishing
419301006,MT Triton,2017-01-27 05:33:00,13.26436,80.30975,0.0,3.2,Tanker
419301002,MT Chennai Petro,2017-01-27 05:33:00,13.08884,80.52953,0.1,357.9,Tanker
538301001,MT Gulf Carrier,2017-01-27 05:33:00,13.05781,80.54914,0.5,1.0,Tanker
419201003,MV Ennore Express,2017-01-27 05:34:00,13.26291,80.3208,0.1,358.9,Cargo
419201004,MV Coastal Glory,2017-01-27 05:34:00,13.27856,80.31352,0,359.4,Cargo
419201002,MV APJ Kiran,2017-01-27 05:34:00,13.1372,80.50114,0.7,357.4,Cargo
419301007,MT Bay Tanker,2017-01-27 05:34:00,13.15117,80.45901,0.3,1.3,Tanker
419201005,MV Eastern Star,2017-01-27 05:34:00,12.22527,82.53318,13.4,284.6,Cargo
419301003,MT Coromandel King,2017-01-27 05:35:00,13.24454,80.34144,0.1,359.0,Tanker
419201006,MV KPL Carrier,2017-01-27 05:36:00,13.2488,80.33386,0,90.3,Cargo
419201007,MV Sakthi Pride,2017-01-27 05:36:00,13.25185,80.31889,0,357.1,Cargo
419301001,MT Sanmar Spirit,2017-01-27 05:36:00,13.24489,80.35115,0,87.8,Tanker
419201008,MV Chennai Bulk,2017-01-27 05:36:00,12.25755,82.61188,12.4,287.7,Cargo
419501007,Pulicat FV-02,2017-01-27 05:36:00,13.64479,80.07438,4.2,264.8,Fishing
419601002,Tug KPL-2,2017-01-27 05:36:00,13.22604,80.33006,4.9,174.3,Tug
419201001,MV Vishakha Star,2017-01-27 05:37:00,13.19021,80.47076,0,358.2,Cargo
419201010,MV KPL Vishal,2017-01-27 05:37:00,12.7819,81.32702,13.4,292.3,Cargo
419601003,Pilot KPL,2017-01-27 05:37:00,13.24318,80.3211,4.8,124.0,Tug
419301006,MT Triton,2017-01-27 05:38:00,13.26463,80.30977,0.2,1.2,Tanker
419301004,MT POL Voyager,2017-01-27 05:38:00,13.22723,80.42062,0.5,359.1,Tanker
636201001,MV Fortune Bulker,2017-01-27 05:38:00,11.61737,83.50659,14.0,279.0,Cargo
419401002,MV Coromandel Trade,2017-01-27 05:38:00,11.5482,82.41913,13.7,3.3,Container
419053900,MT Dawn Kanchipuram,2017-01-27 05:39:00,12.28531,81.65693,9.7,323.0,Tanker
419201003,MV Ennore Express,2017-01-27 05:39:00,13.26235,80.32003,0.1,4.2,Cargo
419201004,MV Coastal Glory,2017-01-27 05:39:00,13.27863,80.31348,0,2.4,Cargo
419301003,MT Coromandel King,2017-01-27 05:39:00,13.24764,80.33883,0.2,2.8,Tanker
419201002,MV APJ Kiran,2017-01-27 05:40:00,13.13991,80.50105,0.0,2.1,Cargo
419301002,MT Chennai Petro,2017-01-27 05:40:00,13.08825,80.52878,0.2,0.2,Tanker
538301001,MT Gulf Carrier,2017-01-27 05:40:00,13.05909,80.54894,0.1,357.9,Tanker
419301005,MT Coastal Trader,2017-01-27 05:40:00,12.73603,81.02134,10.5,309.6,Tanker
419601001,Tug KPL-1,2017-01-27 05:40:00,13.21557,80.30008,3.7,52.1,Tug
419201006,MV KPL Carrier,2017-01-27 05:41:00,13.24806,80.33661,0,89.2,Cargo
419201007,MV Sakthi Pride,2017-01-27 05:41:00,13.25233,80.31701,0.1,358.6,Cargo
419301007,MT Bay Tanker,2017-01-27 05:41:00,13.15003,80.46068,0,358.0,Tanker
419301001,MT Sanmar Spirit,2017-01-27 05:42:00,13.24477,80.35293,0.3,88.5,Tanker
419301006,MT Triton,2017-01-27 05:42:00,13.26492,80.31009,0,3.1,Tanker
419501014,Chennai FV-11,2017-01-27 05:42:00,13.10649,80.41156,4.0,313.5,Fishing
419201001,MV Vishakha Star,2017-01-27 05:43:00,13.18917,80.47111,0.1,357.2,Cargo
419301004,MT POL Voyager,2017-01-27 05:43:00,13.22876,80.42099,0,1.5,Tanker
419201008,MV Chennai Bulk,2017-01-27 05:43:00,12.26441,82.5831,12.2,287.7,Cargo
419601004,Tug Ennore,2017-01-27 05:43:00,13.25777,80.2972,4.5,189.7,Tug
419301003,MT Coromandel King,2017-01-27 05:44:00,13.24772,80.33963,0,358.8,Tanker
419201005,MV Eastern Star,2017-01-27 05:44:00,12.23431,82.50409,14.0,283.1,Cargo
419501003,Chennai FV-03,2017-01-27 05:44:00,13.32758,80.25463,4.0,233.7,Fishing
419201003,MV Ennore Express,2017-01-27 05:45:00,13.26358,80.31957,0,358.2,Cargo
419201004,MV Coastal Glory,2017-01-27 05:45:00,13.27913,80.31606,0.1,1.7,Cargo
538301001,MT Gulf Carrier,2017-01-27 05:45:00,13.0591,80.55113,0.3,2.0,Tanker
419501004,Ennore FV-11,2017-01-27 05:45:00,13.23846,80.3555,4.8,152.1,Fishing
419201006,MV KPL Carrier,2017-01-27 05:46:00,13.24822,80.33531,0.1,88.9,Cargo
419201007,MV Sakthi Pride,2017-01-27 05:46:00,13.25247,80.31549,0.2,359.2,Cargo
419301001,MT Sanmar Spirit,2017-01-27 05:46:00,13.24453,80.35403,0.7,92.6,Tanker
419201002,MV APJ Kiran,2017-01-27 05:46:00,13.13941,80.49968,0.1,358.9,Cargo
419201010,MV KPL Vishal,2017-01-27 05:46:00,12.7918,81.29875,13.1,290.8,Cargo
419501010,North FV-01,2017-01-27 05:46:00,13.16523,80.4627,5.7,68.1,Fishing
419301002,MT Chennai Petro,2017-01-27 05:47:00,13.08991,80.52986,0.4,0.8,Tanker
419301007,MT Bay Tanker,2017-01-27 05:47:00,13.15025,80.4606,0,358.9,Tanker
419301005,MT Coastal Trader,2017-01-27 05:47:00,12.75203,81.00494,10.2,308.5,Tanker
419053900,MT Dawn Kanchipuram,2017-01-27 05:48:00,12.30191,81.64161,10.0,321.9,Tanker
419301006,MT Triton,2017-01-27 05:48:00,13.26545,80.30967,0.4,3.1,Tanker
636201001,MV Fortune Bulker,2017-01-27 05:48:00,11.6206,83.4758,13.9,277.5,Cargo
419201003,MV Ennore Express,2017-01-27 05:49:00,13.26465,80.3192,0.6,359.3,Cargo
419301003,MT Coromandel King,2017-01-27 05:49:00,13.24808,80.34148,0,359.3,Tanker
419201001,MV Vishakha Star,2017-01-27 05:49:00,13.18859,80.4704,0.2,359.0,Cargo
419201006,MV KPL Carrier,2017-01-27 05:50:00,13.2475,80.33462,0.1,87.6,Cargo
419201007,MV Sakthi Pride,2017-01-27 05:50:00,13.25054,80.3189,0.3,2.2,Cargo
419301001,MT Sanmar Spirit,2017-01-27 05:50:00,13.24586,80.35395,0.4,88.3,Tanker
419301004,MT POL Voyager,2017-01-27 05:50:00,13.23059,80.42081,0.3,4.3,Tanker
419401002,MV Coromandel Trade,2017-01-27 05:50:00,11.60548,82.42339,13.8,4.2,Container
419201004,MV Coastal Glory,2017-01-27 05:51:00,13.28108,80.31504,0.3,5.4,Cargo
419201002,MV APJ Kiran,2017-01-27 05:51:00,13.13959,80.50003,0.1,358.2,Cargo
538301001,MT Gulf Carrier,2017-01-27 05:51:00,13.05879,80.54951,0,358.6,Tanker
419301007,MT Bay Tanker,2017-01-27 05:53:00,13.15014,80.45876,0.2,2.8,Tanker
419201008,MV Chennai Bulk,2017-01-27 05:53:00,12.27174,82.55902,12.1,288.3,Cargo
419053900,MT Dawn Kanchipuram,2017-01-27 05:54:00,12.31953,81.62739,9.7,320.1,Tanker
419301006,MT Triton,2017-01-27 05:54:00,13.26503,80.31163,0.3,2.5,Tanker
419301002,MT Chennai Petro,2017-01-27 05:54:00,13.0908,80.53021,0,359.6,Tanker
419201005,MV Eastern Star,2017-01-27 05:54:00,12.24007,82.4733,13.7,282.8,Cargo
419301005,MT Coastal Trader,2017-01-27 05:54:00,12.76817,80.98858,9.8,311.9,Tanker
419201003,MV Ennore Express,2017-01-27 05:55:00,13.26405,80.31884,0.5,1.1,Cargo
419201004,MV Coastal Glory,2017-01-27 05:55:00,13.281,80.3132,0.6,5.1,Cargo
419201006,MV KPL Carrier,2017-01-27 05:55:00,13.24982,80.33521,0.4,91.5,Cargo
419301001,MT Sanmar Spirit,2017-01-27 05:55:00,13.24471,80.35303,0.4,88.3,Tanker
419301003,MT Coromandel King,2017-01-27 05:55:00,13.24683,80.34127,0.1,359.3,Tanker
419201001,MV Vishakha Star,2017-01-27 05:55:00,13.19086,80.47017,0.4,358.5,Cargo
419201007,MV Sakthi Pride,2017-01-27 05:56:00,13.25253,80.31781,0,0.7,Cargo
419201002,MV APJ Kiran,2017-01-27 05:56:00,13.13921,80.49979,0.2,359.2,Cargo
636201001,MV Fortune Bulker,2017-01-27 05:56:00,11.62775,83.44466,13.8,279.6,Cargo
419201010,MV KPL Vishal,2017-01-27 05:56:00,12.80044,81.27067,13.2,287.7,Cargo
419601003,Pilot KPL,2017-01-27 05:56:00,13.25377,80.32088,4.1,169.3,Tug
419301004,MT POL Voyager,2017-01-27 05:57:00,13.22914,80.42045,0,358.3,Tanker
538301001,MT Gulf Carrier,2017-01-27 05:57:00,13.05973,80.54787,0.1,358.6,Tanker
419501007,Pulicat FV-02,2017-01-27 05:57:00,13.64336,80.05285,4.3,263.6,Fishing
419301006,MT Triton,2017-01-27 05:58:00,13.26498,80.30958,0.5,357.4,Tanker
419301007,MT Bay Tanker,2017-01-27 05:58:00,13.14954,80.45857,0,2.4,Tanker
419601001,Tug KPL-1,2017-01-27 05:58:00,13.24066,80.28398,4.8,64.0,Tug
419201006,MV KPL Carrier,2017-01-27 05:59:00,13.2484,80.33632,0,90.8,Cargo
419301003,MT Coromandel King,2017-01-27 06:00:00,13.24476,80.34105,0,358.3,Tanker
419301002,MT Chennai Petro,2017-01-27 06:00:00,13.09025,80.53014,0,0.4,Tanker
419201005,MV Eastern Star,2017-01-27 06:00:00,12.24699,82.4421,14.1,282.5,Cargo
419053900,MT Dawn Kanchipuram,2017-01-27 06:01:00,12.33833,81.61387,9.8,320.5,Tanker
419201003,MV Ennore Express,2017-01-27 06:01:00,13.26318,80.31945,0.3,359.4,Cargo
419201004,MV Coastal Glory,2017-01-27 06:01:00,13.28048,80.31453,0.3,358.4,Cargo
419201007,MV Sakthi Pride,2017-01-27 06:01:00,13.25041,80.31775,0,0.2,Cargo
419301001,MT Sanmar Spirit,2017-01-27 06:01:00,13.24483,80.35331,0.1,88.7,Tanker
419201001,MV Vishakha Star,2017-01-27 06:01:00,13.19021,80.46974,0.4,2.4,Cargo
419201008,MV Chennai Bulk,2017-01-27 06:01:00,12.27955,82.52831,12.9,281.0,Cargo
419301005,MT Coastal Trader,2017-01-27 06:01:00,12.78459,80.97259,9.9,310.5,Tanker
419501004,Ennore FV-11,2017-01-27 06:01:00,13.21952,80.3684,4.8,148.0,Fishing
419501010,North FV-01,2017-01-27 06:01:00,13.18002,80.49031,5.9,65.3,Fishing
419501014,Chennai FV-11,2017-01-27 06:01:00,13.12072,80.39746,4.1,313.9,Fishing
419601004,Tug Ennore,2017-01-27 06:01:00,13.25877,80.27745,3.8,38.5,Tug
419201002,MV APJ Kiran,2017-01-27 06:02:00,13.14009,80.50115,0.2,357.9,Cargo
419501003,Chennai FV-03,2017-01-27 06:02:00,13.31586,80.23812,3.9,232.7,Fishing
419601002,Tug KPL-2,2017-01-27 06:02:00,13.26029,80.29694,4.3,163.2,Tug
419201006,MV KPL Carrier,2017-01-27 06:03:00,13.24775,80.33553,0,91.0,Cargo
419301006,MT Triton,2017-01-27 06:03:00,13.26565,80.30909,0,358.8,Tanker
419301004,MT POL Voyager,2017-01-27 06:03:00,13.22843,80.41992,0.1,0.6,Tanker
636201001,MV Fortune Bulker,2017-01-27 06:03:00,11.6319,83.41315,13.9,280.1,Cargo
419301007,MT Bay Tanker,2017-01-27 06:04:00,13.15003,80.46086,0.1,358.9,Tanker
538301001,MT Gulf Carrier,2017-01-27 06:04:00,13.0597,80.55022,0.2,359.5,Tanker
419401002,MV Coromandel Trade,2017-01-27 06:04:00,11.66386,82.42481,13.7,3.0,Container
419201003,MV Ennore Express,2017-01-27 06:05:00,13.26425,80.31867,0.1,1.1,Cargo
419201007,MV Sakthi Pride,2017-01-27 06:05:00,13.25236,80.31804,0.0,357.9,Cargo
419301003,MT Coromandel King,2017-01-27 06:05:00,13.24679,80.3406,0,0.9,Tanker
419201010,MV KPL Vishal,2017-01-27 06:05:00,12.81233,81.24057,13.0,290.6,Cargo
636401001,MV Atlantic Bridge,2017-01-27 06:05:00,15.4999,82.1011,16.6,350.7,Container
419301001,MT Sanmar Spirit,2017-01-27 06:06:00,13.24463,80.35346,0.2,90.6,Tanker
419301002,MT Chennai Petro,2017-01-27 06:06:00,13.08926,80.52986,0.4,1.7,Tanker
419053900,MT Dawn Kanchipuram,2017-01-27 06:07:00,12.35443,81.59898,9.5,321.0,Tanker
419201004,MV Coastal Glory,2017-01-27 06:07:00,13.28155,80.31672,0.6,4.6,Cargo
419201006,MV KPL Carrier,2017-01-27 06:07:00,13.24847,80.33465,0.2,92.1,Cargo
419201001,MV Vishakha Star,2017-01-27 06:07:00,13.19099,80.47088,0,359.6,Cargo
419301006,MT Triton,2017-01-27 06:08:00,13.26555,80.31069,0,359.0,Tanker
419201008,MV Chennai Bulk,2017-01-27 06:08:00,12.28747,82.50299,12.2,285.4,Cargo
419301005,MT Coastal Trader,2017-01-27 06:08:00,12.79808,80.95221,10.6,314.9,Tanker
419201007,MV Sakthi Pride,2017-01-27 06:09:00,13.25044,80.31869,0,359.0,Cargo
419301003,MT Coromandel King,2017-01-27 06:09:00,13.24614,80.34107,0.1,3.5,Tanker
419201002,MV APJ Kiran,2017-01-27 06:09:00,13.14039,80.49958,0.6,355.7,Cargo
538301001,MT Gulf Carrier,2017-01-27 06:09:00,13.06072,80.5498,0.1,4.7,Tanker
419201003,MV Ennore Express,2017-01-27 06:10:00,13.26371,80.32099,0.2,1.1,Cargo
419301001,MT Sanmar Spirit,2017-01-27 06:10:00,13.24537,80.35316,0.1,89.3,Tanker
419301004,MT POL Voyager,2017-01-27 06:10:00,13.22947,80.42059,0,0.4,Tanker
419301007,MT Bay Tanker,2017-01-27 06:10:00,13.15106,80.46012,0,4.6,Tanker
419201005,MV Eastern Star,2017-01-27 06:10:00,12.2568,82.41248,13.8,285.7,Cargo
636201001,MV Fortune Bulker,2017-01-27 06:11:00,11.6376,83.38305,13.8,281.1,Cargo
419501007,Pulicat FV-02,2017-01-27 06:11:00,13.64096,80.02804,4.1,265.7,Fishing
419501009,Kovalam FV-02,2017-01-27 06:11:00,12.81112,80.24022,3.0,103.5,Fishing
419201006,MV KPL Carrier,2017-01-27 06:12:00,13.24846,80.33595,0.1,91.1,Cargo
419301006,MT Triton,2017-01-27 06:12:00,13.26455,80.30983,0,359.3,Tanker
419201004,MV Coastal Glory,2017-01-27 06:13:00,13.28061,80.31482,0.5,358.3,Cargo
419301002,MT Chennai Petro,2017-01-27 06:13:00,13.08935,80.53042,0.3,4.0,Tanker
419201010,MV KPL Vishal,2017-01-27 06:13:00,12.81958,81.21325,13.5,286.1,Cargo
419201007,MV Sakthi Pride,2017-01-27 06:14:00,13.2518,80.31771,0,359.3,Cargo
419301001,MT Sanmar Spirit,2017-01-27 06:14:00,13.24402,80.35602,0,88.7,Tanker
419301003,MT Coromandel King,2017-01-27 06:14:00,13.24826,80.34166,0.2,0.1,Tanker
419201001,MV Vishakha Star,2017-01-27 06:14:00,13.18996,80.46924,0.4,1.2,Cargo
538301001,MT Gulf Carrier,2017-01-27 06:14:00,13.05864,80.5485,0.4,3.0,Tanker
419201003,MV Ennore Express,2017-01-27 06:15:00,13.26575,80.31931,0,358.6,Cargo
419301007,MT Bay Tanker,2017-01-27 06:15:00,13.14965,80.45969,0,358.7,Tanker
419501005,Ennore FV-12,2017-01-27 06:15:00,13.2414,80.36784,5.3,288.0,Fishing
419301006,MT Triton,2017-01-27 06:16:00,13.26442,80.30949,0,1.1,Tanker
419201002,MV APJ Kiran,2017-01-27 06:16:00,13.14035,80.49833,0,2.4,Cargo
419301004,MT POL Voyager,2017-01-27 06:16:00,13.23024,80.41914,0.2,359.8,Tanker
419301005,MT Coastal Trader,2017-01-27 06:16:00,12.81437,80.93461,10.0,318.0,Tanker
419501012,Royapuram FV,2017-01-27 06:16:00,13.11051,80.32004,5.2,137.2,Fishing
419601004,Tug Ennore,2017-01-27 06:16:00,13.25392,80.30547,4.1,48.8,Tug
419053900,MT Dawn Kanchipuram,2017-01-27 06:17:00,12.371,81.58751,10.1,326.2,Tanker
419201004,MV Coastal Glory,2017-01-27 06:17:00,13.28158,80.31548,0,357.4,Cargo
419201008,MV Chennai Bulk,2017-01-27 06:17:00,12.29543,82.47546,12.4,287.2,Cargo
419201006,MV KPL Carrier,2017-01-27 06:18:00,13.24696,80.3369,0,89.4,Cargo
419501004,Ennore FV-11,2017-01-27 06:18:00,13.19945,80.37874,4.1,145.8,Fishing
419501010,North FV-01,2017-01-27 06:18:00,13.19319,80.51644,5.7,59.2,Fishing
419201007,MV Sakthi Pride,2017-01-27 06:19:00,13.25274,80.3167,0,356.5,Cargo
419201001,MV Vishakha Star,2017-01-27 06:19:00,13.19078,80.47128,0.4,0.5,Cargo
419301002,MT Chennai Petro,2017-01-27 06:19:00,13.0902,80.52963,0,0.7,Tanker
419201005,MV Eastern Star,2017-01-27 06:19:00,12.26448,82.38156,14.2,290.3,Cargo
419201003,MV Ennore Express,2017-01-27 06:20:00,13.26492,80.31941,0.1,1.7,Cargo
419301001,MT Sanmar Spirit,2017-01-27 06:20:00,13.24364,80.35615,0.2,90.7,Tanker
419301003,MT Coromandel King,2017-01-27 06:20:00,13.24641,80.34001,0.9,359.0,Tanker
636201001,MV Fortune Bulker,2017-01-27 06:20:00,11.64365,83.34974,13.4,285.2,Cargo
636401001,MV Atlantic Bridge,2017-01-27 06:20:00,15.5667,82.09248,16.8,354.3,Container
419501003,Chennai FV-03,2017-01-27 06:20:00,13.30394,80.2237,3.8,234.8,Fishing
419601001,Tug KPL-1,2017-01-27 06:20:00,13.24339,80.32934,4.3,239.4,Tug
419301006,MT Triton,2017-01-27 06:21:00,13.26539,80.30942,0.2,2.1,Tanker
419301007,MT Bay Tanker,2017-01-27 06:21:00,13.15042,80.46013,0.3,0.4,Tanker
538301001,MT Gulf Carrier,2017-01-27 06:21:00,13.0618,80.55001,0,359.1,Tanker
419201010,MV KPL Vishal,2017-01-27 06:21:00,12.83104,81.18531,13.3,291.3,Cargo
419301004,MT POL Voyager,2017-01-27 06:22:00,13.23023,80.42056,0,359.7,Tanker
419401002,MV Coromandel Trade,2017-01-27 06:22:00,11.71909,82.4286,14.2,3.8,Container
419201004,MV Coastal Glory,2017-01-27 06:23:00,13.28075,80.31493,0,358.2,Cargo
419201002,MV APJ Kiran,2017-01-27 06:23:00,13.14178,80.50096,0.2,2.2,Cargo
419601002,Tug KPL-2,2017-01-27 06:23:00,13.23345,80.31995,4.5,76.2,Tug
419601003,Pilot KPL,2017-01-27 06:23:00,13.27015,80.32285,3.8,159.4,Tug
419201006,MV KPL Carrier,2017-01-27 06:24:00,13.24867,80.33718,0.2,88.0,Cargo
419201007,MV Sakthi Pride,2017-01-27 06:24:00,13.25103,80.31779,0.1,359.8,Cargo
419301001,MT Sanmar Spirit,2017-01-27 06:24:00,13.24348,80.35446,0.2,85.8,Tanker
419501014,Chennai FV-11,2017-01-27 06:24:00,13.13516,80.38289,3.5,314.7,Fishing
419053900,MT Dawn Kanchipuram,2017-01-27 06:25:00,12.38767,81.57405,9.7,324.5,Tanker
419201003,MV Ennore Express,2017-01-27 06:25:00,13.26625,80.31907,0,3.8,Cargo
419201001,MV Vishakha Star,2017-01-27 06:25:00,13.19058,80.47012,0,357.6,Cargo
419301002,MT Chennai Petro,2017-01-27 06:25:00,13.09069,80.53025,0.1,0.9,Tanker
419201008,MV Chennai Bulk,2017-01-27 06:25:00,12.3039,82.44844,12.3,288.7,Cargo
419301005,MT Coastal Trader,2017-01-27 06:25:00,12.82927,80.91876,10.5,313.6,Tanker
419301003,MT Coromandel King,2017-01-27 06:26:00,13.24636,80.34165,0,0.1,Tanker
419301006,MT Triton,2017-01-27 06:26:00,13.26636,80.31073,0,359.7,Tanker
636201001,MV Fortune Bulker,2017-01-27 06:26:00,11.64827,83.32102,13.9,279.0,Cargo
419301007,MT Bay Tanker,2017-01-27 06:27:00,13.14904,80.46027,0,3.3,Tanker
419201006,MV KPL Carrier,2017-01-27 06:28:00,13.2478,80.33693,0,90.3,Cargo
419201007,MV Sakthi Pride,2017-01-27 06:28:00,13.25236,80.31868,0.3,357.8,Cargo
419301004,MT POL Voyager,2017-01-27 06:28:00,13.23172,80.42067,0.3,359.3,Tanker
538301001,MT Gulf Carrier,2017-01-27 06:28:00,13.06067,80.55236,0.4,358.0,Tanker
419201005,MV Eastern Star,2017-01-27 06:28:00,12.2719,82.35054,13.8,286.4,Cargo
419201004,MV Coastal Glory,2017-01-27 06:29:00,13.28283,80.31527,0,0.8,Cargo
419301001,MT Sanmar Spirit,2017-01-27 06:29:00,13.24312,80.35646,0.3,91.3,Tanker
419201002,MV APJ Kiran,2017-01-27 06:29:00,13.14205,80.50118,0.5,1.7,Cargo
419301003,MT Coromandel King,2017-01-27 06:30:00,13.24755,80.33995,0.6,359.9,Tanker
419201001,MV Vishakha Star,2017-01-27 06:30:00,13.1921,80.4707,0,2.1,Cargo
566401001,MV Singapore Star,2017-01-27 06:30:00,10.30119,83.09936,15.4,11.2,Container
419501008,Kovalam FV-01,2017-01-27 06:30:00,12.76936,80.27033,4.8,167.8,Fishing
419201003,MV Ennore Express,2017-01-27 06:31:00,13.26613,80.3201,0,0.1,Cargo
419201010,MV KPL Vishal,2017-01-27 06:31:00,12.8412,81.15682,13.4,290.7,Cargo
419301006,MT Triton,2017-01-27 06:32:00,13.26423,80.30791,0,2.2,Tanker
419301002,MT Chennai Petro,2017-01-27 06:32:00,13.0915,80.53074,0,358.7,Tanker
636401001,MV Atlantic Bridge,2017-01-27 06:32:00,15.63695,82.08751,16.5,358.2,Container
419501009,Kovalam FV-02,2017-01-27 06:32:00,12.80756,80.25892,3.8,99.6,Fishing
419501012,Royapuram FV,2017-01-27 06:32:00,13.09141,80.33631,5.3,137.9,Fishing
419201006,MV KPL Carrier,2017-01-27 06:33:00,13.24718,80.33471,0,92.7,Cargo
419201007,MV Sakthi Pride,2017-01-27 06:33:00,13.2526,80.31743,0,359.3,Cargo
419301001,MT Sanmar Spirit,2017-01-27 06:33:00,13.24594,80.35647,0,90.1,Tanker
419053900,MT Dawn Kanchipuram,2017-01-27 06:34:00,12.40626,81.55799,10.0,321.1,Tanker
419301003,MT Coromandel King,2017-01-27 06:34:00,13.24724,80.33927,0,358.4,Tanker
419301007,MT Bay Tanker,2017-01-27 06:34:00,13.15036,80.46152,0.2,359.9,Tanker
538301001,MT Gulf Carrier,2017-01-27 06:34:00,13.06076,80.5499,0.2,0.9,Tanker
419501007,Pulicat FV-02,2017-01-27 06:34:00,13.63973,80.00878,4.5,264.4,Fishing
419201004,MV Coastal Glory,2017-01-27 06:35:00,13.28159,80.3138,0.1,359.1,Cargo
419201001,MV Vishakha Star,2017-01-27 06:35:00,13.19073,80.46952,0,1.7,Cargo
419201002,MV APJ Kiran,2017-01-27 06:35:00,13.14207,80.4978,0.1,2.1,Cargo
419301004,MT POL Voyager,2017-01-27 06:35:00,13.23074,80.42035,0.1,3.6,Tanker
419201008,MV Chennai Bulk,2017-01-27 06:35:00,12.31256,82.42245,12.4,286.2,Cargo
419301005,MT Coastal Trader,2017-01-27 06:35:00,12.84544,80.8993,10.2,314.2,Tanker
419501004,Ennore FV-11,2017-01-27 06:35:00,13.17834,80.3914,4.5,148.0,Fishing
419201005,MV Eastern Star,2017-01-27 06:36:00,12.28078,82.32152,14.0,284.3,Cargo
636201001,MV Fortune Bulker,2017-01-27 06:36:00,11.65459,83.29014,13.8,283.4,Cargo
419201003,MV Ennore Express,2017-01-27 06:37:00,13.26672,80.32058,0.0,5.9,Cargo
419301001,MT Sanmar Spirit,2017-01-27 06:37:00,13.24306,80.35488,0.3,89.8,Tanker
419601002,Tug KPL-2,2017-01-27 06:37:00,13.20388,80.33726,3.9,151.1,Tug
419601003,Pilot KPL,2017-01-27 06:37:00,13.23682,80.28925,4.2,343.1,Tug
419201006,MV KPL Carrier,2017-01-27 06:38:00,13.24873,80.33577,0.1,89.3,Cargo
419301006,MT Triton,2017-01-27 06:38:00,13.26636,80.31078,0,4.7,Tanker
419301002,MT Chennai Petro,2017-01-27 06:38:00,13.09101,80.53092,0.2,359.5,Tanker
419401002,MV Coromandel Trade,2017-01-27 06:38:00,11.77775,82.43174,13.4,6.3,Container
419501005,Ennore FV-12,2017-01-27 06:38:00,13.24885,80.34691,5.6,288.6,Fishing
419501010,North FV-01,2017-01-27 06:38:00,13.20551,80.54159,6.0,66.7,Fishing
419201007,MV Sakthi Pride,2017-01-27 06:39:00,13.25119,80.31745,0.0,0.8,Cargo
419201010,MV KPL Vishal,2017-01-27 06:39:00,12.85049,81.12937,12.9,293.0,Cargo
419501015,North FV-21,2017-01-27 06:39:00,13.44892,80.2193,3.9,165.3,Fishing
419601004,Tug Ennore,2017-01-27 06:39:00,13.26802,80.30472,4.1,334.8,Tug
419053900,MT Dawn Kanchipuram,2017-01-27 06:40:00,12.4236,81.54581,9.6,326.1,Tanker
419201004,MV Coastal Glory,2017-01-27 06:40:00,13.28188,80.31507,0.0,0.9,Cargo
419301003,MT Coromandel King,2017-01-27 06:40:00,13.24666,80.33973,0.1,4.4,Tanker
419201001,MV Vishakha Star,2017-01-27 06:40:00,13.19153,80.47074,0,0.1,Cargo
419201002,MV APJ Kiran,2017-01-27 06:40:00,13.14211,80.49988,0,1.9,Cargo
419301007,MT Bay Tanker,2017-01-27 06:40:00,13.15057,80.45995,0.0,1.3,Tanker
419201003,MV Ennore Express,2017-01-27 06:41:00,13.26534,80.32009,0,358.1,Cargo
419301004,MT POL Voyager,2017-01-27 06:41:00,13.23007,80.41918,0,357.3,Tanker
538301001,MT Gulf Carrier,2017-01-27 06:41:00,13.06033,80.54842,0,359.9,Tanker
419601001,Tug KPL-1,2017-01-27 06:41:00,13.2371,80.29953,4.4,63.7,Tug
419301005,MT Coastal Trader,2017-01-27 06:42:00,12.85964,80.88587,9.9,315.1,Tanker
419501001,Chennai FV-01,2017-01-27 06:42:00,13.37037,80.23105,4.1,120.1,Fishing
419201006,MV KPL Carrier,2017-01-27 06:43:00,13.25029,80.33722,0.2,90.3,Cargo
419201007,MV Sakthi Pride,2017-01-27 06:43:00,13.25086,80.3177,0,357.6,Cargo
419301001,MT Sanmar Spirit,2017-01-27 06:43:00,13.24448,80.3564,0.1,91.1,Tanker
419301006,MT Triton,2017-01-27 06:43:00,13.26427,80.30904,0.1,1.6,Tanker
419201005,MV Eastern Star,2017-01-27 06:43:00,12.28797,82.29005,13.8,287.1,Cargo
419201008,MV Chennai Bulk,2017-01-27 06:43:00,12.32263,82.3954,12.7,289.0,Cargo
419501003,Chennai FV-03,2017-01-27 06:43:00,13.29386,80.20825,3.7,232.6,Fishing
636201001,MV Fortune Bulker,2017-01-27 06:44:00,11.6575,83.25696,13.8,283.5,Cargo
419301003,MT Coromandel King,2017-01-27 06:45:00,13.24951,80.34016,0.5,357.5,Tanker
419301002,MT Chennai Petro,2017-01-27 06:45:00,13.09084,80.53116,0.0,357.7,Tanker
419301007,MT Bay Tanker,2017-01-27 06:45:00,13.14999,80.45937,0,3.9,Tanker
419201010,MV KPL Vishal,2017-01-27 06:45:00,12.86146,81.10076,13.0,292.6,Cargo
419201004,MV Coastal Glory,2017-01-27 06:46:00,13.2813,80.31458,0.3,359.5,Cargo
419201002,MV APJ Kiran,2017-01-27 06:46:00,13.14298,80.50097,0,356.3,Cargo
636401001,MV Atlantic Bridge,2017-01-27 06:46:00,15.70539,82.0813,16.9,355.3,Container
419501006,Pulicat FV-01,2017-01-27 06:46:00,13.69992,80.12005,3.7,90.1,Fishing
419501009,Kovalam FV-02,2017-01-27 06:46:00,12.80311,80.2766,3.6,101.4,Fishing
419201003,MV Ennore Express,2017-01-27 06:47:00,13.26707,80.31907,0.1,358.3,Cargo
419301001,MT Sanmar Spirit,2017-01-27 06:47:00,13.24462,80.35634,0,90.6,Tanker
419201001,MV Vishakha Star,2017-01-27 06:47:00,13.19202,80.46941,0.2,359.6,Cargo
419301004,MT POL Voyager,2017-01-27 06:47:00,13.23147,80.41968,0,0.7,Tanker
538301001,MT Gulf Carrier,2017-01-27 06:47:00,13.06062,80.55089,0.0,1.1,Tanker
566401001,MV Singapore Star,2017-01-27 06:47:00,10.3631,83.10946,15.2,5.4,Container
419501014,Chennai FV-11,2017-01-27 06:47:00,13.15033,80.37009,3.8,315.6,Fishing
419053900,MT Dawn Kanchipuram,2017-01-27 06:48:00,12.44033,81.52954,9.8,323.7,Tanker
419201006,MV KPL Carrier,2017-01-27 06:49:00,13.24918,80.33627,0,91.1,Cargo
419201007,MV Sakthi Pride,2017-01-27 06:49:00,13.25384,80.31728,0.3,2.9,Cargo
419301006,MT Triton,2017-01-27 06:49:00,13.26501,80.30858,0.0,358.5,Tanker
419201005,MV Eastern Star,2017-01-27 06:49:00,12.29554,82.26061,13.8,284.3,Cargo
419501008,Kovalam FV-01,2017-01-27 06:49:00,12.74599,80.27761,4.8,166.8,Fishing
419201008,MV Chennai Bulk,2017-01-27 06:50:00,12.32784,82.36947,12.2,288.4,Cargo
419401002,MV Coromandel Trade,2017-01-27 06:50:00,11.8361,82.43365,14.2,2.6,Container
419301005,MT Coastal Trader,2017-01-27 06:50:00,12.8757,80.86636,10.3,315.0,Tanker
419201004,MV Coastal Glory,2017-01-27 06:51:00,13.28081,80.31607,0.1,3.0,Cargo
419301003,MT Coromandel King,2017-01-27 06:51:00,13.24894,80.33986,0.2,358.3,Tanker
419501004,Ennore FV-11,2017-01-27 06:51:00,13.15897,80.40374,4.5,150.3,Fishing
419501012,Royapuram FV,2017-01-27 06:51:00,13.07216,80.35383,5.2,140.8,Fishing
419201002,MV APJ Kiran,2017-01-27 06:52:00,13.14249,80.50017,0.3,358.4,Cargo
419301002,MT Chennai Petro,2017-01-27 06:52:00,13.09092,80.52943,0.2,359.3,Tanker
419301007,MT Bay Tanker,2017-01-27 06:52:00,13.1495,80.46189,0,359.6,Tanker
419501015,North FV-21,2017-01-27 06:52:00,13.43059,80.22617,4.0,165.8,Fishing
419201003,MV Ennore Express,2017-01-27 06:53:00,13.26714,80.3203,0.3,4.8,Cargo
419301001,MT Sanmar Spirit,2017-01-27 06:53:00,13.24354,80.35881,0.2,89.8,Tanker
419301006,MT Triton,2017-01-27 06:53:00,13.26401,80.3094,0.3,4.6,Tanker
419201001,MV Vishakha Star,2017-01-27 06:53:00,13.19098,80.47077,0.0,359.5,Cargo
419301004,MT POL Voyager,2017-01-27 06:53:00,13.23171,80.42123,0.1,358.8,Tanker
538301001,MT Gulf Carrier,2017-01-27 06:53:00,13.06181,80.55001,0.3,1.1,Tanker
636201001,MV Fortune Bulker,2017-01-27 06:53:00,11.66402,83.22735,13.6,280.2,Cargo
419201006,MV KPL Carrier,2017-01-27 06:54:00,13.24935,80.33603,0.3,91.6,Cargo
419201010,MV KPL Vishal,2017-01-27 06:54:00,12.87135,81.07296,13.2,292.8,Cargo
419501005,Ennore FV-12,2017-01-27 06:54:00,13.25495,80.32045,5.1,291.7,Fishing
419501007,Pulicat FV-02,2017-01-27 06:54:00,13.63874,79.98597,4.0,260.9,Fishing
419501010,North FV-01,2017-01-27 06:54:00,13.21859,80.57111,5.2,60.4,Fishing
419201007,MV Sakthi Pride,2017-01-27 06:55:00,13.25193,80.31848,0,357.7,Cargo
419301003,MT Coromandel King,2017-01-27 06:55:00,13.24861,80.34053,0.3,1.6,Tanker
419201004,MV Coastal Glory,2017-01-27 06:56:00,13.28243,80.3162,0.4,0.0,Cargo
419201008,MV Chennai Bulk,2017-01-27 06:56:00,12.33718,82.34259,12.3,284.4,Cargo
419501003,Chennai FV-03,2017-01-27 06:56:00,13.28072,80.19428,3.9,234.9,Fishing
419601001,Tug KPL-1,2017-01-27 06:56:00,13.22743,80.27219,4.4,319.3,Tug
419053900,MT Dawn Kanchipuram,2017-01-27 06:58:00,12.45781,81.5186,10.2,321.1,Tanker
419201003,MV Ennore Express,2017-01-27 06:58:00,13.26607,80.32041,0,2.4,Cargo
419301001,MT Sanmar Spirit,2017-01-27 06:58:00,13.24382,80.35861,0.3,88.5,Tanker
419301002,MT Chennai Petro,2017-01-27 06:58:00,13.09038,80.53009,0.5,2.4,Tanker
419301004,MT POL Voyager,2017-01-27 06:58:00,13.2284,80.42084,0.2,358.5,Tanker
419201005,MV Eastern Star,2017-01-27 06:58:00,12.30258,82.23081,13.8,284.7,Cargo
419201006,MV KPL Carrier,2017-01-27 06:59:00,13.24777,80.33714,0.2,91.2,Cargo
419201007,MV Sakthi Pride,2017-01-27 06:59:00,13.2535,80.31984,0,0.9,Cargo
419301006,MT Triton,2017-01-27 06:59:00,13.26537,80.31043,0,359.7,Tanker
419201002,MV APJ Kiran,2017-01-27 06:59:00,13.14339,80.49854,0.1,359.2,Cargo
419301007,MT Bay Tanker,2017-01-27 06:59:00,13.15002,80.46019,0.3,358.4,Tanker
538301001,MT Gulf Carrier,2017-01-27 06:59:00,13.06198,80.54936,0.0,1.9,Tanker
419601004,Tug Ennore,2017-01-27 06:59:00,13.23713,80.25969,4.3,305.5,Tug
419201001,MV Vishakha Star,2017-01-27 07:00:00,13.19188,80.47033,0.1,357.7,Cargo
636201001,MV Fortune Bulker,2017-01-27 07:00:00,11.66874,83.19856,13.8,284.3,Cargo
419201010,MV KPL Vishal,2017-01-27 07:00:00,12.88063,81.04533,13.2,287.1,Cargo
566401001,MV Singapore Star,2017-01-27 07:00:00,10.42638,83.11806,15.3,9.9,Container
419301005,MT Coastal Trader,2017-01-27 07:00:00,12.8895,80.84933,10.3,311.5,Tanker
419301003,MT Coromandel King,2017-01-27 07:01:00,13.24929,80.34083,0,0.7,Tanker
419501001,Chennai FV-01,2017-01-27 07:01:00,13.36021,80.24831,4.2,122.2,Fishing
419601003,Pilot KPL,2017-01-27 07:01:00,13.25837,80.32121,4.4,182.1,Tug
419201004,MV Coastal Glory,2017-01-27 07:02:00,13.28334,80.31545,0.7,358.9,Cargo
419601002,Tug KPL-2,2017-01-27 07:02:00,13.27254,80.29625,4.1,256.9,Tug
419201003,MV Ennore Express,2017-01-27 07:03:00,13.2647,80.32159,0.5,0.5,Cargo
419301004,MT POL Voyager,2017-01-27 07:03:00,13.23223,80.42103,0.7,359.8,Tanker
419201008,MV Chennai Bulk,2017-01-27 07:03:00,12.34501,82.31673,13.1,286.6,Cargo
419301001,MT Sanmar Spirit,2017-01-27 07:04:00,13.24329,80.35789,0.6,90.5,Tanker
419201002,MV APJ Kiran,2017-01-27 07:04:00,13.1428,80.49992,0.3,356.7,Cargo
419301002,MT Chennai Petro,2017-01-27 07:04:00,13.09165,80.52949,0,0.5,Tanker
419301007,MT Bay Tanker,2017-01-27 07:04:00,13.15037,80.46042,0,0.2,Tanker
419201005,MV Eastern Star,2017-01-27 07:04:00,12.31211,82.20007,13.4,287.9,Cargo
636401001,MV Atlantic Bridge,2017-01-27 07:04:00,15.77266,82.0753,16.8,355.0,Container
419501008,Kovalam FV-01,2017-01-27 07:04:00,12.72416,80.28352,4.6,168.7,Fishing
419501014,Chennai FV-11,2017-01-27 07:04:00,13.16343,80.35488,4.1,318.9,Fishing
419053900,MT Dawn Kanchipuram,2017-01-27 07:05:00,12.47594,81.50434,10.3,325.4,Tanker
419201006,MV KPL Carrier,2017-01-27 07:05:00,13.24914,80.33679,0.1,88.4,Cargo
419201007,MV Sakthi Pride,2017-01-27 07:05:00,13.25205,80.3167,0,0.4,Cargo
419301006,MT Triton,2017-01-27 07:05:00,13.26541,80.31161,0,359.2,Tanker
419201001,MV Vishakha Star,2017-01-27 07:05:00,13.19182,80.46984,0,357.3,Cargo
419501015,North FV-21,2017-01-27 07:05:00,13.40965,80.23055,3.9,166.9,Fishing
419201004,MV Coastal Glory,2017-01-27 07:06:00,13.28417,80.31539,0.1,359.2,Cargo
419301003,MT Coromandel King,2017-01-27 07:06:00,13.24949,80.33955,0,359.9,Tanker
538301001,MT Gulf Carrier,2017-01-27 07:06:00,13.06222,80.5501,0,356.9,Tanker
419401002,MV Coromandel Trade,2017-01-27 07:06:00,11.89405,82.43671,13.9,2.1,Container
419301005,MT Coastal Trader,2017-01-27 07:06:00,12.90508,80.83099,10.3,313.2,Tanker
419501009,Kovalam FV-02,2017-01-27 07:07:00,12.80003,80.29375,4.0,107.0,Fishing
419301001,MT Sanmar Spirit,2017-01-27 07:08:00,13.24324,80.35837,0.2,90.3,Tanker
419301004,MT POL Voyager,2017-01-27 07:08:00,13.2341,80.41845,0,3.7,Tanker
636201001,MV Fortune Bulker,2017-01-27 07:08:00,11.67529,83.16513,13.8,281.6,Cargo
419201010,MV KPL Vishal,2017-01-27 07:08:00,12.89191,81.01588,13.2,290.8,Cargo
419201003,MV Ennore Express,2017-01-27 07:09:00,13.26586,80.32029,0,357.9,Cargo
419201007,MV Sakthi Pride,2017-01-27 07:09:00,13.25154,80.31879,0.0,357.8,Cargo
419301002,MT Chennai Petro,2017-01-27 07:09:00,13.09158,80.53055,0,359.7,Tanker
419501003,Chennai FV-03,2017-01-27 07:09:00,13.2702,80.17983,3.7,237.7,Fishing
419501006,Pulicat FV-01,2017-01-27 07:09:00,13.69919,80.13978,3.6,93.6,Fishing
419201004,MV Coastal Glory,2017-01-27 07:10:00,13.28313,80.315,0.2,0.3,Cargo
419201006,MV KPL Carrier,2017-01-27 07:10:00,13.248,80.33615,0.1,91.9,Cargo
419201002,MV APJ Kiran,2017-01-27 07:10:00,13.14385,80.49876,0.4,359.2,Cargo
419501012,Royapuram FV,2017-01-27 07:10:00,13.05359,80.37029,4.6,138.9,Fishing
419301006,MT Triton,2017-01-27 07:11:00,13.26369,80.30909,0,358.1,Tanker
419301007,MT Bay Tanker,2017-01-27 07:11:00,13.14857,80.46075,0,358.1,Tanker
419501005,Ennore FV-12,2017-01-27 07:11:00,13.26579,80.29426,5.0,288.9,Fishing
419053900,MT Dawn Kanchipuram,2017-01-27 07:12:00,12.49101,81.49174,10.1,323.6,Tanker
419301001,MT Sanmar Spirit,2017-01-27 07:12:00,13.24394,80.3583,0.0,90.0,Tanker
419301003,MT Coromandel King,2017-01-27 07:12:00,13.24941,80.34086,0.1,1.5,Tanker
419201001,MV Vishakha Star,2017-01-27 07:12:00,13.19213,80.4695,0.4,0.6,Cargo
538301001,MT Gulf Carrier,2017-01-27 07:12:00,13.06263,80.55121,0.1,359.8,Tanker
419201008,MV Chennai Bulk,2017-01-27 07:12:00,12.35281,82.2876,12.0,286.6,Cargo
419501004,Ennore FV-11,2017-01-27 07:13:00,13.13866,80.41464,4.7,150.2,Fishing
419201004,MV Coastal Glory,2017-01-27 07:14:00,13.28449,80.31503,0.5,2.7,Cargo
419201007,MV Sakthi Pride,2017-01-27 07:14:00,13.24983,80.31676,0,2.4,Cargo
419201005,MV Eastern Star,2017-01-27 07:14:00,12.31872,82.16855,13.9,283.4,Cargo
419201010,MV KPL Vishal,2017-01-27 07:14:00,12.90069,80.986,13.6,289.2,Cargo
419501007,Pulicat FV-02,2017-01-27 07:14:00,13.63466,79.96191,3.6,262.9,Fishing
419201003,MV Ennore Express,2017-01-27 07:15:00,13.26538,80.31891,0,0.0,Cargo
419301004,MT POL Voyager,2017-01-27 07:15:00,13.233,80.42063,0.2,358.6,Tanker
419201006,MV KPL Carrier,2017-01-27 07:16:00,13.24807,80.33842,0,91.2,Cargo
419301003,MT Coromandel King,2017-01-27 07:16:00,13.24912,80.34193,0,0.5,Tanker
419301002,MT Chennai Petro,2017-01-27 07:16:00,13.09213,80.52991,0,357.3,Tanker
419301007,MT Bay Tanker,2017-01-27 07:16:00,13.15049,80.46014,0,0.3,Tanker
566401001,MV Singapore Star,2017-01-27 07:16:00,10.48756,83.12702,15.4,6.8,Container
419301005,MT Coastal Trader,2017-01-27 07:16:00,12.92036,80.81407,10.7,310.8,Tanker
419501010,North FV-01,2017-01-27 07:16:00,13.23323,80.59395,5.7,62.8,Fishing
419601003,Pilot KPL,2017-01-27 07:16:00,13.25595,80.29442,4.3,204.4,Tug
419301001,MT Sanmar Spirit,2017-01-27 07:17:00,13.24467,80.35763,0.2,88.8,Tanker
419301006,MT Triton,2017-01-27 07:17:00,13.26574,80.30925,0,2.1,Tanker
419201002,MV APJ Kiran,2017-01-27 07:17:00,13.14459,80.49794,0.1,358.8,Cargo
636201001,MV Fortune Bulker,2017-01-27 07:17:00,11.67826,83.1329,13.8,277.0,Cargo
419201004,MV Coastal Glory,2017-01-27 07:18:00,13.2851,80.31374,0.7,3.5,Cargo
419501014,Chennai FV-11,2017-01-27 07:18:00,13.17609,80.34063,3.7,314.8,Fishing
419201001,MV Vishakha Star,2017-01-27 07:19:00,13.19403,80.47169,0.0,358.7,Cargo
538301001,MT Gulf Carrier,2017-01-27 07:19:00,13.06197,80.54971,0.1,358.5,Tanker
419401002,MV Coromandel Trade,2017-01-27 07:19:00,11.95156,82.44208,14.0,2.6,Container
419501001,Chennai FV-01,2017-01-27 07:19:00,13.35084,80.26696,3.6,121.3,Fishing
419201007,MV Sakthi Pride,2017-01-27 07:20:00,13.25215,80.3176,0.0,357.6,Cargo
419301003,MT Coromandel King,2017-01-27 07:20:00,13.24946,80.34104,0,1.5,Tanker
419301004,MT POL Voyager,2017-01-27 07:20:00,13.23319,80.42189,0.1,358.4,Tanker
419501015,North FV-21,2017-01-27 07:20:00,13.39018,80.23506,4.3,167.2,Fishing
419601002,Tug KPL-2,2017-01-27 07:20:00,13.24219,80.30271,4.0,45.5,Tug
419601004,Tug Ennore,2017-01-27 07:20:00,13.27212,80.28739,4.2,116.4,Tug
419053900,MT Dawn Kanchipuram,2017-01-27 07:21:00,12.50835,81.4758,10.0,325.3,Tanker
419201003,MV Ennore Express,2017-01-27 07:21:00,13.26578,80.32012,0.2,357.4,Cargo
419301001,MT Sanmar Spirit,2017-01-27 07:21:00,13.24367,80.3589,0.3,93.5,Tanker
419301002,MT Chennai Petro,2017-01-27 07:21:00,13.09254,80.53022,0,358.7,Tanker
419301007,MT Bay Tanker,2017-01-27 07:21:00,13.15087,80.46033,0.0,0.8,Tanker
419201008,MV Chennai Bulk,2017-01-27 07:21:00,12.36049,82.25892,12.3,286.8,Cargo
357401001,MV Orient Trader,2017-01-27 07:21:00,11.80002,82.20011,17.2,5.8,Container
419601001,Tug KPL-1,2017-01-27 07:21:00,13.2263,80.30167,3.9,19.8,Tug
419201006,MV KPL Carrier,2017-01-27 07:22:00,13.24834,80.33787,0.2,87.5,Cargo
419201010,MV KPL Vishal,2017-01-27 07:22:00,12.91146,80.95872,13.4,287.7,Cargo
636401001,MV Atlantic Bridge,2017-01-27 07:22:00,15.84301,82.06869,16.5,358.6,Container
419201004,MV Coastal Glory,2017-01-27 07:23:00,13.28534,80.31427,0.2,359.0,Cargo
419301006,MT Triton,2017-01-27 07:23:00,13.26545,80.31026,0,356.9,Tanker
419201002,MV APJ Kiran,2017-01-27 07:23:00,13.14337,80.50178,0.2,0.6,Cargo
419201005,MV Eastern Star,2017-01-27 07:23:00,12.32779,82.13953,13.4,286.0,Cargo
419301005,MT Coastal Trader,2017-01-27 07:23:00,12.93582,80.79841,10.3,309.0,Tanker
419501008,Kovalam FV-01,2017-01-27 07:23:00,12.69944,80.28811,4.3,166.0,Fishing
419301003,MT Coromandel King,2017-01-27 07:24:00,13.24765,80.33973,0,0.1,Tanker
419201003,MV Ennore Express,2017-01-27 07:25:00,13.26604,80.31918,0.4,356.8,Cargo
419301001,MT Sanmar Spirit,2017-01-27 07:25:00,13.24289,80.35896,0.6,89.8,Tanker
538301001,MT Gulf Carrier,2017-01-27 07:25:00,13.06205,80.55053,0.4,4.0,Tanker
419501009,Kovalam FV-02,2017-01-27 07:25:00,12.79549,80.31392,3.2,105.2,Fishing
419201007,MV Sakthi Pride,2017-01-27 07:26:00,13.25099,80.31928,0.1,1.1,Cargo
419201001,MV Vishakha Star,2017-01-27 07:26:00,13.19246,80.47033,0.0,359.6,Cargo
419301004,MT POL Voyager,2017-01-27 07:26:00,13.23194,80.42074,0.4,1.1,Tanker
419301007,MT Bay Tanker,2017-01-27 07:26:00,13.14942,80.45858,0,359.9,Tanker
419201006,MV KPL Carrier,2017-01-27 07:27:00,13.24874,80.33737,0,89.1,Cargo
636201001,MV Fortune Bulker,2017-01-27 07:27:00,11.68541,83.10279,14.2,277.5,Cargo
419053900,MT Dawn Kanchipuram,2017-01-27 07:28:00,12.52506,81.46317,9.8,323.7,Tanker
419201004,MV Coastal Glory,2017-01-27 07:28:00,13.28614,80.31604,0.1,1.1,Cargo
419301003,MT Coromandel King,2017-01-27 07:28:00,13.2491,80.33913,0.0,0.1,Tanker
419301002,MT Chennai Petro,2017-01-27 07:28:00,13.09226,80.52949,0.1,359.2,Tanker
419501002,Chennai FV-02,2017-01-27 07:28:00,13.41021,80.18016,5.5,71.8,Fishing
419301001,MT Sanmar Spirit,2017-01-27 07:29:00,13.24333,80.35953,0.2,89.4,Tanker
419301006,MT Triton,2017-01-27 07:29:00,13.26373,80.30929,0,1.5,Tanker
419501005,Ennore FV-12,2017-01-27 07:29:00,13.2742,80.271,5.3,287.4,Fishing
419501006,Pulicat FV-01,2017-01-27 07:29:00,13.69951,80.15961,4.0,90.2,Fishing
419201002,MV APJ Kiran,2017-01-27 07:30:00,13.14584,80.50144,0.0,358.4,Cargo
419201008,MV Chennai Bulk,2017-01-27 07:30:00,12.36866,82.23494,12.9,285.4,Cargo
419201010,MV KPL Vishal,2017-01-27 07:30:00,12.9225,80.93004,13.4,290.4,Cargo
419501003,Chennai FV-03,2017-01-27 07:30:00,13.25728,80.16181,4.6,228.2,Fishing
419501010,North FV-01,2017-01-27 07:30:00,13.24485,80.62111,5.4,61.3,Fishing
419201003,MV Ennore Express,2017-01-27 07:31:00,13.26742,80.32063,0.3,0.2,Cargo
419201006,MV KPL Carrier,2017-01-27 07:31:00,13.2478,80.33778,0,90.3,Cargo
419201007,MV Sakthi Pride,2017-01-27 07:31:00,13.25345,80.318,0.4,3.3,Cargo
419201001,MV Vishakha Star,2017-01-27 07:31:00,13.19292,80.46987,0.0,2.0,Cargo
419301004,MT POL Voyager,2017-01-27 07:31:00,13.23232,80.41868,0,356.8,Tanker
419301007,MT Bay Tanker,2017-01-27 07:31:00,13.14954,80.46032,0,2.5,Tanker
566401001,MV Singapore Star,2017-01-27 07:31:00,10.55142,83.13547,15.4,7.3,Container
419501012,Royapuram FV,2017-01-27 07:31:00,13.03455,80.38713,4.8,140.0,Fishing
419201004,MV Coastal Glory,2017-01-27 07:32:00,13.28471,80.31515,0.4,359.6,Cargo
538301001,MT Gulf Carrier,2017-01-27 07:32:00,13.06115,80.55051,0.4,357.5,Tanker
419201005,MV Eastern Star,2017-01-27 07:32:00,12.33628,82.10933,13.4,286.5,Cargo
419301005,MT Coastal Trader,2017-01-27 07:32:00,12.94983,80.78047,10.0,312.3,Tanker
419301001,MT Sanmar Spirit,2017-01-27 07:33:00,13.24393,80.36014,0,89.5,Tanker
636201001,MV Fortune Bulker,2017-01-27 07:33:00,11.69153,83.07061,13.6,281.1,Cargo
419501015,North FV-21,2017-01-27 07:33:00,13.37087,80.24353,4.0,167.1,Fishing
419301003,MT Coromandel King,2017-01-27 07:34:00,13.2499,80.34051,0,2.2,Tanker
419401002,MV Coromandel Trade,2017-01-27 07:34:00,12.01026,82.44306,13.8,3.9,Container
419501001,Chennai FV-01,2017-01-27 07:34:00,13.33718,80.28553,3.8,121.3,Fishing
419501014,Chennai FV-11,2017-01-27 07:34:00,13.18984,80.32688,3.7,313.7,Fishing
419201003,MV Ennore Express,2017-01-27 07:35:00,13.26662,80.31909,0.4,2.0,Cargo
419301006,MT Triton,2017-01-27 07:35:00,13.26447,80.30993,0.2,359.3,Tanker
419301002,MT Chennai Petro,2017-01-27 07:35:00,13.09364,80.53018,0.3,2.1,Tanker
419501007,Pulicat FV-02,2017-01-27 07:35:00,13.6336,79.93989,4.7,265.1,Fishing
419201002,MV APJ Kiran,2017-01-27 07:36:00,13.14548,80.50127,0,357.0,Cargo
419301004,MT POL Voyager,2017-01-27 07:36:00,13.233,80.42107,0.2,1.6,Tanker
419201010,MV KPL Vishal,2017-01-27 07:36:00,12.93212,80.90226,13.5,286.1,Cargo
419501004,Ennore FV-11,2017-01-27 07:36:00,13.11758,80.42867,4.8,149.4,Fishing
419601004,Tug Ennore,2017-01-27 07:36:00,13.24132,80.25655,3.6,35.5,Tug
419053900,MT Dawn Kanchipuram,2017-01-27 07:37:00,12.54225,81.44824,9.8,324.3,Tanker
419201004,MV Coastal Glory,2017-01-27 07:37:00,13.28554,80.31526,0.9,357.5,Cargo
419201006,MV KPL Carrier,2017-01-27 07:37:00,13.2498,80.33742,0,87.2,Cargo
419201007,MV Sakthi Pride,2017-01-27 07:37:00,13.25331,80.31913,0,2.0,Cargo
419201001,MV Vishakha Star,2017-01-27 07:37:00,13.19352,80.47105,0.2,357.7,Cargo
538301001,MT Gulf Carrier,2017-01-27 07:37:00,13.06193,80.55151,0,359.8,Tanker
636401001,MV Atlantic Bridge,2017-01-27 07:37:00,15.91121,82.06275,16.4,358.2,Container
419601001,Tug KPL-1,2017-01-27 07:37:00,13.25098,80.27583,3.9,46.0,Tug
419601002,Tug KPL-2,2017-01-27 07:37:00,13.23079,80.29404,4.1,327.9,Tug
419301007,MT Bay Tanker,2017-01-27 07:38:00,13.14995,80.46108,0.2,2.8,Tanker
419301001,MT Sanmar Spirit,2017-01-27 07:39:00,13.24422,80.35947,0,91.3,Tanker
419301003,MT Coromandel King,2017-01-27 07:39:00,13.24973,80.34048,0.4,0.8,Tanker
636201001,MV Fortune Bulker,2017-01-27 07:39:00,11.6959,83.04048,13.8,279.2,Cargo
357401001,MV Orient Trader,2017-01-27 07:39:00,11.86918,82.20677,16.9,5.9,Container
419201003,MV Ennore Express,2017-01-27 07:40:00,13.26759,80.32089,0.0,0.2,Cargo
419201008,MV Chennai Bulk,2017-01-27 07:40:00,12.3781,82.20836,12.4,288.3,Cargo
419301006,MT Triton,2017-01-27 07:41:00,13.26217,80.31058,0,357.5,Tanker
419201002,MV APJ Kiran,2017-01-27 07:41:00,13.14592,80.49943,0.6,359.1,Cargo
419201005,MV Eastern Star,2017-01-27 07:41:00,12.34512,82.07986,13.9,284.9,Cargo
419301005,MT Coastal Trader,2017-01-27 07:41:00,12.96612,80.76421,10.3,311.6,Tanker
419601003,Pilot KPL,2017-01-27 07:41:00,13.24866,80.29361,4.4,330.5,Tug
419201006,MV KPL Carrier,2017-01-27 07:42:00,13.24865,80.33808,0,89.1,Cargo
419301002,MT Chennai Petro,2017-01-27 07:42:00,13.09234,80.53081,0,359.0,Tanker
419301004,MT POL Voyager,2017-01-27 07:42:00,13.23251,80.41917,0.1,357.2,Tanker
538301001,MT Gulf Carrier,2017-01-27 07:42:00,13.06291,80.54992,0,359.9,Tanker
419501006,Pulicat FV-01,2017-01-27 07:42:00,13.70082,80.18087,3.8,90.5,Fishing
419501008,Kovalam FV-01,2017-01-27 07:42:00,12.67815,80.29293,4.3,162.3,Fishing
419053900,MT Dawn Kanchipuram,2017-01-27 07:43:00,12.55923,81.43579,9.9,318.9,Tanker
419201004,MV Coastal Glory,2017-01-27 07:43:00,13.2874,80.31305,0.4,358.2,Cargo
419201007,MV Sakthi Pride,2017-01-27 07:43:00,13.25092,80.31816,0.1,0.9,Cargo
419301007,MT Bay Tanker,2017-01-27 07:43:00,13.14971,80.45819,0,1.0,Tanker
419201010,MV KPL Vishal,2017-01-27 07:43:00,12.94116,80.875,12.8,287.7,Cargo
419301001,MT Sanmar Spirit,2017-01-27 07:44:00,13.24204,80.36112,0.5,91.6,Tanker
419301003,MT Coromandel King,2017-01-27 07:44:00,13.25029,80.33845,0.5,359.0,Tanker
419201001,MV Vishakha Star,2017-01-27 07:44:00,13.19458,80.46852,0,357.6,Cargo
419501002,Chennai FV-02,2017-01-27 07:44:00,13.41835,80.20619,5.0,69.2,Fishing
419501009,Kovalam FV-02,2017-01-27 07:44:00,12.79289,80.33075,3.8,101.7,Fishing
419501010,North FV-01,2017-01-27 07:44:00,13.25936,80.64908,5.6,62.7,Fishing
419201003,MV Ennore Express,2017-01-27 07:45:00,13.26828,80.32105,0,0.6,Cargo
419301006,MT Triton,2017-01-27 07:45:00,13.26535,80.31007,0,1.0,Tanker
419201008,MV Chennai Bulk,2017-01-27 07:46:00,12.38666,82.17924,12.3,283.0,Cargo
566401001,MV Singapore Star,2017-01-27 07:46:00,10.6158,83.14529,15.2,11.9,Container
419501012,Royapuram FV,2017-01-27 07:46:00,13.01671,80.4033,4.7,137.6,Fishing
419201004,MV Coastal Glory,2017-01-27 07:47:00,13.28508,80.31519,0.3,359.1,Cargo
419201007,MV Sakthi Pride,2017-01-27 07:47:00,13.25216,80.31816,0,356.3,Cargo
419301002,MT Chennai Petro,2017-01-27 07:47:00,13.09374,80.52973,0,358.6,Tanker
419301005,MT Coastal Trader,2017-01-27 07:47:00,12.98214,80.74605,10.3,313.5,Tanker
419201006,MV KPL Carrier,2017-01-27 07:48:00,13.24979,80.33947,0.2,93.5,Cargo
419301001,MT Sanmar Spirit,2017-01-27 07:48:00,13.2449,80.36016,0.4,90.1,Tanker
419201002,MV APJ Kiran,2017-01-27 07:48:00,13.14578,80.5004,0.2,0.7,Cargo
419301007,MT Bay Tanker,2017-01-27 07:48:00,13.14965,80.45864,0.2,358.1,Tanker
636201001,MV Fortune Bulker,2017-01-27 07:48:00,11.70113,83.00969,14.1,279.0,Cargo
419401002,MV Coromandel Trade,2017-01-27 07:48:00,12.06727,82.44536,13.7,7.8,Container
419501001,Chennai FV-01,2017-01-27 07:48:00,13.32874,80.30338,3.8,118.7,Fishing
419053900,MT Dawn Kanchipuram,2017-01-27 07:49:00,12.57905,81.42153,9.7,325.8,Tanker
419201003,MV Ennore Express,2017-01-27 07:49:00,13.26812,80.31806,0,0.8,Cargo
419301006,MT Triton,2017-01-27 07:49:00,13.26482,80.31035,0,1.6,Tanker
419301004,MT POL Voyager,2017-01-27 07:49:00,13.23345,80.42076,0.1,357.8,Tanker
538301001,MT Gulf Carrier,2017-01-27 07:49:00,13.06491,80.55099,0,356.3,Tanker
419501005,Ennore FV-12,2017-01-27 07:49:00,13.27914,80.24629,5.1,285.0,Fishing
419301003,MT Coromandel King,2017-01-27 07:50:00,13.24891,80.3402,0.3,0.2,Tanker
419201001,MV Vishakha Star,2017-01-27 07:50:00,13.19363,80.47184,0.0,2.0,Cargo
419201005,MV Eastern Star,2017-01-27 07:50:00,12.35126,82.04987,13.8,283.6,Cargo
357401001,MV Orient Trader,2017-01-27 07:51:00,11.94024,82.21416,16.7,8.5,Container
419301001,MT Sanmar Spirit,2017-01-27 07:52:00,13.2433,80.36013,0.2,87.4,Tanker
419301002,MT Chennai Petro,2017-01-27 07:52:00,13.09196,80.52916,0,359.4,Tanker
419501011,Marina FV-01,2017-01-27 07:52:00,13.0512,80.29062,4.7,136.3,Fishing
419501013,Ennore FV-21,2017-01-27 07:52:00,13.19915,80.39043,4.3,183.7,Fishing
419201004,MV Coastal Glory,2017-01-27 07:53:00,13.28742,80.31418,0.3,5.6,Cargo
419201006,MV KPL Carrier,2017-01-27 07:53:00,13.2487,80.33851,0.3,87.8,Cargo
419201007,MV Sakthi Pride,2017-01-27 07:53:00,13.25219,80.31813,0.1,2.0,Cargo
419201010,MV KPL Vishal,2017-01-27 07:53:00,12.95088,80.84461,13.3,286.2,Cargo
419501003,Chennai FV-03,2017-01-27 07:53:00,13.24502,80.14781,3.5,232.3,Fishing
419501004,Ennore FV-11,2017-01-27 07:53:00,13.0975,80.43987,4.8,148.4,Fishing
419201003,MV Ennore Express,2017-01-27 07:54:00,13.26632,80.31977,0,0.3,Cargo
419201002,MV APJ Kiran,2017-01-27 07:54:00,13.1449,80.50168,0,0.4,Cargo
419301007,MT Bay Tanker,2017-01-27 07:54:00,13.14962,80.45892,0.0,354.3,Tanker
538301001,MT Gulf Carrier,2017-01-27 07:54:00,13.0625,80.54949,0,1.6,Tanker
636401001,MV Atlantic Bridge,2017-01-27 07:54:00,15.97888,82.05701,16.7,353.3,Container
419501014,Chennai FV-11,2017-01-27 07:54:00,13.20473,80.3125,3.8,314.4,Fishing
419501015,North FV-21,2017-01-27 07:54:00,13.35113,80.24657,4.5,162.7,Fishing
419301006,MT Triton,2017-01-27 07:55:00,13.26536,80.31072,0,0.9,Tanker
419301004,MT POL Voyager,2017-01-27 07:55:00,13.23323,80.41847,0,359.0,Tanker
636201001,MV Fortune Bulker,2017-01-27 07:55:00,11.70733,82.97854,14.3,278.0,Cargo
419201008,MV Chennai Bulk,2017-01-27 07:55:00,12.39405,82.15333,12.6,285.7,Cargo
419501006,Pulicat FV-01,2017-01-27 07:55:00,13.70027,80.20082,3.6,90.2,Fishing
419301003,MT Coromandel King,2017-01-27 07:56:00,13.24903,80.34141,0.0,356.6,Tanker
419201001,MV Vishakha Star,2017-01-27 07:56:00,13.19344,80.46985,0,357.8,Cargo
419301005,MT Coastal Trader,2017-01-27 07:56:00,12.99633,80.72915,10.6,311.5,Tanker
419501007,Pulicat FV-02,2017-01-27 07:56:00,13.63269,79.91967,3.8,262.7,Fishing
419501008,Kovalam FV-01,2017-01-27 07:56:00,12.65481,80.2994,4.4,161.9,Fishing
419053900,MT Dawn Kanchipuram,2017-01-27 07:57:00,12.59412,81.40752,9.9,322.2,Tanker
419501010,North FV-01,2017-01-27 07:57:00,13.2721,80.67585,6.1,62.8,Fishing
419201003,MV Ennore Express,2017-01-27 07:58:00,13.26871,80.32013,0.2,1.7,Cargo
419201006,MV KPL Carrier,2017-01-27 07:58:00,13.24818,80.33948,0,89.0,Cargo
419301001,MT Sanmar Spirit,2017-01-27 07:58:00,13.24434,80.36059,0.0,90.9,Tanker
419301002,MT Chennai Petro,2017-01-27 07:58:00,13.09293,80.53106,0,3.1,Tanker
419201005,MV Eastern Star,2017-01-27 07:58:00,12.3612,82.01805,13.7,285.3,Cargo
419601001,Tug KPL-1,2017-01-27 07:58:00,13.24366,80.30887,4.3,133.3,Tug
419201004,MV Coastal Glory,2017-01-27 07:59:00,13.2864,80.31337,0.4,356.4,Cargo
419201007,MV Sakthi Pride,2017-01-27 07:59:00,13.25118,80.31871,0.2,358.9,Cargo
538301001,MT Gulf Carrier,2017-01-27 07:59:00,13.06307,80.54941,0.1,2.7,Tanker
419201009,MV Ennore Pioneer,2017-01-27 07:59:00,11.95086,83.30066,12.9,285.5,Cargo
419301004,MT POL Voyager,2017-01-27 08:00:00,13.2326,80.41846,0.2,4.2,Tanker
419301007,MT Bay Tanker,2017-01-27 08:00:00,13.15178,80.45971,0,357.0,Tanker
419201010,MV KPL Vishal,2017-01-27 08:00:00,12.96191,80.81585,13.1,288.1,Cargo
419601003,Pilot KPL,2017-01-27 08:00:00,13.28044,80.33758,4.8,192.8,Tug
419301006,MT Triton,2017-01-27 08:01:00,13.26567,80.30999,0,2.2,Tanker
419201001,MV Vishakha Star,2017-01-27 08:01:00,13.19347,80.47182,0,359.1,Cargo
419201002,MV APJ Kiran,2017-01-27 08:01:00,13.14679,80.5007,0.2,359.7,Cargo
419501002,Chennai FV-02,2017-01-27 08:01:00,13.42721,80.22935,5.4,71.3,Fishing
419301003,MT Coromandel King,2017-01-27 08:02:00,13.24919,80.33897,0.1,359.1,Tanker
419401002,MV Coromandel Trade,2017-01-27 08:02:00,12.12563,82.44847,13.8,6.2,Container
419501012,Royapuram FV,2017-01-27 08:02:00,12.99754,80.42012,5.3,141.9,Fishing
419601002,Tug KPL-2,2017-01-27 08:02:00,13.23349,80.30733,5.1,48.6,Tug
419053900,MT Dawn Kanchipuram,2017-01-27 08:03:00,12.61168,81.39606,9.9,322.9,Tanker
419201006,MV KPL Carrier,2017-01-27 08:03:00,13.24564,80.34076,0,90.8,Cargo
419201007,MV Sakthi Pride,2017-01-27 08:03:00,13.25125,80.3193,0.1,358.8,Cargo
419301002,MT Chennai Petro,2017-01-27 08:03:00,13.09154,80.53038,0,356.1,Tanker
636201001,MV Fortune Bulker,2017-01-27 08:03:00,11.71307,82.9468,13.7,277.3,Cargo
566401001,MV Singapore Star,2017-01-27 08:03:00,10.68053,83.15367,15.5,7.7,Container
419201003,MV Ennore Express,2017-01-27 08:04:00,13.26879,80.32151,0.2,355.7,Cargo
419201004,MV Coastal Glory,2017-01-27 08:04:00,13.28524,80.31644,0.4,359.3,Cargo
419301001,MT Sanmar Spirit,2017-01-27 08:04:00,13.24399,80.36204,0.2,84.0,Tanker
419201008,MV Chennai Bulk,2017-01-27 08:04:00,12.40044,82.12543,12.3,288.6,Cargo
419501009,Kovalam FV-02,2017-01-27 08:04:00,12.78717,80.34786,3.5,102.7,Fishing
419601004,Tug Ennore,2017-01-27 08:04:00,13.27285,80.2754,3.8,31.0,Tug
357401001,MV Orient Trader,2017-01-27 08:05:00,12.0092,82.22255,16.7,4.3,Container
419301006,MT Triton,2017-01-27 08:06:00,13.26319,80.31019,0.2,359.5,Tanker
538301001,MT Gulf Carrier,2017-01-27 08:06:00,13.06376,80.55038,0.1,0.5,Tanker
419201009,MV Ennore Pioneer,2017-01-27 08:06:00,11.95621,83.2708,12.9,283.9,Cargo
419201010,MV KPL Vishal,2017-01-27 08:06:00,12.97193,80.79052,13.5,288.7,Cargo
419301005,MT Coastal Trader,2017-01-27 08:06:00,13.01141,80.71015,10.4,313.4,Tanker
419501001,Chennai FV-01,2017-01-27 08:06:00,13.31978,80.32115,3.6,119.8,Fishing
419201006,MV KPL Carrier,2017-01-27 08:07:00,13.24729,80.33778,0.2,90.4,Cargo
419301003,MT Coromandel King,2017-01-27 08:07:00,13.24831,80.33897,0.1,1.5,Tanker
419301004,MT POL Voyager,2017-01-27 08:07:00,13.23265,80.42039,0,2.1,Tanker
419301007,MT Bay Tanker,2017-01-27 08:07:00,13.14983,80.45892,0.2,3.8,Tanker
419201007,MV Sakthi Pride,2017-01-27 08:08:00,13.25191,80.31846,0,1.1,Cargo
419201001,MV Vishakha Star,2017-01-27 08:08:00,13.1947,80.46921,0.2,2.0,Cargo
419201002,MV APJ Kiran,2017-01-27 08:08:00,13.14646,80.50021,0.3,0.1,Cargo
419201005,MV Eastern Star,2017-01-27 08:08:00,12.36875,81.98881,13.8,284.5,Cargo
419501005,Ennore FV-12,2017-01-27 08:08:00,13.28994,80.2217,5.0,284.6,Fishing
419301001,MT Sanmar Spirit,2017-01-27 08:09:00,13.24302,80.36212,0.1,89.4,Tanker
636201001,MV Fortune Bulker,2017-01-27 08:09:00,11.71817,82.91644,14.2,282.1,Cargo
419201003,MV Ennore Express,2017-01-27 08:10:00,13.26977,80.32014,0,358.1,Cargo
419201004,MV Coastal Glory,2017-01-27 08:10:00,13.28802,80.31478,0.9,3.7,Cargo
419301002,MT Chennai Petro,2017-01-27 08:10:00,13.09257,80.5291,0.3,1.1,Tanker
636401001,MV Atlantic Bridge,2017-01-27 08:10:00,16.048,82.04847,16.3,353.6,Container
419501003,Chennai FV-03,2017-01-27 08:11:00,13.23649,80.13083,4.0,230.7,Fishing
419501014,Chennai FV-11,2017-01-27 08:11:00,13.21701,80.29755,4.1,317.0,Fishing
419201006,MV KPL Carrier,2017-01-27 08:12:00,13.24819,80.34033,0.6,86.2,Cargo
419301003,MT Coromandel King,2017-01-27 08:12:00,13.24989,80.33765,0,358.1,Tanker
419301006,MT Triton,2017-01-27 08:12:00,13.26403,80.30887,0.4,359.8,Tanker
538301001,MT Gulf Carrier,2017-01-27 08:12:00,13.06277,80.55024,0,2.1,Tanker
419201008,MV Chennai Bulk,2017-01-27 08:12:00,12.41027,82.09971,12.4,287.5,Cargo
419501011,Marina FV-01,2017-01-27 08:12:00,13.03461,80.30411,4.4,137.8,Fishing
419053900,MT Dawn Kanchipuram,2017-01-27 08:13:00,12.63038,81.38006,9.7,322.0,Tanker
419301001,MT Sanmar Spirit,2017-01-27 08:13:00,13.24386,80.36145,0.4,89.2,Tanker
419301004,MT POL Voyager,2017-01-27 08:13:00,13.23453,80.42002,0.1,0.1,Tanker
419301007,MT Bay Tanker,2017-01-27 08:13:00,13.1506,80.45986,0,359.3,Tanker
419301005,MT Coastal Trader,2017-01-27 08:13:00,13.02613,80.6933,10.2,310.2,Tanker
419501004,Ennore FV-11,2017-01-27 08:13:00,13.07768,80.45216,5.0,147.8,Fishing
419501007,Pulicat FV-02,2017-01-27 08:13:00,13.63094,79.89824,4.3,263.7,Fishing
419501008,Kovalam FV-01,2017-01-27 08:13:00,12.62843,80.30715,4.6,166.3,Fishing
419201007,MV Sakthi Pride,2017-01-27 08:14:00,13.25273,80.31795,0.1,359.2,Cargo
419201009,MV Ennore Pioneer,2017-01-27 08:14:00,11.96491,83.24476,13.1,283.2,Cargo
419501010,North FV-01,2017-01-27 08:14:00,13.28391,80.69994,5.6,64.4,Fishing
419201001,MV Vishakha Star,2017-01-27 08:15:00,13.19325,80.4707,0.6,2.6,Cargo
419201002,MV APJ Kiran,2017-01-27 08:15:00,13.14704,80.50033,0.1,359.5,Cargo
419301002,MT Chennai Petro,2017-01-27 08:15:00,13.09259,80.53071,0.2,0.1,Tanker
566401001,MV Singapore Star,2017-01-27 08:15:00,10.74298,83.16345,15.3,6.0,Container
419501006,Pulicat FV-01,2017-01-27 08:15:00,13.6997,80.21984,3.8,88.5,Fishing
419501013,Ennore FV-21,2017-01-27 08:15:00,13.17687,80.38832,4.7,183.4,Fishing
419201003,MV Ennore Express,2017-01-27 08:16:00,13.2686,80.3195,0,3.9,Cargo
419201004,MV Coastal Glory,2017-01-27 08:16:00,13.28732,80.31542,0.4,356.7,Cargo
419201010,MV KPL Vishal,2017-01-27 08:16:00,12.98165,80.76048,12.8,291.1,Cargo
419501012,Royapuram FV,2017-01-27 08:16:00,12.97853,80.4379,5.4,142.5,Fishing
419301003,MT Coromandel King,2017-01-27 08:17:00,13.25001,80.34109,0.1,2.0,Tanker
636201001,MV Fortune Bulker,2017-01-27 08:17:00,11.72365,82.88729,14.2,279.8,Cargo
419501015,North FV-21,2017-01-27 08:17:00,13.33102,80.25282,4.2,168.8,Fishing
419201006,MV KPL Carrier,2017-01-27 08:18:00,13.24882,80.33852,0.1,89.4,Cargo
419301001,MT Sanmar Spirit,2017-01-27 08:18:00,13.24365,80.36255,0.4,91.0,Tanker
419301006,MT Triton,2017-01-27 08:18:00,13.26375,80.31046,0.2,0.3,Tanker
419301007,MT Bay Tanker,2017-01-27 08:18:00,13.15051,80.46017,0,359.1,Tanker
419201005,MV Eastern Star,2017-01-27 08:18:00,12.37581,81.95679,13.6,286.0,Cargo
419601004,Tug Ennore,2017-01-27 08:18:00,13.27326,80.30326,4.2,42.6,Tug
538301001,MT Gulf Carrier,2017-01-27 08:19:00,13.06356,80.55166,0.4,356.2,Tanker
419401002,MV Coromandel Trade,2017-01-27 08:19:00,12.18524,82.45482,13.7,356.9,Container
419301005,MT Coastal Trader,2017-01-27 08:19:00,13.04205,80.6774,10.2,308.8,Tanker
419201003,MV Ennore Express,2017-01-27 08:20:00,13.2681,80.32133,0,1.4,Cargo
419201007,MV Sakthi Pride,2017-01-27 08:20:00,13.2529,80.31646,0.0,0.6,Cargo
419201001,MV Vishakha Star,2017-01-27 08:20:00,13.19368,80.47068,0.3,357.8,Cargo
419201002,MV APJ Kiran,2017-01-27 08:20:00,13.1487,80.50024,0,358.6,Cargo
419301004,MT POL Voyager,2017-01-27 08:20:00,13.23377,80.41968,0,3.0,Tanker
419201008,MV Chennai Bulk,2017-01-27 08:20:00,12.41752,82.07087,12.4,287.5,Cargo
419053900,MT Dawn Kanchipuram,2017-01-27 08:21:00,12.64518,81.36742,9.4,321.4,Tanker
419301003,MT Coromandel King,2017-01-27 08:21:00,13.24868,80.3406,0.1,356.0,Tanker
419201009,MV Ennore Pioneer,2017-01-27 08:21:00,11.97131,83.21539,12.9,281.4,Cargo
419501002,Chennai FV-02,2017-01-27 08:21:00,13.4365,80.2591,5.2,72.0,Fishing
419501009,Kovalam FV-02,2017-01-27 08:21:00,12.78602,80.36585,4.0,95.5,Fishing
419201004,MV Coastal Glory,2017-01-27 08:22:00,13.28841,80.3155,0,359.5,Cargo
419301006,MT Triton,2017-01-27 08:22:00,13.26511,80.30986,0,3.7,Tanker
419301002,MT Chennai Petro,2017-01-27 08:22:00,13.09341,80.53005,0.3,2.2,Tanker
419201006,MV KPL Carrier,2017-01-27 08:23:00,13.24769,80.33844,0,87.2,Cargo
419301001,MT Sanmar Spirit,2017-01-27 08:23:00,13.2434,80.36305,0.1,88.8,Tanker
419301007,MT Bay Tanker,2017-01-27 08:23:00,13.14885,80.45953,0.3,2.3,Tanker
419201010,MV KPL Vishal,2017-01-27 08:23:00,12.99258,80.73267,13.5,287.5,Cargo
357401001,MV Orient Trader,2017-01-27 08:23:00,12.07837,82.23065,16.6,3.3,Container
419601001,Tug KPL-1,2017-01-27 08:23:00,13.23726,80.31157,3.9,206.7,Tug
419601002,Tug KPL-2,2017-01-27 08:23:00,13.23636,80.3198,4.1,48.4,Tug
538301001,MT Gulf Carrier,2017-01-27 08:24:00,13.06459,80.5509,0.4,2.6,Tanker
419601003,Pilot KPL,2017-01-27 08:24:00,13.24317,80.31209,4.7,278.4,Tug
419301004,MT POL Voyager,2017-01-27 08:25:00,13.23384,80.42009,0,4.0,Tanker
636201001,MV Fortune Bulker,2017-01-27 08:25:00,11.72872,82.85587,13.7,282.8,Cargo
636401001,MV Atlantic Bridge,2017-01-27 08:25:00,16.11719,82.04395,16.5,352.6,Container
419201003,MV Ennore Express,2017-01-27 08:26:00,13.26872,80.32066,0.5,1.0,Cargo
419201007,MV Sakthi Pride,2017-01-27 08:26:00,13.25128,80.31878,0.6,358.8,Cargo
419301006,MT Triton,2017-01-27 08:26:00,13.26469,80.31075,0,357.7,Tanker
419201008,MV Chennai Bulk,2017-01-27 08:26:00,12.42477,82.04621,12.5,286.1,Cargo
419501001,Chennai FV-01,2017-01-27 08:26:00,13.30802,80.33953,4.5,121.3,Fishing
419501011,Marina FV-01,2017-01-27 08:26:00,13.01902,80.31774,4.5,140.1,Fishing
419201004,MV Coastal Glory,2017-01-27 08:27:00,13.2886,80.3154,0.6,0.7,Cargo
419201006,MV KPL Carrier,2017-01-27 08:27:00,13.24949,80.33977,0.1,90.2,Cargo
419301003,MT Coromandel King,2017-01-27 08:27:00,13.25292,80.34094,0,358.0,Tanker
419201001,MV Vishakha Star,2017-01-27 08:27:00,13.19311,80.47033,0.1,0.7,Cargo
419201002,MV APJ Kiran,2017-01-27 08:27:00,13.14728,80.49855,0,359.8,Cargo
419501003,Chennai FV-03,2017-01-27 08:27:00,13.22326,80.11618,3.5,235.4,Fishing
419501008,Kovalam FV-01,2017-01-27 08:27:00,12.60746,80.31201,4.8,167.5,Fishing
419501014,Chennai FV-11,2017-01-27 08:27:00,13.23052,80.28393,4.2,317.1,Fishing
419053900,MT Dawn Kanchipuram,2017-01-27 08:28:00,12.66304,81.35394,9.7,324.0,Tanker
419301001,MT Sanmar Spirit,2017-01-27 08:28:00,13.24214,80.36288,0,87.3,Tanker
419301007,MT Bay Tanker,2017-01-27 08:28:00,13.15044,80.45959,0.1,360.0,Tanker
419201005,MV Eastern Star,2017-01-27 08:28:00,12.38439,81.92519,13.8,283.1,Cargo
419301005,MT Coastal Trader,2017-01-27 08:28:00,13.05683,80.65858,10.1,311.0,Tanker
419501010,North FV-01,2017-01-27 08:28:00,13.29651,80.7294,5.8,59.6,Fishing
419301002,MT Chennai Petro,2017-01-27 08:29:00,13.09296,80.52955,0.4,0.2,Tanker
419201009,MV Ennore Pioneer,2017-01-27 08:29:00,11.97463,83.18724,12.7,282.8,Cargo
566401001,MV Singapore Star,2017-01-27 08:29:00,10.80462,83.17359,15.8,8.3,Container
419201003,MV Ennore Express,2017-01-27 08:30:00,13.26948,80.3188,0.1,0.5,Cargo
419301004,MT POL Voyager,2017-01-27 08:30:00,13.23455,80.4206,0,357.6,Tanker
419501006,Pulicat FV-01,2017-01-27 08:30:00,13.69984,80.23951,3.7,93.0,Fishing
419501007,Pulicat FV-02,2017-01-27 08:30:00,13.62925,79.87429,4.3,263.4,Fishing
419201004,MV Coastal Glory,2017-01-27 08:31:00,13.28823,80.31565,0.2,2.4,Cargo
419201006,MV KPL Carrier,2017-01-27 08:31:00,13.24853,80.33812,0,94.7,Cargo
419301003,MT Coromandel King,2017-01-27 08:31:00,13.25168,80.33885,0.2,2.4,Tanker
538301001,MT Gulf Carrier,2017-01-27 08:31:00,13.06367,80.55104,0.1,1.7,Tanker
419501005,Ennore FV-12,2017-01-27 08:31:00,13.29714,80.19681,4.6,288.6,Fishing
419201007,MV Sakthi Pride,2017-01-27 08:32:00,13.25102,80.31934,0,358.6,Cargo
419301006,MT Triton,2017-01-27 08:32:00,13.26525,80.31166,0.0,357.8,Tanker
419201002,MV APJ Kiran,2017-01-27 08:32:00,13.14949,80.49957,0.2,3.2,Cargo
419501012,Royapuram FV,2017-01-27 08:32:00,12.95923,80.45501,5.2,136.7,Fishing
419501013,Ennore FV-21,2017-01-27 08:32:00,13.15237,80.38702,4.3,181.7,Fishing
419301007,MT Bay Tanker,2017-01-27 08:33:00,13.14933,80.45971,0,359.0,Tanker
419201008,MV Chennai Bulk,2017-01-27 08:33:00,12.43248,82.01715,12.1,285.4,Cargo
419201010,MV KPL Vishal,2017-01-27 08:33:00,13.00258,80.70494,13.2,289.0,Cargo
419301001,MT Sanmar Spirit,2017-01-27 08:34:00,13.24387,80.36303,0.4,88.9,Tanker
419201001,MV Vishakha Star,2017-01-27 08:34:00,13.19318,80.4696,0.4,0.2,Cargo
419501002,Chennai FV-02,2017-01-27 08:34:00,13.44528,80.28166,5.5,67.3,Fishing
419501004,Ennore FV-11,2017-01-27 08:34:00,13.05689,80.46485,4.7,151.8,Fishing
419053900,MT Dawn Kanchipuram,2017-01-27 08:35:00,12.68187,81.33973,9.7,318.4,Tanker
419201004,MV Coastal Glory,2017-01-27 08:35:00,13.28769,80.31509,0,1.5,Cargo
636201001,MV Fortune Bulker,2017-01-27 08:35:00,11.73587,82.82401,14.3,277.7,Cargo
419201003,MV Ennore Express,2017-01-27 08:36:00,13.26901,80.32094,0.6,357.6,Cargo
419201007,MV Sakthi Pride,2017-01-27 08:36:00,13.25409,80.31716,0,359.1,Cargo
419301003,MT Coromandel King,2017-01-27 08:36:00,13.25032,80.3396,0,3.3,Tanker
419301006,MT Triton,2017-01-27 08:36:00,13.26489,80.3105,0.3,359.1,Tanker
419301002,MT Chennai Petro,2017-01-27 08:36:00,13.0946,80.52971,0.6,359.4,Tanker
538301001,MT Gulf Carrier,2017-01-27 08:36:00,13.06465,80.54948,0.1,355.7,Tanker
419201009,MV Ennore Pioneer,2017-01-27 08:36:00,11.98253,83.15734,13.0,280.7,Cargo
419301005,MT Coastal Trader,2017-01-27 08:36:00,13.07262,80.64288,10.0,311.3,Tanker
419601004,Tug Ennore,2017-01-27 08:36:00,13.27465,80.31343,3.8,238.2,Tug
419201006,MV KPL Carrier,2017-01-27 08:37:00,13.24905,80.33884,0.3,90.7,Cargo
419201002,MV APJ Kiran,2017-01-27 08:37:00,13.1493,80.50004,0.4,359.1,Cargo
419301004,MT POL Voyager,2017-01-27 08:37:00,13.23544,80.41992,0.5,0.8,Tanker
419401002,MV Coromandel Trade,2017-01-27 08:37:00,12.24143,82.45522,14.3,2.4,Container
357401001,MV Orient Trader,2017-01-27 08:37:00,12.14765,82.23908,16.6,7.4,Container
419201005,MV Eastern Star,2017-01-27 08:38:00,12.3912,81.89695,13.8,280.1,Cargo
558201001,MV Coral Sea,2017-01-27 08:38:00,11.8003,83.45059,13.3,279.6,Cargo
419201001,MV Vishakha Star,2017-01-27 08:39:00,13.19497,80.46937,0.6,358.7,Cargo
419201008,MV Chennai Bulk,2017-01-27 08:39:00,12.44128,81.99147,12.0,283.8,Cargo
419201010,MV KPL Vishal,2017-01-27 08:39:00,13.01305,80.67615,13.2,294.7,Cargo
419601001,Tug KPL-1,2017-01-27 08:39:00,13.2307,80.30411,3.8,185.8,Tug
419301001,MT Sanmar Spirit,2017-01-27 08:40:00,13.24433,80.36339,0.3,89.5,Tanker
419301006,MT Triton,2017-01-27 08:40:00,13.2641,80.30903,0.1,1.9,Tanker
419301007,MT Bay Tanker,2017-01-27 08:40:00,13.1493,80.46092,0.4,0.2,Tanker
419501015,North FV-21,2017-01-27 08:40:00,13.31227,80.25796,4.1,165.8,Fishing
419201003,MV Ennore Express,2017-01-27 08:41:00,13.26918,80.32004,0,357.1,Cargo
419201004,MV Coastal Glory,2017-01-27 08:41:00,13.28737,80.31402,0,359.3,Cargo
566401001,MV Singapore Star,2017-01-27 08:41:00,10.86856,83.18115,15.4,7.6,Container
419501001,Chennai FV-01,2017-01-27 08:41:00,13.29722,80.3574,4.7,116.9,Fishing
419201007,MV Sakthi Pride,2017-01-27 08:42:00,13.25142,80.31623,0.6,359.0,Cargo
419301003,MT Coromandel King,2017-01-27 08:42:00,13.25155,80.33838,0.1,358.9,Tanker
419301002,MT Chennai Petro,2017-01-27 08:42:00,13.09483,80.53001,0,358.8,Tanker
419301004,MT POL Voyager,2017-01-27 08:42:00,13.23468,80.42079,0.2,356.7,Tanker
538301001,MT Gulf Carrier,2017-01-27 08:42:00,13.06355,80.54836,0.2,358.6,Tanker
636401001,MV Atlantic Bridge,2017-01-27 08:42:00,16.18518,82.03749,16.6,355.4,Container
419501011,Marina FV-01,2017-01-27 08:42:00,13.00327,80.33308,4.1,138.4,Fishing
419201006,MV KPL Carrier,2017-01-27 08:43:00,13.2487,80.34024,0.5,90.0,Cargo
419201002,MV APJ Kiran,2017-01-27 08:43:00,13.14922,80.49923,0.3,1.4,Cargo
419501009,Kovalam FV-02,2017-01-27 08:43:00,12.78315,80.38437,3.7,103.8,Fishing
419601002,Tug KPL-2,2017-01-27 08:43:00,13.26378,80.30159,3.8,139.6,Tug
419601003,Pilot KPL,2017-01-27 08:43:00,13.25614,80.29659,4.5,315.0,Tug
419301006,MT Triton,2017-01-27 08:44:00,13.26502,80.31033,0,358.6,Tanker
419201009,MV Ennore Pioneer,2017-01-27 08:44:00,11.98814,83.1303,13.0,283.8,Cargo
419053900,MT Dawn Kanchipuram,2017-01-27 08:45:00,12.69844,81.32585,10.0,322.1,Tanker
419201004,MV Coastal Glory,2017-01-27 08:45:00,13.28956,80.31476,0.5,0.8,Cargo
419201001,MV Vishakha Star,2017-01-27 08:45:00,13.19393,80.47029,0.1,354.6,Cargo
636201001,MV Fortune Bulker,2017-01-27 08:45:00,11.7381,82.79471,13.9,280.1,Cargo
419201008,MV Chennai Bulk,2017-01-27 08:45:00,12.44841,81.96428,12.0,287.4,Cargo
419301005,MT Coastal Trader,2017-01-27 08:45:00,13.08613,80.62544,9.8,312.4,Tanker
419501003,Chennai FV-03,2017-01-27 08:45:00,13.21211,80.09998,3.3,231.7,Fishing
419201003,MV Ennore Express,2017-01-27 08:46:00,13.26879,80.31978,0,3.7,Cargo
419301001,MT Sanmar Spirit,2017-01-27 08:46:00,13.2446,80.36425,0.2,90.7,Tanker
419301007,MT Bay Tanker,2017-01-27 08:46:00,13.14956,80.4598,0.1,359.0,Tanker
419201005,MV Eastern Star,2017-01-27 08:46:00,12.39985,81.86374,13.7,286.7,Cargo
419501007,Pulicat FV-02,2017-01-27 08:46:00,13.62555,79.85414,4.8,264.5,Fishing
419301003,MT Coromandel King,2017-01-27 08:47:00,13.25113,80.34032,0.1,2.2,Tanker
419301002,MT Chennai Petro,2017-01-27 08:47:00,13.09611,80.53018,0.2,0.1,Tanker
419301004,MT POL Voyager,2017-01-27 08:47:00,13.23462,80.4209,0.1,3.2,Tanker
419501002,Chennai FV-02,2017-01-27 08:47:00,13.45432,80.30972,5.5,69.3,Fishing
419501004,Ennore FV-11,2017-01-27 08:47:00,13.03733,80.47828,4.8,148.2,Fishing
419501010,North FV-01,2017-01-27 08:47:00,13.31092,80.7544,5.6,59.8,Fishing
419201006,MV KPL Carrier,2017-01-27 08:48:00,13.2466,80.33926,0,93.8,Cargo
419201007,MV Sakthi Pride,2017-01-27 08:48:00,13.25131,80.3181,0,3.4,Cargo
538301001,MT Gulf Carrier,2017-01-27 08:48:00,13.06469,80.54959,0,359.4,Tanker
558201001,MV Coral Sea,2017-01-27 08:48:00,11.80588,83.42031,13.3,285.3,Cargo
419201010,MV KPL Vishal,2017-01-27 08:48:00,13.02191,80.64853,13.4,292.5,Cargo
419501006,Pulicat FV-01,2017-01-27 08:49:00,13.69981,80.25989,3.9,90.8,Fishing
419501008,Kovalam FV-01,2017-01-27 08:49:00,12.5841,80.31757,4.9,166.6,Fishing
419501013,Ennore FV-21,2017-01-27 08:49:00,13.13208,80.38555,4.9,187.1,Fishing
419201003,MV Ennore Express,2017-01-27 08:50:00,13.26978,80.31917,0,2.5,Cargo
419301001,MT Sanmar Spirit,2017-01-27 08:50:00,13.24486,80.36426,0.4,89.8,Tanker
419301006,MT Triton,2017-01-27 08:50:00,13.26459,80.31121,0.1,1.7,Tanker
419201002,MV APJ Kiran,2017-01-27 08:50:00,13.14913,80.50046,0,1.3,Cargo
419501014,Chennai FV-11,2017-01-27 08:50:00,13.24439,80.27011,3.8,314.7,Fishing
419201004,MV Coastal Glory,2017-01-27 08:51:00,13.2906,80.31525,0,356.2,Cargo
419301005,MT Coastal Trader,2017-01-27 08:51:00,13.10251,80.60685,10.2,310.4,Tanker
419501005,Ennore FV-12,2017-01-27 08:51:00,13.30534,80.1709,5.1,291.6,Fishing
419053900,MT Dawn Kanchipuram,2017-01-27 08:52:00,12.71497,81.31107,9.3,319.5,Tanker
419301003,MT Coromandel King,2017-01-27 08:52:00,13.25196,80.34064,0.0,357.3,Tanker
419201001,MV Vishakha Star,2017-01-27 08:52:00,13.19551,80.46899,0,357.3,Cargo
419301002,MT Chennai Petro,2017-01-27 08:52:00,13.09605,80.52915,0.1,2.7,Tanker
419501012,Royapuram FV,2017-01-27 08:52:00,12.9389,80.47054,5.5,140.3,Fishing
419201007,MV Sakthi Pride,2017-01-27 08:53:00,13.25191,80.31823,0.1,1.6,Cargo
419301004,MT POL Voyager,2017-01-27 08:53:00,13.23475,80.4205,0.3,2.6,Tanker
419301007,MT Bay Tanker,2017-01-27 08:53:00,13.15075,80.46112,0.1,359.6,Tanker
419201005,MV Eastern Star,2017-01-27 08:53:00,12.40833,81.83728,13.2,283.1,Cargo
419201008,MV Chennai Bulk,2017-01-27 08:53:00,12.45816,81.93655,12.5,285.5,Cargo
419201009,MV Ennore Pioneer,2017-01-27 08:53:00,11.99461,83.09905,12.9,284.5,Cargo
357401001,MV Orient Trader,2017-01-27 08:53:00,12.21803,82.24523,17.0,7.8,Container
419201006,MV KPL Carrier,2017-01-27 08:54:00,13.24893,80.33845,0.2,88.1,Cargo
538301001,MT Gulf Carrier,2017-01-27 08:54:00,13.06505,80.55201,0.2,2.4,Tanker
419201010,MV KPL Vishal,2017-01-27 08:54:00,13.03172,80.61925,12.9,289.1,Cargo
419401002,MV Coromandel Trade,2017-01-27 08:54:00,12.29978,82.45953,13.8,3.8,Container
419201003,MV Ennore Express,2017-01-27 08:55:00,13.26938,80.32032,0,358.3,Cargo
419301001,MT Sanmar Spirit,2017-01-27 08:55:00,13.24397,80.36534,0.5,90.7,Tanker
636201001,MV Fortune Bulker,2017-01-27 08:55:00,11.74728,82.76021,13.9,280.7,Cargo
419201004,MV Coastal Glory,2017-01-27 08:56:00,13.28918,80.31662,0.5,359.0,Cargo
419301006,MT Triton,2017-01-27 08:56:00,13.26656,80.30901,0.4,358.6,Tanker
419201002,MV APJ Kiran,2017-01-27 08:56:00,13.1502,80.50181,0,1.1,Cargo
636401001,MV Atlantic Bridge,2017-01-27 08:56:00,16.25395,82.03124,15.9,357.7,Container
419601001,Tug KPL-1,2017-01-27 08:56:00,13.23616,80.28337,4.4,286.0,Tug
419301003,MT Coromandel King,2017-01-27 08:57:00,13.25179,80.34001,0.2,0.5,Tanker
419201001,MV Vishakha Star,2017-01-27 08:57:00,13.19549,80.47045,0.5,1.0,Cargo
419501015,North FV-21,2017-01-27 08:57:00,13.29094,80.26308,4.2,166.4,Fishing
419201007,MV Sakthi Pride,2017-01-27 08:58:00,13.25187,80.3186,0.4,356.9,Cargo
558201001,MV Coral Sea,2017-01-27 08:58:00,11.81334,83.38882,13.5,281.7,Cargo
419501009,Kovalam FV-02,2017-01-27 08:58:00,12.77912,80.40219,3.6,101.7,Fishing
419301001,MT Sanmar Spirit,2017-01-27 08:59:00,13.24311,80.36401,0.6,91.3,Tanker
419301002,MT Chennai Petro,2017-01-27 08:59:00,13.09445,80.52856,0.1,1.4,Tanker
419301007,MT Bay Tanker,2017-01-27 08:59:00,13.14979,80.46077,0.3,1.2,Tanker
538301001,MT Gulf Carrier,2017-01-27 08:59:00,13.06509,80.54981,0,357.9,Tanker
419201008,MV Chennai Bulk,2017-01-27 08:59:00,12.46571,81.90971,12.2,286.6,Cargo
566401001,MV Singapore Star,2017-01-27 08:59:00,10.93048,83.19095,15.5,9.5,Container
419201004,MV Coastal Glory,2017-01-27 09:00:00,13.28868,80.31537,0,359.4,Cargo
419201006,MV KPL Carrier,2017-01-27 09:00:00,13.24875,80.34133,0.0,89.3,Cargo
419301004,MT POL Voyager,2017-01-27 09:00:00,13.23516,80.41936,0.1,359.2,Tanker
419201009,MV Ennore Pioneer,2017-01-27 09:00:00,12.00079,83.07444,13.1,278.6,Cargo
419201010,MV KPL Vishal,2017-01-27 09:00:00,13.04172,80.59162,13.1,289.9,Cargo
419301005,MT Coastal Trader,2017-01-27 09:00:00,13.11815,80.59163,10.1,311.3,Tanker
419601003,Pilot KPL,2017-01-27 09:00:00,13.27223,80.31968,4.3,32.6,Tug
419053900,MT Dawn Kanchipuram,2017-01-27 09:01:00,12.73258,81.29891,9.7,321.7,Tanker
419201003,MV Ennore Express,2017-01-27 09:01:00,13.27051,80.32054,0,1.6,Cargo
419601004,Tug Ennore,2017-01-27 09:01:00,13.27494,80.27218,4.4,169.4,Tug
419301003,MT Coromandel King,2017-01-27 09:02:00,13.25277,80.34088,0,359.2,Tanker
419301006,MT Triton,2017-01-27 09:02:00,13.2653,80.30954,0.2,358.0,Tanker
419201002,MV APJ Kiran,2017-01-27 09:02:00,13.14936,80.49875,0.3,2.4,Cargo
419601002,Tug KPL-2,2017-01-27 09:02:00,13.24067,80.29331,4.6,288.6,Tug
419201007,MV Sakthi Pride,2017-01-27 09:03:00,13.2524,80.31914,0.4,0.1,Cargo
419301001,MT Sanmar Spirit,2017-01-27 09:03:00,13.24321,80.36542,0.1,88.5,Tanker
419201005,MV Eastern Star,2017-01-27 09:03:00,12.41446,81.80806,13.8,285.5,Cargo
419501001,Chennai FV-01,2017-01-27 09:03:00,13.28845,80.37708,3.8,113.3,Fishing
419201001,MV Vishakha Star,2017-01-27 09:04:00,13.19461,80.47014,0.0,1.7,Cargo
419301007,MT Bay Tanker,2017-01-27 09:04:00,13.14986,80.46084,0,358.2,Tanker
419501005,Ennore FV-12,2017-01-27 09:04:00,13.31357,80.1467,5.2,287.4,Fishing
419501010,North FV-01,2017-01-27 09:04:00,13.32521,80.78032,6.0,64.5,Fishing
419501011,Marina FV-01,2017-01-27 09:04:00,12.98772,80.34634,3.9,136.9,Fishing
419201003,MV Ennore Express,2017-01-27 09:05:00,13.26947,80.31857,0.3,358.8,Cargo
419201006,MV KPL Carrier,2017-01-27 09:05:00,13.24865,80.33966,0.3,88.4,Cargo
419301002,MT Chennai Petro,2017-01-27 09:05:00,13.09615,80.52927,0.0,1.6,Tanker
419301004,MT POL Voyager,2017-01-27 09:05:00,13.23513,80.41942,0.4,0.9,Tanker
636201001,MV Fortune Bulker,2017-01-27 09:05:00,11.75171,82.73041,13.7,278.3,Cargo
419501006,Pulicat FV-01,2017-01-27 09:05:00,13.70001,80.2791,4.2,83.8,Fishing
419501007,Pulicat FV-02,2017-01-27 09:05:00,13.62436,79.83245,4.4,265.6,Fishing
419201004,MV Coastal Glory,2017-01-27 09:06:00,13.28966,80.31408,0.1,358.0,Cargo
538301001,MT Gulf Carrier,2017-01-27 09:06:00,13.06505,80.54944,0.1,2.9,Tanker
419501004,Ennore FV-11,2017-01-27 09:06:00,13.01577,80.48995,4.7,149.9,Fishing
419301003,MT Coromandel King,2017-01-27 09:07:00,13.25213,80.33897,0.1,1.0,Tanker
419301006,MT Triton,2017-01-27 09:07:00,13.26552,80.31032,0.5,2.7,Tanker
558201001,MV Coral Sea,2017-01-27 09:07:00,11.81779,83.35855,13.4,284.1,Cargo
419201009,MV Ennore Pioneer,2017-01-27 09:07:00,12.00858,83.04646,12.4,282.1,Cargo
419201010,MV KPL Vishal,2017-01-27 09:07:00,13.05219,80.56456,13.3,291.3,Cargo
419501012,Royapuram FV,2017-01-27 09:07:00,12.92066,80.48891,5.0,139.3,Fishing
419501014,Chennai FV-11,2017-01-27 09:07:00,13.2609,80.25683,4.1,315.5,Fishing
419053900,MT Dawn Kanchipuram,2017-01-27 09:08:00,12.74869,81.28368,9.9,323.8,Tanker
419201007,MV Sakthi Pride,2017-01-27 09:08:00,13.25138,80.31831,0,353.2,Cargo
419201002,MV APJ Kiran,2017-01-27 09:08:00,13.15015,80.50055,0.3,0.9,Cargo
419401002,MV Coromandel Trade,2017-01-27 09:08:00,12.35669,82.46211,14.3,2.8,Container
419301005,MT Coastal Trader,2017-01-27 09:08:00,13.13363,80.57234,10.4,313.1,Tanker
419501002,Chennai FV-02,2017-01-27 09:08:00,13.46317,80.33512,5.4,67.5,Fishing
419501003,Chennai FV-03,2017-01-27 09:08:00,13.19955,80.08347,3.5,227.7,Fishing
419201006,MV KPL Carrier,2017-01-27 09:09:00,13.24774,80.34113,0.5,91.9,Cargo
419301001,MT Sanmar Spirit,2017-01-27 09:09:00,13.24484,80.36465,0,92.9,Tanker
419201001,MV Vishakha Star,2017-01-27 09:09:00,13.19437,80.46917,0.3,3.0,Cargo
419301007,MT Bay Tanker,2017-01-27 09:09:00,13.15071,80.45918,0,357.9,Tanker
419201008,MV Chennai Bulk,2017-01-27 09:09:00,12.47474,81.88302,12.5,288.5,Cargo
419501008,Kovalam FV-01,2017-01-27 09:09:00,12.56028,80.32362,5.0,165.7,Fishing
419201003,MV Ennore Express,2017-01-27 09:10:00,13.26938,80.31862,0.2,3.1,Cargo
419301002,MT Chennai Petro,2017-01-27 09:10:00,13.09555,80.53163,0.4,360.0,Tanker
636401001,MV Atlantic Bridge,2017-01-27 09:10:00,16.32234,82.02558,16.4,354.3,Container
357401001,MV Orient Trader,2017-01-27 09:10:00,12.28844,82.25277,16.9,4.2,Container
419501013,Ennore FV-21,2017-01-27 09:10:00,13.11097,80.38397,4.5,184.7,Fishing
419201004,MV Coastal Glory,2017-01-27 09:12:00,13.28921,80.31592,0.0,1.4,Cargo
419201007,MV Sakthi Pride,2017-01-27 09:12:00,13.25227,80.31735,0,1.4,Cargo
419301003,MT Coromandel King,2017-01-27 09:12:00,13.25141,80.34131,0.4,359.7,Tanker
419301006,MT Triton,2017-01-27 09:12:00,13.26505,80.31064,0.3,2.3,Tanker
419301004,MT POL Voyager,2017-01-27 09:12:00,13.2349,80.41849,0.2,357.2,Tanker
419201005,MV Eastern Star,2017-01-27 09:12:00,12.42282,81.7751,13.9,287.6,Cargo
538301001,MT Gulf Carrier,2017-01-27 09:13:00,13.0648,80.54895,0.1,359.0,Tanker
636201001,MV Fortune Bulker,2017-01-27 09:13:00,11.75596,82.69827,13.8,281.5,Cargo
566401001,MV Singapore Star,2017-01-27 09:13:00,10.99444,83.19948,15.5,8.2,Container
419501009,Kovalam FV-02,2017-01-27 09:13:00,12.77569,80.4217,3.5,101.0,Fishing
419201001,MV Vishakha Star,2017-01-27 09:14:00,13.19507,80.47033,0,1.0,Cargo
558201001,MV Coral Sea,2017-01-27 09:14:00,11.82453,83.32974,14.1,279.6,Cargo
419201009,MV Ennore Pioneer,2017-01-27 09:14:00,12.01427,83.01632,12.9,285.3,Cargo
419053900,MT Dawn Kanchipuram,2017-01-27 09:15:00,12.7642,81.26973,10.2,319.7,Tanker
419201006,MV KPL Carrier,2017-01-27 09:15:00,13.24935,80.33997,0.2,90.6,Cargo
419301001,MT Sanmar Spirit,2017-01-27 09:15:00,13.24327,80.3652,0.3,90.5,Tanker
419201002,MV APJ Kiran,2017-01-27 09:15:00,13.15203,80.49906,0.2,356.8,Cargo
419201010,MV KPL Vishal,2017-01-27 09:15:00,13.06278,80.53566,12.6,289.1,Cargo
419201003,MV Ennore Express,2017-01-27 09:16:00,13.27085,80.31985,0.1,357.6,Cargo
419301002,MT Chennai Petro,2017-01-27 09:16:00,13.0945,80.52935,0.5,359.2,Tanker
419301007,MT Bay Tanker,2017-01-27 09:16:00,13.15072,80.46075,0.3,358.7,Tanker
419601002,Tug KPL-2,2017-01-27 09:16:00,13.20472,80.28978,4.3,97.6,Tug
419201004,MV Coastal Glory,2017-01-27 09:17:00,13.28987,80.3157,0.1,358.3,Cargo
419301005,MT Coastal Trader,2017-01-27 09:17:00,13.14924,80.55547,10.5,309.0,Tanker
419501015,North FV-21,2017-01-27 09:17:00,13.27125,80.26887,4.0,166.9,Fishing
419201007,MV Sakthi Pride,2017-01-27 09:18:00,13.25354,80.31819,0,359.7,Cargo
419301003,MT Coromandel King,2017-01-27 09:18:00,13.25146,80.34067,0.1,3.8,Tanker
419301006,MT Triton,2017-01-27 09:18:00,13.26483,80.31043,0.1,1.7,Tanker
419201008,MV Chennai Bulk,2017-01-27 09:18:00,12.48369,81.85668,11.9,287.8,Cargo
419601004,Tug Ennore,2017-01-27 09:18:00,13.25555,80.28683,4.0,218.5,Tug
419201006,MV KPL Carrier,2017-01-27 09:19:00,13.24792,80.34031,0.4,85.3,Cargo
419301001,MT Sanmar Spirit,2017-01-27 09:19:00,13.24225,80.36468,0.7,88.9,Tanker
419301004,MT POL Voyager,2017-01-27 09:19:00,13.23732,80.41802,1.0,355.2,Tanker
538301001,MT Gulf Carrier,2017-01-27 09:20:00,13.06458,80.54995,0.4,359.6,Tanker
558201001,MV Coral Sea,2017-01-27 09:20:00,11.82983,83.30106,13.1,282.1,Cargo
419201009,MV Ennore Pioneer,2017-01-27 09:20:00,12.02003,82.98819,12.7,282.6,Cargo
419501001,Chennai FV-01,2017-01-27 09:20:00,13.27735,80.39434,3.9,120.5,Fishing
419501005,Ennore FV-12,2017-01-27 09:20:00,13.32222,80.12309,5.0,287.8,Fishing
419601001,Tug KPL-1,2017-01-27 09:20:00,13.24135,80.3193,3.7,23.1,Tug
419601003,Pilot KPL,2017-01-27 09:20:00,13.25639,80.31014,4.0,235.7,Tug
419201001,MV Vishakha Star,2017-01-27 09:21:00,13.19418,80.46989,0.1,356.6,Cargo
419301007,MT Bay Tanker,2017-01-27 09:21:00,13.14953,80.46109,0,0.2,Tanker
419201010,MV KPL Vishal,2017-01-27 09:21:00,13.07177,80.50554,13.4,287.7,Cargo
419201003,MV Ennore Express,2017-01-27 09:22:00,13.27112,80.31969,0.3,0.2,Cargo
419201007,MV Sakthi Pride,2017-01-27 09:22:00,13.25187,80.31732,0,357.3,Cargo
419201002,MV APJ Kiran,2017-01-27 09:22:00,13.15084,80.50089,0.6,0.5,Cargo
419201005,MV Eastern Star,2017-01-27 09:22:00,12.43113,81.74494,13.8,282.8,Cargo
419401002,MV Coromandel Trade,2017-01-27 09:22:00,12.41446,82.46447,14.1,4.4,Container
419501010,North FV-01,2017-01-27 09:22:00,13.33804,80.8086,6.1,61.3,Fishing
419053900,MT Dawn Kanchipuram,2017-01-27 09:23:00,12.78164,81.2552,10.0,320.7,Tanker
419201004,MV Coastal Glory,2017-01-27 09:23:00,13.29079,80.31677,0.5,2.6,Cargo
419301003,MT Coromandel King,2017-01-27 09:23:00,13.25326,80.33848,0.1,359.8,Tanker
419301002,MT Chennai Petro,2017-01-27 09:23:00,13.09546,80.53008,0.5,358.2,Tanker
636201001,MV Fortune Bulker,2017-01-27 09:23:00,11.76019,82.66934,13.9,283.2,Cargo
636401001,MV Atlantic Bridge,2017-01-27 09:23:00,16.38976,82.01874,16.2,351.4,Container
419501006,Pulicat FV-01,2017-01-27 09:23:00,13.70019,80.29999,3.9,88.0,Fishing
419501011,Marina FV-01,2017-01-27 09:23:00,12.96894,80.36158,4.0,143.0,Fishing
419501012,Royapuram FV,2017-01-27 09:23:00,12.90082,80.50542,5.0,141.7,Fishing
419301001,MT Sanmar Spirit,2017-01-27 09:24:00,13.24342,80.36648,0.3,87.8,Tanker
419301006,MT Triton,2017-01-27 09:24:00,13.26399,80.30983,0,0.6,Tanker
419301005,MT Coastal Trader,2017-01-27 09:24:00,13.16105,80.53888,9.9,312.1,Tanker
419201006,MV KPL Carrier,2017-01-27 09:25:00,13.24735,80.34024,0.1,90.1,Cargo
419301004,MT POL Voyager,2017-01-27 09:25:00,13.23456,80.41992,0,2.2,Tanker
538301001,MT Gulf Carrier,2017-01-27 09:25:00,13.06478,80.55004,0.1,355.7,Tanker
566401001,MV Singapore Star,2017-01-27 09:25:00,11.05744,83.20806,15.2,8.1,Container
419301007,MT Bay Tanker,2017-01-27 09:26:00,13.14906,80.45968,0,358.7,Tanker
419201009,MV Ennore Pioneer,2017-01-27 09:26:00,12.02636,82.96181,13.2,279.2,Cargo
419501003,Chennai FV-03,2017-01-27 09:26:00,13.18845,80.07003,3.7,232.5,Fishing
419301003,MT Coromandel King,2017-01-27 09:27:00,13.25417,80.34125,0.5,358.2,Tanker
419201001,MV Vishakha Star,2017-01-27 09:27:00,13.19542,80.46858,0.2,3.0,Cargo
419201002,MV APJ Kiran,2017-01-27 09:27:00,13.14874,80.50078,0.8,355.8,Cargo
419201008,MV Chennai Bulk,2017-01-27 09:27:00,12.48928,81.82869,12.6,283.6,Cargo
357401001,MV Orient Trader,2017-01-27 09:27:00,12.35715,82.25979,17.0,8.3,Container
419501007,Pulicat FV-02,2017-01-27 09:27:00,13.62503,79.80935,4.2,262.7,Fishing
419201003,MV Ennore Express,2017-01-27 09:28:00,13.27088,80.31845,0.1,0.2,Cargo
419201007,MV Sakthi Pride,2017-01-27 09:28:00,13.25107,80.31652,0.7,359.1,Cargo
419301001,MT Sanmar Spirit,2017-01-27 09:28:00,13.24512,80.36695,0.1,89.0,Tanker
558201001,MV Coral Sea,2017-01-27 09:28:00,11.8354,83.2699,13.4,283.0,Cargo
419501004,Ennore FV-11,2017-01-27 09:28:00,12.99796,80.50277,4.6,151.1,Fishing
419501013,Ennore FV-21,2017-01-27 09:28:00,13.088,80.38125,4.4,184.3,Fishing
419201004,MV Coastal Glory,2017-01-27 09:29:00,13.29094,80.31469,0.8,359.7,Cargo
419301002,MT Chennai Petro,2017-01-27 09:29:00,13.09536,80.52821,0.1,1.5,Tanker
636201001,MV Fortune Bulker,2017-01-27 09:29:00,11.7659,82.63759,14.1,278.6,Cargo
419501002,Chennai FV-02,2017-01-27 09:29:00,13.47223,80.35966,4.8,71.3,Fishing
419501008,Kovalam FV-01,2017-01-27 09:29:00,12.53596,80.33102,4.6,167.0,Fishing
419501014,Chennai FV-11,2017-01-27 09:29:00,13.27344,80.24161,4.6,315.6,Fishing
419301006,MT Triton,2017-01-27 09:30:00,13.26516,80.31074,0.1,358.2,Tanker
538301001,MT Gulf Carrier,2017-01-27 09:30:00,13.06563,80.55117,0.3,358.6,Tanker
419201005,MV Eastern Star,2017-01-27 09:30:00,12.43823,81.71486,13.6,279.7,Cargo
419501009,Kovalam FV-02,2017-01-27 09:30:00,12.77405,80.44012,4.0,101.1,Fishing
419053900,MT Dawn Kanchipuram,2017-01-27 09:31:00,12.80114,81.24368,9.8,324.7,Tanker
419201006,MV KPL Carrier,2017-01-27 09:31:00,13.24909,80.3413,0.4,86.5,Cargo
419301003,MT Coromandel King,2017-01-27 09:31:00,13.25334,80.3399,0.0,359.0,Tanker
419301007,MT Bay Tanker,2017-01-27 09:31:00,13.15031,80.45997,0.2,358.3,Tanker
419201010,MV KPL Vishal,2017-01-27 09:31:00,13.08285,80.47748,13.4,292.3,Cargo
419301001,MT Sanmar Spirit,2017-01-27 09:32:00,13.24361,80.36669,0.3,94.8,Tanker
419201001,MV Vishakha Star,2017-01-27 09:32:00,13.19561,80.47067,0.3,358.8,Cargo
419201002,MV APJ Kiran,2017-01-27 09:32:00,13.15252,80.50085,0.5,1.4,Cargo
419301004,MT POL Voyager,2017-01-27 09:32:00,13.2364,80.41994,0.0,356.2,Tanker
419301005,MT Coastal Trader,2017-01-27 09:33:00,13.17962,80.52079,10.3,314.1,Tanker
419201003,MV Ennore Express,2017-01-27 09:34:00,13.27174,80.3196,0.5,3.7,Cargo
419201004,MV Coastal Glory,2017-01-27 09:34:00,13.29146,80.31464,0.3,358.2,Cargo
419201007,MV Sakthi Pride,2017-01-27 09:34:00,13.25067,80.31731,0.6,3.9,Cargo
419201006,MV KPL Carrier,2017-01-27 09:35:00,13.24674,80.34117,0,92.0,Cargo
419301003,MT Coromandel King,2017-01-27 09:35:00,13.25275,80.33994,0,0.6,Tanker
419301006,MT Triton,2017-01-27 09:35:00,13.26548,80.3106,0.0,0.9,Tanker
419301002,MT Chennai Petro,2017-01-27 09:35:00,13.09534,80.52968,0,0.7,Tanker
538301001,MT Gulf Carrier,2017-01-27 09:35:00,13.06583,80.54873,0,5.3,Tanker
419301007,MT Bay Tanker,2017-01-27 09:36:00,13.15007,80.45891,0.1,1.9,Tanker
419201005,MV Eastern Star,2017-01-27 09:36:00,12.44665,81.68511,13.9,284.5,Cargo
636201001,MV Fortune Bulker,2017-01-27 09:36:00,11.77168,82.60681,13.8,280.3,Cargo
419201009,MV Ennore Pioneer,2017-01-27 09:36:00,12.03332,82.93273,12.7,287.5,Cargo
419401002,MV Coromandel Trade,2017-01-27 09:36:00,12.47222,82.46692,13.8,6.3,Container
419501006,Pulicat FV-01,2017-01-27 09:36:00,13.69788,80.319,4.0,88.1,Fishing
419053900,MT Dawn Kanchipuram,2017-01-27 09:37:00,12.81582,81.23055,9.7,324.4,Tanker
419301001,MT Sanmar Spirit,2017-01-27 09:37:00,13.24343,80.3682,1.0,86.5,Tanker
419201008,MV Chennai Bulk,2017-01-27 09:37:00,12.4991,81.7996,12.6,289.3,Cargo
419201010,MV KPL Vishal,2017-01-27 09:37:00,13.09312,80.45152,13.0,290.7,Cargo
419201007,MV Sakthi Pride,2017-01-27 09:38:00,13.25227,80.31811,0.0,1.4,Cargo
419201001,MV Vishakha Star,2017-01-27 09:38:00,13.19536,80.47036,0,3.5,Cargo
558201001,MV Coral Sea,2017-01-27 09:38:00,11.84478,83.2388,13.7,284.9,Cargo
419501005,Ennore FV-12,2017-01-27 09:38:00,13.33025,80.09889,5.3,291.6,Fishing
419501011,Marina FV-01,2017-01-27 09:38:00,12.95456,80.37609,4.3,140.3,Fishing
419201004,MV Coastal Glory,2017-01-27 09:39:00,13.29281,80.31536,0.3,357.2,Cargo
419201006,MV KPL Carrier,2017-01-27 09:39:00,13.24876,80.34157,0.2,83.8,Cargo
419301006,MT Triton,2017-01-27 09:39:00,13.26428,80.30944,0,359.3,Tanker
419201002,MV APJ Kiran,2017-01-27 09:39:00,13.15095,80.50221,0.0,357.6,Cargo
419301004,MT POL Voyager,2017-01-27 09:39:00,13.23631,80.41918,0.6,1.6,Tanker
636401001,MV Atlantic Bridge,2017-01-27 09:39:00,16.45853,82.01252,16.8,359.1,Container
566401001,MV Singapore Star,2017-01-27 09:39:00,11.11951,83.21769,15.2,6.3,Container
419601002,Tug KPL-2,2017-01-27 09:39:00,13.23587,80.30708,4.0,111.5,Tug
419601004,Tug Ennore,2017-01-27 09:39:00,13.25989,80.26691,4.1,215.0,Tug
419201003,MV Ennore Express,2017-01-27 09:40:00,13.27156,80.32009,0.4,358.4,Cargo
538301001,MT Gulf Carrier,2017-01-27 09:40:00,13.06518,80.54981,0,2.4,Tanker
357401001,MV Orient Trader,2017-01-27 09:40:00,12.42545,82.2664,16.9,8.1,Container
419501015,North FV-21,2017-01-27 09:40:00,13.25362,80.27447,4.3,162.0,Fishing
419601001,Tug KPL-1,2017-01-27 09:40:00,13.22996,80.28474,4.1,319.4,Tug
419301003,MT Coromandel King,2017-01-27 09:41:00,13.25393,80.34047,0,4.8,Tanker
419301007,MT Bay Tanker,2017-01-27 09:41:00,13.14977,80.45971,0,358.2,Tanker
419301005,MT Coastal Trader,2017-01-27 09:41:00,13.19385,80.50292,10.7,313.4,Tanker
419501001,Chennai FV-01,2017-01-27 09:41:00,13.26747,80.41334,3.8,121.4,Fishing
419501010,North FV-01,2017-01-27 09:41:00,13.3515,80.83429,6.0,63.9,Fishing
419601003,Pilot KPL,2017-01-27 09:41:00,13.26154,80.33419,4.3,344.7,Tug
419201007,MV Sakthi Pride,2017-01-27 09:42:00,13.25448,80.31774,0.1,6.1,Cargo
419301001,MT Sanmar Spirit,2017-01-27 09:42:00,13.24292,80.36651,0.4,91.0,Tanker
419301002,MT Chennai Petro,2017-01-27 09:42:00,13.09659,80.53132,0,357.5,Tanker
636201001,MV Fortune Bulker,2017-01-27 09:42:00,11.77504,82.57544,13.9,282.4,Cargo
419201009,MV Ennore Pioneer,2017-01-27 09:42:00,12.03886,82.90377,13.3,286.2,Cargo
419201004,MV Coastal Glory,2017-01-27 09:43:00,13.29363,80.31603,0.4,1.9,Cargo
419201006,MV KPL Carrier,2017-01-27 09:43:00,13.24973,80.34194,0.3,87.6,Cargo
419201001,MV Vishakha Star,2017-01-27 09:43:00,13.1956,80.47103,0.3,357.3,Cargo
419501009,Kovalam FV-02,2017-01-27 09:43:00,12.76879,80.45771,3.5,103.7,Fishing
419201003,MV Ennore Express,2017-01-27 09:44:00,13.27059,80.32112,0.4,359.3,Cargo
419301004,MT POL Voyager,2017-01-27 09:44:00,13.23662,80.42069,0,358.8,Tanker
419201010,MV KPL Vishal,2017-01-27 09:44:00,13.10197,80.42163,13.0,290.8,Cargo
419501004,Ennore FV-11,2017-01-27 09:44:00,12.97713,80.51354,4.7,149.7,Fishing
419501012,Royapuram FV,2017-01-27 09:44:00,12.88243,80.52011,4.9,138.1,Fishing
419301003,MT Coromandel King,2017-01-27 09:45:00,13.25171,80.3403,0.2,2.8,Tanker
419301006,MT Triton,2017-01-27 09:45:00,13.26618,80.31111,0,0.8,Tanker
419201002,MV APJ Kiran,2017-01-27 09:45:00,13.15224,80.49868,1.0,359.4,Cargo
538301001,MT Gulf Carrier,2017-01-27 09:45:00,13.06808,80.55067,0,358.2,Tanker
558201001,MV Coral Sea,2017-01-27 09:45:00,11.84961,83.21058,13.5,280.9,Cargo
419201008,MV Chennai Bulk,2017-01-27 09:45:00,12.50596,81.77427,12.4,285.7,Cargo
419501003,Chennai FV-03,2017-01-27 09:45:00,13.17807,80.05429,3.9,228.1,Fishing
419053900,MT Dawn Kanchipuram,2017-01-27 09:46:00,12.83515,81.21582,9.9,321.7,Tanker
419301007,MT Bay Tanker,2017-01-27 09:46:00,13.15136,80.46047,0.2,1.3,Tanker
419201005,MV Eastern Star,2017-01-27 09:46:00,12.45547,81.65375,13.9,286.5,Cargo
419201004,MV Coastal Glory,2017-01-27 09:47:00,13.29376,80.31499,0,358.9,Cargo
419201007,MV Sakthi Pride,2017-01-27 09:47:00,13.25068,80.31834,0,356.2,Cargo
419301001,MT Sanmar Spirit,2017-01-27 09:47:00,13.24464,80.36735,0.5,93.8,Tanker
419301005,MT Coastal Trader,2017-01-27 09:47:00,13.20709,80.4852,10.1,311.9,Tanker
419201003,MV Ennore Express,2017-01-27 09:48:00,13.27092,80.31856,0.4,353.8,Cargo
419401002,MV Coromandel Trade,2017-01-27 09:48:00,12.52921,82.47255,13.7,359.9,Container
419201006,MV KPL Carrier,2017-01-27 09:49:00,13.24853,80.34147,0,84.7,Cargo
419301006,MT Triton,2017-01-27 09:49:00,13.26525,80.31012,0.2,359.6,Tanker
419301002,MT Chennai Petro,2017-01-27 09:49:00,13.09595,80.52864,0.1,4.0,Tanker
477401001,MV Pacific Highway,2017-01-27 09:49:00,10.50091,82.80005,17.2,2.7,Container
419501008,Kovalam FV-01,2017-01-27 09:49:00,12.51337,80.33478,4.9,168.3,Fishing
419501013,Ennore FV-21,2017-01-27 09:49:00,13.06609,80.37917,4.2,184.6,Fishing
419301003,MT Coromandel King,2017-01-27 09:50:00,13.2541,80.34019,0,358.1,Tanker
419201001,MV Vishakha Star,2017-01-27 09:50:00,13.19635,80.46888,0,1.4,Cargo
419201009,MV Ennore Pioneer,2017-01-27 09:50:00,12.0464,82.8748,12.8,281.7,Cargo
419501002,Chennai FV-02,2017-01-27 09:50:00,13.48163,80.38486,5.4,70.8,Fishing
419501007,Pulicat FV-02,2017-01-27 09:50:00,13.62171,79.78818,4.4,263.3,Fishing
419201004,MV Coastal Glory,2017-01-27 09:51:00,13.29107,80.31451,0.5,4.8,Cargo
419201007,MV Sakthi Pride,2017-01-27 09:51:00,13.25122,80.31856,0.0,359.1,Cargo
419201002,MV APJ Kiran,2017-01-27 09:51:00,13.15248,80.49898,0.3,4.1,Cargo
419301004,MT POL Voyager,2017-01-27 09:51:00,13.23611,80.42167,0.4,359.5,Tanker
538301001,MT Gulf Carrier,2017-01-27 09:51:00,13.06577,80.54984,0.2,356.1,Tanker
419201008,MV Chennai Bulk,2017-01-27 09:51:00,12.51461,81.74921,12.5,290.3,Cargo
636401001,MV Atlantic Bridge,2017-01-27 09:51:00,16.52767,82.0072,16.8,353.6,Container
419501011,Marina FV-01,2017-01-27 09:51:00,12.93959,80.38797,4.4,137.8,Fishing
419201003,MV Ennore Express,2017-01-27 09:52:00,13.27149,80.32032,0,358.4,Cargo
419301007,MT Bay Tanker,2017-01-27 09:52:00,13.15001,80.46062,0,358.0,Tanker
558201001,MV Coral Sea,2017-01-27 09:52:00,11.85441,83.18145,13.6,282.2,Cargo
636201001,MV Fortune Bulker,2017-01-27 09:52:00,11.78157,82.54417,14.0,280.3,Cargo
419501014,Chennai FV-11,2017-01-27 09:52:00,13.28496,80.22705,3.9,312.8,Fishing
419053900,MT Dawn Kanchipuram,2017-01-27 09:53:00,12.85114,81.20274,9.4,320.2,Tanker
419301001,MT Sanmar Spirit,2017-01-27 09:53:00,13.24518,80.36707,0.4,92.8,Tanker
419301006,MT Triton,2017-01-27 09:53:00,13.26468,80.31104,0.2,356.2,Tanker
419201010,MV KPL Vishal,2017-01-27 09:53:00,13.11103,80.39403,13.2,290.8,Cargo
419201006,MV KPL Carrier,2017-01-27 09:54:00,13.24753,80.34048,0.1,86.5,Cargo
419301003,MT Coromandel King,2017-01-27 09:54:00,13.25426,80.33908,0,1.9,Tanker
419301002,MT Chennai Petro,2017-01-27 09:55:00,13.09625,80.53112,0.2,359.2,Tanker
419201005,MV Eastern Star,2017-01-27 09:55:00,12.46258,81.62516,14.1,282.6,Cargo
419301005,MT Coastal Trader,2017-01-27 09:55:00,13.22417,80.46804,10.0,307.9,Tanker
419501010,North FV-01,2017-01-27 09:55:00,13.36406,80.86018,6.2,64.2,Fishing
419201004,MV Coastal Glory,2017-01-27 09:56:00,13.29263,80.31467,0.1,359.8,Cargo
419201007,MV Sakthi Pride,2017-01-27 09:56:00,13.25128,80.31939,0.4,358.7,Cargo
419201009,MV Ennore Pioneer,2017-01-27 09:56:00,12.05194,82.84634,12.9,281.5,Cargo
419501006,Pulicat FV-01,2017-01-27 09:56:00,13.70049,80.34197,3.7,88.8,Fishing
419501009,Kovalam FV-02,2017-01-27 09:56:00,12.76524,80.4754,4.0,102.0,Fishing
419201001,MV Vishakha Star,2017-01-27 09:57:00,13.19641,80.47076,0.6,359.5,Cargo
419201002,MV APJ Kiran,2017-01-27 09:57:00,13.15309,80.50011,0.5,0.4,Cargo
419301004,MT POL Voyager,2017-01-27 09:57:00,13.23918,80.42086,0.4,0.2,Tanker
538301001,MT Gulf Carrier,2017-01-27 09:57:00,13.06658,80.55061,0,1.4,Tanker
566401001,MV Singapore Star,2017-01-27 09:57:00,11.18429,83.22577,15.3,9.7,Container
419501001,Chennai FV-01,2017-01-27 09:57:00,13.2572,80.43112,3.7,122.2,Fishing
419201003,MV Ennore Express,2017-01-27 09:58:00,13.27112,80.31972,0.4,358.1,Cargo
419301001,MT Sanmar Spirit,2017-01-27 09:58:00,13.24305,80.36919,0.2,89.7,Tanker
419301003,MT Coromandel King,2017-01-27 09:58:00,13.25501,80.3394,0.4,358.0,Tanker
419301006,MT Triton,2017-01-27 09:58:00,13.26636,80.30996,0.2,3.1,Tanker
636201001,MV Fortune Bulker,2017-01-27 09:58:00,11.78883,82.51214,14.0,280.8,Cargo
357401001,MV Orient Trader,2017-01-27 09:58:00,12.49699,82.27476,17.2,11.8,Container
419501004,Ennore FV-11,2017-01-27 09:58:00,12.95703,80.52508,4.9,151.1,Fishing
419301007,MT Bay Tanker,2017-01-27 09:59:00,13.14926,80.46011,0,356.8,Tanker
419501003,Chennai FV-03,2017-01-27 09:59:00,13.16522,80.0385,4.1,231.7,Fishing
419501005,Ennore FV-12,2017-01-27 09:59:00,13.33917,80.07255,5.2,288.5,Fishing
419501012,Royapuram FV,2017-01-27 09:59:00,12.86467,80.53943,5.3,134.9,Fishing
419601003,Pilot KPL,2017-01-27 09:59:00,13.2325,80.3129,4.4,88.8,Tug
419201006,MV KPL Carrier,2017-01-27 10:00:00,13.24759,80.34298,0.5,93.0,Cargo
419301002,MT Chennai Petro,2017-01-27 10:00:00,13.09499,80.53148,0.0,0.7,Tanker
558201001,MV Coral Sea,2017-01-27 10:00:00,11.86204,83.15009,13.4,284.1,Cargo
419501015,North FV-21,2017-01-27 10:00:00,13.23282,80.27737,4.3,165.9,Fishing
419201004,MV Coastal Glory,2017-01-27 10:01:00,13.29416,80.31606,0.2,359.2,Cargo
419201007,MV Sakthi Pride,2017-01-27 10:01:00,13.25358,80.31801,0,359.6,Cargo
419201005,MV Eastern Star,2017-01-27 10:01:00,12.47011,81.59348,13.4,283.7,Cargo
419201008,MV Chennai Bulk,2017-01-27 10:01:00,12.52185,81.72201,12.4,286.1,Cargo
419401002,MV Coromandel Trade,2017-01-27 10:01:00,12.58781,82.47528,13.7,4.8,Container
419601002,Tug KPL-2,2017-01-27 10:01:00,13.23376,80.30606,4.2,188.6,Tug
419053900,MT Dawn Kanchipuram,2017-01-27 10:02:00,12.86947,81.18816,9.6,323.4,Tanker
419301001,MT Sanmar Spirit,2017-01-27 10:02:00,13.24304,80.36778,0,88.6,Tanker
419301006,MT Triton,2017-01-27 10:02:00,13.26398,80.31128,0.6,4.5,Tanker
538301001,MT Gulf Carrier,2017-01-27 10:02:00,13.0668,80.55107,0.0,0.5,Tanker
419301003,MT Coromandel King,2017-01-27 10:03:00,13.25254,80.33938,0,357.9,Tanker
419201001,MV Vishakha Star,2017-01-27 10:03:00,13.19521,80.47069,0.1,2.8,Cargo
419201002,MV APJ Kiran,2017-01-27 10:03:00,13.15259,80.50144,0.2,3.0,Cargo
419301004,MT POL Voyager,2017-01-27 10:03:00,13.23619,80.42027,0.0,0.0,Tanker
419201010,MV KPL Vishal,2017-01-27 10:03:00,13.12303,80.36453,13.3,290.3,Cargo
419601001,Tug KPL-1,2017-01-27 10:03:00,13.22687,80.33568,4.2,24.6,Tug
419601004,Tug Ennore,2017-01-27 10:03:00,13.24357,80.28494,4.0,24.9,Tug
419201003,MV Ennore Express,2017-01-27 10:04:00,13.27073,80.31904,0.5,357.9,Cargo
419201009,MV Ennore Pioneer,2017-01-27 10:04:00,12.05891,82.81911,12.5,284.0,Cargo
419501002,Chennai FV-02,2017-01-27 10:04:00,13.48953,80.41083,5.0,70.9,Fishing
419501008,Kovalam FV-01,2017-01-27 10:04:00,12.49168,80.34231,4.9,163.3,Fishing
419201004,MV Coastal Glory,2017-01-27 10:05:00,13.29351,80.3156,0,359.0,Cargo
477401001,MV Pacific Highway,2017-01-27 10:05:00,10.57088,82.80685,17.0,5.9,Container
419301005,MT Coastal Trader,2017-01-27 10:05:00,13.2392,80.45125,10.2,307.7,Tanker
419501007,Pulicat FV-02,2017-01-27 10:05:00,13.61819,79.76471,4.2,264.3,Fishing
419201006,MV KPL Carrier,2017-01-27 10:06:00,13.2482,80.34146,0.1,86.0,Cargo
419301001,MT Sanmar Spirit,2017-01-27 10:06:00,13.24513,80.36904,0.1,92.5,Tanker
419301006,MT Triton,2017-01-27 10:06:00,13.26451,80.30996,0,0.3,Tanker
419301007,MT Bay Tanker,2017-01-27 10:06:00,13.15118,80.46201,0.0,3.4,Tanker
558201001,MV Coral Sea,2017-01-27 10:06:00,11.86796,83.12192,12.8,280.6,Cargo
419501013,Ennore FV-21,2017-01-27 10:06:00,13.04216,80.38041,4.8,187.2,Fishing
419201007,MV Sakthi Pride,2017-01-27 10:07:00,13.24985,80.31792,0,358.9,Cargo
419301002,MT Chennai Petro,2017-01-27 10:07:00,13.09523,80.5304,0,356.8,Tanker
538301001,MT Gulf Carrier,2017-01-27 10:07:00,13.06664,80.55001,0,357.1,Tanker
636201001,MV Fortune Bulker,2017-01-27 10:07:00,11.79238,82.48155,13.6,280.8,Cargo
419501011,Marina FV-01,2017-01-27 10:07:00,12.92422,80.4038,3.7,139.7,Fishing
419201003,MV Ennore Express,2017-01-27 10:08:00,13.27008,80.32098,0.3,1.6,Cargo
419301003,MT Coromandel King,2017-01-27 10:08:00,13.25335,80.3415,0,357.8,Tanker
419201002,MV APJ Kiran,2017-01-27 10:08:00,13.15437,80.50011,0,357.9,Cargo
419301004,MT POL Voyager,2017-01-27 10:08:00,13.2383,80.42123,0.5,1.0,Tanker
419201001,MV Vishakha Star,2017-01-27 10:09:00,13.19629,80.4684,0.2,358.1,Cargo
419201010,MV KPL Vishal,2017-01-27 10:09:00,13.13274,80.33693,13.5,290.2,Cargo
636401001,MV Atlantic Bridge,2017-01-27 10:09:00,16.59372,82.00024,16.8,354.1,Container
419501006,Pulicat FV-01,2017-01-27 10:09:00,13.69992,80.36043,3.6,89.5,Fishing
419301006,MT Triton,2017-01-27 10:10:00,13.26336,80.31054,0,358.2,Tanker
419401001,MV Chennai Express,2017-01-27 10:10:00,10.79881,82.49943,14.7,3.7,Container
566401001,MV Singapore Star,2017-01-27 10:10:00,11.24608,83.23514,15.4,5.8,Container
419501001,Chennai FV-01,2017-01-27 10:10:00,13.24612,80.44904,4.2,121.9,Fishing
419501010,North FV-01,2017-01-27 10:10:00,13.3773,80.88784,6.1,62.3,Fishing
419053900,MT Dawn Kanchipuram,2017-01-27 10:11:00,12.886,81.17611,9.6,325.2,Tanker
419201004,MV Coastal Glory,2017-01-27 10:11:00,13.29438,80.31537,0.5,358.8,Cargo
419301007,MT Bay Tanker,2017-01-27 10:11:00,13.1509,80.45887,0.3,1.5,Tanker
419201005,MV Eastern Star,2017-01-27 10:11:00,12.47912,81.56263,14.1,282.5,Cargo
419201008,MV Chennai Bulk,2017-01-27 10:11:00,12.5321,81.69397,12.4,285.8,Cargo
419301005,MT Coastal Trader,2017-01-27 10:11:00,13.25433,80.43394,10.6,310.0,Tanker
419501004,Ennore FV-11,2017-01-27 10:11:00,12.93579,80.53678,4.5,153.2,Fishing
419201003,MV Ennore Express,2017-01-27 10:12:00,13.26977,80.31951,0,2.7,Cargo
419201006,MV KPL Carrier,2017-01-27 10:12:00,13.2484,80.34181,0.4,88.1,Cargo
419201007,MV Sakthi Pride,2017-01-27 10:12:00,13.25051,80.31864,0.4,2.4,Cargo
419301001,MT Sanmar Spirit,2017-01-27 10:12:00,13.24453,80.36894,0.0,88.3,Tanker
419301002,MT Chennai Petro,2017-01-27 10:12:00,13.09754,80.52895,0.2,357.8,Tanker
419501005,Ennore FV-12,2017-01-27 10:12:00,13.3479,80.04871,4.6,292.0,Fishing
419301003,MT Coromandel King,2017-01-27 10:13:00,13.25393,80.33984,0.2,0.6,Tanker
419201002,MV APJ Kiran,2017-01-27 10:13:00,13.15392,80.49889,0,357.6,Cargo
538301001,MT Gulf Carrier,2017-01-27 10:13:00,13.06626,80.5507,0.1,357.0,Tanker
419201009,MV Ennore Pioneer,2017-01-27 10:13:00,12.0658,82.79068,12.8,282.8,Cargo
419301006,MT Triton,2017-01-27 10:14:00,13.26422,80.31067,0,3.0,Tanker
419301004,MT POL Voyager,2017-01-27 10:14:00,13.23854,80.41812,0,356.0,Tanker
419501014,Chennai FV-11,2017-01-27 10:14:00,13.29953,80.21423,3.6,316.5,Fishing
636201001,MV Fortune Bulker,2017-01-27 10:15:00,11.79937,82.45123,13.8,282.4,Cargo
357401001,MV Orient Trader,2017-01-27 10:15:00,12.56445,82.28206,16.9,5.2,Container
419201004,MV Coastal Glory,2017-01-27 10:16:00,13.29293,80.31448,0.2,0.4,Cargo
419201006,MV KPL Carrier,2017-01-27 10:16:00,13.24755,80.34311,0.0,90.2,Cargo
419201001,MV Vishakha Star,2017-01-27 10:16:00,13.19747,80.47027,0.4,1.2,Cargo
419301007,MT Bay Tanker,2017-01-27 10:16:00,13.14994,80.45804,0.3,0.5,Tanker
558201001,MV Coral Sea,2017-01-27 10:16:00,11.87516,83.08974,13.8,282.0,Cargo
419501003,Chennai FV-03,2017-01-27 10:16:00,13.15433,80.02368,3.7,230.7,Fishing
419201007,MV Sakthi Pride,2017-01-27 10:17:00,13.25197,80.31881,0,0.1,Cargo
419201010,MV KPL Vishal,2017-01-27 10:17:00,13.14203,80.30716,13.5,290.7,Cargo
477401001,MV Pacific Highway,2017-01-27 10:17:00,10.64241,82.81314,17.1,8.8,Container
419401002,MV Coromandel Trade,2017-01-27 10:17:00,12.64716,82.47818,14.0,5.8,Container
419301005,MT Coastal Trader,2017-01-27 10:17:00,13.26944,80.41817,10.0,311.5,Tanker
419201003,MV Ennore Express,2017-01-27 10:18:00,13.27329,80.32025,0.2,3.0,Cargo
419301001,MT Sanmar Spirit,2017-01-27 10:18:00,13.24367,80.36795,0.4,90.7,Tanker
419301003,MT Coromandel King,2017-01-27 10:18:00,13.25453,80.339,0,2.7,Tanker
419301002,MT Chennai Petro,2017-01-27 10:18:00,13.09621,80.53045,0,0.7,Tanker
419601003,Pilot KPL,2017-01-27 10:18:00,13.25779,80.30554,4.7,327.2,Tug
419201002,MV APJ Kiran,2017-01-27 10:19:00,13.15552,80.5014,0.2,1.1,Cargo
419501007,Pulicat FV-02,2017-01-27 10:19:00,13.61831,79.74463,4.2,265.1,Fishing
419501008,Kovalam FV-01,2017-01-27 10:19:00,12.46839,80.34951,5.1,169.2,Fishing
419501009,Kovalam FV-02,2017-01-27 10:19:00,12.76305,80.49528,3.9,103.4,Fishing
419053900,MT Dawn Kanchipuram,2017-01-27 10:20:00,12.90254,81.16059,9.5,323.4,Tanker
419301006,MT Triton,2017-01-27 10:20:00,13.26641,80.31031,0.1,2.6,Tanker
538301001,MT Gulf Carrier,2017-01-27 10:20:00,13.06666,80.5491,0.4,358.3,Tanker
419201005,MV Eastern Star,2017-01-27 10:20:00,12.48735,81.53367,13.8,283.5,Cargo
419501011,Marina FV-01,2017-01-27 10:20:00,12.90684,80.41619,4.1,134.2,Fishing
419501013,Ennore FV-21,2017-01-27 10:20:00,13.02046,80.3772,4.5,183.9,Fishing
419501015,North FV-21,2017-01-27 10:20:00,13.21288,80.28508,3.7,162.9,Fishing
419601002,Tug KPL-2,2017-01-27 10:20:00,13.26014,80.25502,4.4,25.3,Tug
419601004,Tug Ennore,2017-01-27 10:20:00,13.29021,80.26968,4.4,115.6,Tug
419201007,MV Sakthi Pride,2017-01-27 10:21:00,13.25308,80.31811,0,359.2,Cargo
419301004,MT POL Voyager,2017-01-27 10:21:00,13.23679,80.42007,0.4,2.2,Tanker
419301007,MT Bay Tanker,2017-01-27 10:21:00,13.14791,80.46048,0.0,355.7,Tanker
636201001,MV Fortune Bulker,2017-01-27 10:21:00,11.8033,82.41882,13.8,282.4,Cargo
419201008,MV Chennai Bulk,2017-01-27 10:21:00,12.5382,81.66724,12.8,283.9,Cargo
419201009,MV Ennore Pioneer,2017-01-27 10:21:00,12.07131,82.76099,13.0,283.9,Cargo
419201004,MV Coastal Glory,2017-01-27 10:22:00,13.29472,80.31434,0.5,356.7,Cargo
419201006,MV KPL Carrier,2017-01-27 10:22:00,13.24875,80.34241,0.3,87.0,Cargo
419301003,MT Coromandel King,2017-01-27 10:22:00,13.25391,80.33837,0.1,359.0,Tanker
419201001,MV Vishakha Star,2017-01-27 10:22:00,13.19934,80.47019,0.1,1.7,Cargo
419501012,Royapuram FV,2017-01-27 10:22:00,12.84481,80.5563,5.3,135.6,Fishing
419601001,Tug KPL-1,2017-01-27 10:22:00,13.23235,80.28581,4.5,174.4,Tug
419301001,MT Sanmar Spirit,2017-01-27 10:23:00,13.24495,80.36958,0,91.4,Tanker
558201001,MV Coral Sea,2017-01-27 10:23:00,11.88058,83.05973,13.2,281.6,Cargo
419201003,MV Ennore Express,2017-01-27 10:24:00,13.27181,80.32111,0.3,0.9,Cargo
566401001,MV Singapore Star,2017-01-27 10:24:00,11.31149,83.24414,15.0,10.7,Container
419501002,Chennai FV-02,2017-01-27 10:24:00,13.49792,80.43643,5.3,68.5,Fishing
419301006,MT Triton,2017-01-27 10:25:00,13.26568,80.30952,0.1,359.4,Tanker
419301002,MT Chennai Petro,2017-01-27 10:25:00,13.09778,80.53175,0.1,355.6,Tanker
538301001,MT Gulf Carrier,2017-01-27 10:25:00,13.0676,80.54977,0.0,359.5,Tanker
419201010,MV KPL Vishal,2017-01-27 10:25:00,13.15141,80.28052,13.2,288.9,Cargo
419401001,MV Chennai Express,2017-01-27 10:25:00,10.86093,82.50106,14.7,3.9,Container
419201007,MV Sakthi Pride,2017-01-27 10:26:00,13.25177,80.31724,0.2,1.9,Cargo
419201002,MV APJ Kiran,2017-01-27 10:26:00,13.15528,80.50042,0.0,356.1,Cargo
419201004,MV Coastal Glory,2017-01-27 10:27:00,13.29502,80.31609,0.3,358.1,Cargo
419301001,MT Sanmar Spirit,2017-01-27 10:27:00,13.24293,80.37058,0.1,88.6,Tanker
419201009,MV Ennore Pioneer,2017-01-27 10:27:00,12.0776,82.73209,12.9,283.9,Cargo
636401001,MV Atlantic Bridge,2017-01-27 10:27:00,16.66475,81.99325,17.2,356.0,Container
419301005,MT Coastal Trader,2017-01-27 10:27:00,13.286,80.40073,9.8,312.4,Tanker
419053900,MT Dawn Kanchipuram,2017-01-27 10:28:00,12.92119,81.14788,9.7,322.0,Tanker
419201006,MV KPL Carrier,2017-01-27 10:28:00,13.24856,80.34322,0.1,86.0,Cargo
419301003,MT Coromandel King,2017-01-27 10:28:00,13.25588,80.34063,0.2,3.4,Tanker
419201001,MV Vishakha Star,2017-01-27 10:28:00,13.19851,80.47067,0.2,2.9,Cargo
419301004,MT POL Voyager,2017-01-27 10:28:00,13.23695,80.41968,0.1,359.6,Tanker
419301007,MT Bay Tanker,2017-01-27 10:28:00,13.15057,80.45925,0.2,356.5,Tanker
357401001,MV Orient Trader,2017-01-27 10:28:00,12.63534,82.28816,16.6,8.2,Container
419501005,Ennore FV-12,2017-01-27 10:28:00,13.35557,80.02316,4.9,288.1,Fishing
419201003,MV Ennore Express,2017-01-27 10:29:00,13.27308,80.31973,0.0,1.5,Cargo
419301006,MT Triton,2017-01-27 10:29:00,13.26364,80.31248,0.3,358.8,Tanker
419201008,MV Chennai Bulk,2017-01-27 10:29:00,12.54536,81.64024,12.0,285.6,Cargo
419501001,Chennai FV-01,2017-01-27 10:29:00,13.23727,80.46946,4.2,122.8,Fishing
419501004,Ennore FV-11,2017-01-27 10:29:00,12.91447,80.5498,4.9,149.5,Fishing
419501014,Chennai FV-11,2017-01-27 10:29:00,13.31533,80.19939,3.7,314.7,Fishing
419201007,MV Sakthi Pride,2017-01-27 10:30:00,13.25209,80.31622,0.2,359.0,Cargo
419301002,MT Chennai Petro,2017-01-27 10:30:00,13.09596,80.53223,0,357.9,Tanker
419201005,MV Eastern Star,2017-01-27 10:30:00,12.49451,81.50357,13.7,285.3,Cargo
558201001,MV Coral Sea,2017-01-27 10:30:00,11.88668,83.03082,13.2,278.1,Cargo
636201001,MV Fortune Bulker,2017-01-27 10:30:00,11.80861,82.38885,13.8,278.1,Cargo
477401001,MV Pacific Highway,2017-01-27 10:30:00,10.71313,82.81794,17.5,10.9,Container
538301001,MT Gulf Carrier,2017-01-27 10:31:00,13.06736,80.54889,0,6.0,Tanker
419201010,MV KPL Vishal,2017-01-27 10:31:00,13.16242,80.25216,12.9,292.7,Cargo
419401002,MV Coromandel Trade,2017-01-27 10:31:00,12.70415,82.47948,13.7,4.4,Container
419201006,MV KPL Carrier,2017-01-27 10:32:00,13.24877,80.34227,0,87.8,Cargo
419201002,MV APJ Kiran,2017-01-27 10:32:00,13.15569,80.49987,0.3,1.5,Cargo
419501006,Pulicat FV-01,2017-01-27 10:32:00,13.69908,80.38207,4.5,96.1,Fishing
419201004,MV Coastal Glory,2017-01-27 10:33:00,13.29519,80.31486,0.5,357.3,Cargo
419301001,MT Sanmar Spirit,2017-01-27 10:33:00,13.24469,80.37004,0.2,91.7,Tanker
419301003,MT Coromandel King,2017-01-27 10:33:00,13.25474,80.3393,0,356.1,Tanker
419301007,MT Bay Tanker,2017-01-27 10:33:00,13.14933,80.45975,0.1,1.2,Tanker
419501009,Kovalam FV-02,2017-01-27 10:33:00,12.75662,80.51306,3.4,105.0,Fishing
419501010,North FV-01,2017-01-27 10:33:00,13.39075,80.91438,6.0,57.0,Fishing
419201003,MV Ennore Express,2017-01-27 10:34:00,13.27191,80.31848,0.1,358.3,Cargo
419301004,MT POL Voyager,2017-01-27 10:34:00,13.2388,80.42193,0,0.5,Tanker
419201009,MV Ennore Pioneer,2017-01-27 10:34:00,12.08491,82.70405,12.3,288.6,Cargo
419501003,Chennai FV-03,2017-01-27 10:34:00,13.14116,80.00778,3.4,234.9,Fishing
419053900,MT Dawn Kanchipuram,2017-01-27 10:35:00,12.93678,81.13353,9.2,318.9,Tanker
419301006,MT Triton,2017-01-27 10:35:00,13.26495,80.30978,0,357.1,Tanker
419201001,MV Vishakha Star,2017-01-27 10:35:00,13.19667,80.47016,0.3,0.2,Cargo
419301005,MT Coastal Trader,2017-01-27 10:35:00,13.29881,80.38321,10.7,315.3,Tanker
419201007,MV Sakthi Pride,2017-01-27 10:36:00,13.25244,80.31846,0.6,0.0,Cargo
419301002,MT Chennai Petro,2017-01-27 10:36:00,13.09782,80.53096,0.3,1.4,Tanker
419501013,Ennore FV-21,2017-01-27 10:36:00,12.99808,80.37402,3.8,186.1,Fishing
419201006,MV KPL Carrier,2017-01-27 10:37:00,13.24688,80.34335,0.4,89.9,Cargo
419301001,MT Sanmar Spirit,2017-01-27 10:37:00,13.24423,80.36928,0.3,90.5,Tanker
419301003,MT Coromandel King,2017-01-27 10:37:00,13.25657,80.34148,0,0.7,Tanker
419201005,MV Eastern Star,2017-01-27 10:37:00,12.5015,81.47215,13.9,287.2,Cargo
419201004,MV Coastal Glory,2017-01-27 10:38:00,13.29423,80.31527,0.1,355.2,Cargo
419201002,MV APJ Kiran,2017-01-27 10:38:00,13.15517,80.50116,0.2,0.0,Cargo
538301001,MT Gulf Carrier,2017-01-27 10:38:00,13.06716,80.54889,0,2.7,Tanker
636201001,MV Fortune Bulker,2017-01-27 10:38:00,11.81478,82.35747,14.1,276.2,Cargo
419201008,MV Chennai Bulk,2017-01-27 10:38:00,12.55449,81.61349,12.9,290.9,Cargo
419501007,Pulicat FV-02,2017-01-27 10:38:00,13.61512,79.72192,4.2,266.5,Fishing
419501011,Marina FV-01,2017-01-27 10:38:00,12.89107,80.43167,4.6,140.5,Fishing
419501015,North FV-21,2017-01-27 10:38:00,13.19238,80.29037,4.4,167.0,Fishing
419201003,MV Ennore Express,2017-01-27 10:39:00,13.27262,80.32066,0.2,2.0,Cargo
419301007,MT Bay Tanker,2017-01-27 10:39:00,13.14874,80.45898,0.1,2.5,Tanker
558201001,MV Coral Sea,2017-01-27 10:39:00,11.89319,83.00016,13.6,280.7,Cargo
419201010,MV KPL Vishal,2017-01-27 10:39:00,13.17296,80.2217,13.0,287.5,Cargo
566401001,MV Singapore Star,2017-01-27 10:39:00,11.37216,83.25397,15.1,8.4,Container
419201007,MV Sakthi Pride,2017-01-27 10:40:00,13.2524,80.31819,0.0,357.0,Cargo
419601003,Pilot KPL,2017-01-27 10:40:00,13.24928,80.30486,4.6,139.5,Tug
419301006,MT Triton,2017-01-27 10:41:00,13.26606,80.31103,0,4.0,Tanker
419301002,MT Chennai Petro,2017-01-27 10:41:00,13.09882,80.53017,0,358.9,Tanker
419301004,MT POL Voyager,2017-01-27 10:41:00,13.23707,80.42019,0,2.5,Tanker
419401001,MV Chennai Express,2017-01-27 10:41:00,10.92238,82.5052,15.1,3.8,Container
419301005,MT Coastal Trader,2017-01-27 10:41:00,13.31516,80.36592,10.2,310.4,Tanker
419601001,Tug KPL-1,2017-01-27 10:41:00,13.2173,80.27907,4.1,102.0,Tug
419201006,MV KPL Carrier,2017-01-27 10:42:00,13.24765,80.34318,0.1,92.6,Cargo
419301001,MT Sanmar Spirit,2017-01-27 10:42:00,13.24464,80.371,0.6,89.2,Tanker
419201001,MV Vishakha Star,2017-01-27 10:42:00,13.19815,80.47011,0.0,3.8,Cargo
419501008,Kovalam FV-01,2017-01-27 10:42:00,12.44401,80.35526,4.9,168.7,Fishing
419501012,Royapuram FV,2017-01-27 10:42:00,12.82785,80.57319,4.8,137.8,Fishing
419501014,Chennai FV-11,2017-01-27 10:42:00,13.32845,80.1861,3.8,313.7,Fishing
419201003,MV Ennore Express,2017-01-27 10:43:00,13.2719,80.32023,0.0,0.1,Cargo
419301003,MT Coromandel King,2017-01-27 10:43:00,13.25405,80.33915,0.4,1.2,Tanker
419201002,MV APJ Kiran,2017-01-27 10:43:00,13.15572,80.50219,0.6,2.3,Cargo
538301001,MT Gulf Carrier,2017-01-27 10:43:00,13.06765,80.5496,0.4,357.1,Tanker
357401001,MV Orient Trader,2017-01-27 10:43:00,12.70403,82.29717,16.7,4.7,Container
419501002,Chennai FV-02,2017-01-27 10:43:00,13.5074,80.46301,5.4,70.9,Fishing
419601004,Tug Ennore,2017-01-27 10:43:00,13.26875,80.29832,4.4,90.3,Tug
419053900,MT Dawn Kanchipuram,2017-01-27 10:44:00,12.95534,81.11934,10.0,322.6,Tanker
419201004,MV Coastal Glory,2017-01-27 10:44:00,13.29509,80.3148,0,1.2,Cargo
419201009,MV Ennore Pioneer,2017-01-27 10:44:00,12.08942,82.67666,13.0,284.9,Cargo
419601002,Tug KPL-2,2017-01-27 10:44:00,13.24735,80.31035,4.9,261.9,Tug
419201007,MV Sakthi Pride,2017-01-27 10:45:00,13.25252,80.31964,0,1.1,Cargo
419301006,MT Triton,2017-01-27 10:45:00,13.26537,80.31024,0.4,1.4,Tanker
558201001,MV Coral Sea,2017-01-27 10:45:00,11.90082,82.97041,13.4,283.4,Cargo
419201008,MV Chennai Bulk,2017-01-27 10:45:00,12.56233,81.5868,12.4,286.9,Cargo
477401001,MV Pacific Highway,2017-01-27 10:45:00,10.78559,82.82717,17.3,5.9,Container
636401001,MV Atlantic Bridge,2017-01-27 10:45:00,16.73153,81.98961,16.6,353.6,Container
419201006,MV KPL Carrier,2017-01-27 10:46:00,13.24801,80.34365,0.1,89.7,Cargo
419301007,MT Bay Tanker,2017-01-27 10:46:00,13.14889,80.45918,0,359.4,Tanker
419201005,MV Eastern Star,2017-01-27 10:46:00,12.51026,81.4417,13.8,283.4,Cargo
419401002,MV Coromandel Trade,2017-01-27 10:46:00,12.76162,82.48374,13.8,4.1,Container
419501010,North FV-01,2017-01-27 10:46:00,13.40303,80.94167,6.1,61.7,Fishing
419201003,MV Ennore Express,2017-01-27 10:47:00,13.27193,80.32057,0,357.0,Cargo
419301001,MT Sanmar Spirit,2017-01-27 10:47:00,13.24285,80.37079,0,91.5,Tanker
419301002,MT Chennai Petro,2017-01-27 10:47:00,13.09774,80.5297,0.1,358.8,Tanker
419201010,MV KPL Vishal,2017-01-27 10:47:00,13.18165,80.19588,13.3,289.8,Cargo
419301003,MT Coromandel King,2017-01-27 10:48:00,13.25429,80.34038,0,357.4,Tanker
419201002,MV APJ Kiran,2017-01-27 10:48:00,13.15663,80.50046,0.3,3.1,Cargo
419301004,MT POL Voyager,2017-01-27 10:48:00,13.23645,80.41833,0,359.7,Tanker
636201001,MV Fortune Bulker,2017-01-27 10:48:00,11.81973,82.32691,14.0,282.1,Cargo
419501001,Chennai FV-01,2017-01-27 10:48:00,13.22613,80.48598,4.2,119.1,Fishing
419501005,Ennore FV-12,2017-01-27 10:48:00,13.36394,79.99711,5.0,287.3,Fishing
419201007,MV Sakthi Pride,2017-01-27 10:49:00,13.25122,80.31576,0,2.0,Cargo
419301006,MT Triton,2017-01-27 10:49:00,13.26427,80.31047,0.4,359.5,Tanker
419201001,MV Vishakha Star,2017-01-27 10:49:00,13.19708,80.46984,0.1,1.7,Cargo
538301001,MT Gulf Carrier,2017-01-27 10:49:00,13.06773,80.55023,0.1,5.0,Tanker
419501004,Ennore FV-11,2017-01-27 10:49:00,12.89573,80.56237,4.9,150.9,Fishing
419501009,Kovalam FV-02,2017-01-27 10:49:00,12.75382,80.53051,3.8,101.2,Fishing
419201004,MV Coastal Glory,2017-01-27 10:50:00,13.29534,80.31419,0,357.4,Cargo
419301005,MT Coastal Trader,2017-01-27 10:50:00,13.33077,80.34786,9.4,314.1,Tanker
419053900,MT Dawn Kanchipuram,2017-01-27 10:51:00,12.97308,81.10561,9.8,324.1,Tanker
419201003,MV Ennore Express,2017-01-27 10:51:00,13.27321,80.31941,0.1,357.6,Cargo
419301007,MT Bay Tanker,2017-01-27 10:51:00,13.15034,80.46024,0.1,3.6,Tanker
419201009,MV Ennore Pioneer,2017-01-27 10:51:00,12.09794,82.64813,12.5,281.8,Cargo
419501011,Marina FV-01,2017-01-27 10:51:00,12.87693,80.4459,3.9,138.3,Fishing
419201006,MV KPL Carrier,2017-01-27 10:52:00,13.24913,80.34289,0.3,91.7,Cargo
558201001,MV Coral Sea,2017-01-27 10:52:00,11.90744,82.93968,13.4,283.2,Cargo
419501003,Chennai FV-03,2017-01-27 10:52:00,13.12964,79.99277,4.1,234.7,Fishing
419501006,Pulicat FV-01,2017-01-27 10:52:00,13.69777,80.4013,4.0,88.4,Fishing
419301001,MT Sanmar Spirit,2017-01-27 10:53:00,13.24475,80.37234,0,90.3,Tanker
419301003,MT Coromandel King,2017-01-27 10:53:00,13.25395,80.3407,0.4,0.0,Tanker
419201002,MV APJ Kiran,2017-01-27 10:53:00,13.15612,80.50058,0.3,359.4,Cargo
419201008,MV Chennai Bulk,2017-01-27 10:53:00,12.57168,81.55889,12.1,286.7,Cargo
566401001,MV Singapore Star,2017-01-27 10:53:00,11.43704,83.26317,15.4,4.7,Container
419201004,MV Coastal Glory,2017-01-27 10:54:00,13.29731,80.31599,0.2,3.0,Cargo
419201007,MV Sakthi Pride,2017-01-27 10:54:00,13.25173,80.3185,0,2.3,Cargo
419301006,MT Triton,2017-01-27 10:54:00,13.26504,80.30963,0,2.8,Tanker
419301002,MT Chennai Petro,2017-01-27 10:54:00,13.09676,80.52783,0.3,359.9,Tanker
419301004,MT POL Voyager,2017-01-27 10:54:00,13.23823,80.42074,0.2,3.4,Tanker
538301001,MT Gulf Carrier,2017-01-27 10:54:00,13.06841,80.55049,0.1,356.0,Tanker
419201005,MV Eastern Star,2017-01-27 10:54:00,12.51838,81.41089,14.0,283.8,Cargo
419501007,Pulicat FV-02,2017-01-27 10:54:00,13.61499,79.69787,4.1,266.8,Fishing
419201010,MV KPL Vishal,2017-01-27 10:55:00,13.19398,80.16666,13.0,292.6,Cargo
419201006,MV KPL Carrier,2017-01-27 10:56:00,13.24838,80.34343,0.2,88.9,Cargo
419201001,MV Vishakha Star,2017-01-27 10:56:00,13.19622,80.47099,0.1,359.0,Cargo
357401001,MV Orient Trader,2017-01-27 10:56:00,12.77483,82.30364,16.7,9.2,Container
419201003,MV Ennore Express,2017-01-27 10:57:00,13.27365,80.31972,0.7,357.5,Cargo
636201001,MV Fortune Bulker,2017-01-27 10:57:00,11.82495,82.29598,13.7,279.9,Cargo
419501013,Ennore FV-21,2017-01-27 10:57:00,12.97613,80.37337,4.8,182.7,Fishing
419053900,MT Dawn Kanchipuram,2017-01-27 10:58:00,12.98896,81.09401,9.9,317.7,Tanker
419201007,MV Sakthi Pride,2017-01-27 10:58:00,13.25265,80.31702,0,0.3,Cargo
419301006,MT Triton,2017-01-27 10:58:00,13.26492,80.30991,0,0.7,Tanker
419201002,MV APJ Kiran,2017-01-27 10:58:00,13.158,80.50072,0,357.9,Cargo
419301007,MT Bay Tanker,2017-01-27 10:58:00,13.14961,80.45959,0,359.9,Tanker
419401001,MV Chennai Express,2017-01-27 10:58:00,10.9849,82.50769,15.0,9.8,Container
419301005,MT Coastal Trader,2017-01-27 10:58:00,13.34423,80.33071,10.0,308.3,Tanker
419501008,Kovalam FV-01,2017-01-27 10:58:00,12.4208,80.36024,4.8,160.7,Fishing
419501014,Chennai FV-11,2017-01-27 10:58:00,13.34253,80.1714,3.9,318.3,Fishing
419301001,MT Sanmar Spirit,2017-01-27 10:59:00,13.24502,80.37128,0.2,94.2,Tanker
419301003,MT Coromandel King,2017-01-27 10:59:00,13.25557,80.34039,0,1.8,Tanker
419301004,MT POL Voyager,2017-01-27 10:59:00,13.23769,80.42062,0,0.1,Tanker
538301001,MT Gulf Carrier,2017-01-27 10:59:00,13.06854,80.54938,0.3,5.8,Tanker
636401001,MV Atlantic Bridge,2017-01-27 10:59:00,16.80124,81.98116,16.6,354.2,Container
419501012,Royapuram FV,2017-01-27 10:59:00,12.80702,80.58856,4.8,141.0,Fishing
419201004,MV Coastal Glory,2017-01-27 11:00:00,13.29617,80.3135,0.1,0.6,Cargo
419201006,MV KPL Carrier,2017-01-27 11:00:00,13.2492,80.34492,0.1,91.9,Cargo
477401001,MV Pacific Highway,2017-01-27 11:00:00,10.85478,82.83077,17.0,4.9,Container
419501015,North FV-21,2017-01-27 11:00:00,13.1725,80.29463,4.0,164.3,Fishing
419601002,Tug KPL-2,2017-01-27 11:00:00,13.25304,80.3017,4.4,250.0,Tug
419601004,Tug Ennore,2017-01-27 11:00:00,13.25445,80.29786,4.1,185.4,Tug
419201003,MV Ennore Express,2017-01-27 11:01:00,13.27179,80.32067,0.4,0.2,Cargo
419201001,MV Vishakha Star,2017-01-27 11:01:00,13.1971,80.46895,0,1.7,Cargo
419301002,MT Chennai Petro,2017-01-27 11:01:00,13.09576,80.53226,0.2,4.5,Tanker
558201001,MV Coral Sea,2017-01-27 11:01:00,11.91312,82.91138,13.9,282.4,Cargo
419201009,MV Ennore Pioneer,2017-01-27 11:01:00,12.10261,82.61992,12.6,278.6,Cargo
419401002,MV Coromandel Trade,2017-01-27 11:01:00,12.81742,82.48648,14.2,1.0,Container
419501002,Chennai FV-02,2017-01-27 11:01:00,13.51557,80.4879,4.7,72.5,Fishing
419601001,Tug KPL-1,2017-01-27 11:01:00,13.24345,80.3088,4.5,184.1,Tug
419601003,Pilot KPL,2017-01-27 11:01:00,13.27064,80.29625,4.2,320.0,Tug
419301006,MT Triton,2017-01-27 11:02:00,13.26562,80.30978,0,359.5,Tanker
419201008,MV Chennai Bulk,2017-01-27 11:02:00,12.57796,81.53332,12.5,286.8,Cargo
636201001,MV Fortune Bulker,2017-01-27 11:03:00,11.83017,82.26308,13.5,284.1,Cargo
419501005,Ennore FV-12,2017-01-27 11:03:00,13.3733,79.97379,5.4,290.4,Fishing
419201007,MV Sakthi Pride,2017-01-27 11:04:00,13.2534,80.31634,0,355.5,Cargo
419301007,MT Bay Tanker,2017-01-27 11:04:00,13.14942,80.45998,0,359.1,Tanker
419201005,MV Eastern Star,2017-01-27 11:04:00,12.52617,81.38,14.4,282.6,Cargo
419501001,Chennai FV-01,2017-01-27 11:04:00,13.2166,80.5025,3.9,119.3,Fishing
419501010,North FV-01,2017-01-27 11:04:00,13.41632,80.96792,6.1,61.0,Fishing
419301001,MT Sanmar Spirit,2017-01-27 11:05:00,13.24295,80.37235,0.2,89.1,Tanker
419301003,MT Coromandel King,2017-01-27 11:05:00,13.25638,80.33942,0.0,359.2,Tanker
419201002,MV APJ Kiran,2017-01-27 11:05:00,13.15726,80.50069,0.1,3.0,Cargo
538301001,MT Gulf Carrier,2017-01-27 11:05:00,13.0675,80.55,0,0.2,Tanker
419201010,MV KPL Vishal,2017-01-27 11:05:00,13.20394,80.1383,12.8,288.4,Cargo
419053900,MT Dawn Kanchipuram,2017-01-27 11:06:00,13.00533,81.07917,9.8,321.8,Tanker
419201004,MV Coastal Glory,2017-01-27 11:06:00,13.29775,80.31505,0.0,358.1,Cargo
419201006,MV KPL Carrier,2017-01-27 11:06:00,13.2488,80.34362,0,93.0,Cargo
419301002,MT Chennai Petro,2017-01-27 11:06:00,13.09865,80.52972,0.0,0.7,Tanker
419301004,MT POL Voyager,2017-01-27 11:06:00,13.23822,80.42117,0.0,357.7,Tanker
419501006,Pulicat FV-01,2017-01-27 11:06:00,13.70045,80.42072,3.6,91.3,Fishing
419201003,MV Ennore Express,2017-01-27 11:07:00,13.2724,80.31979,0.2,1.3,Cargo
419301006,MT Triton,2017-01-27 11:07:00,13.26534,80.30973,0,358.3,Tanker
419301005,MT Coastal Trader,2017-01-27 11:07:00,13.35945,80.31387,10.1,307.5,Tanker
419201007,MV Sakthi Pride,2017-01-27 11:08:00,13.25359,80.31897,0.0,2.8,Cargo
419201001,MV Vishakha Star,2017-01-27 11:08:00,13.20011,80.46998,0.5,1.8,Cargo
558201001,MV Coral Sea,2017-01-27 11:08:00,11.91766,82.88187,13.8,280.9,Cargo
419501004,Ennore FV-11,2017-01-27 11:08:00,12.87436,80.57587,5.0,151.0,Fishing
419501011,Marina FV-01,2017-01-27 11:08:00,12.85901,80.45904,4.2,136.9,Fishing
419501009,Kovalam FV-02,2017-01-27 11:09:00,12.75157,80.54746,3.2,107.0,Fishing
419301003,MT Coromandel King,2017-01-27 11:10:00,13.25398,80.34097,0.2,359.6,Tanker
636201001,MV Fortune Bulker,2017-01-27 11:10:00,11.83618,82.23104,13.9,279.8,Cargo
419201009,MV Ennore Pioneer,2017-01-27 11:10:00,12.11023,82.59165,12.9,287.0,Cargo
566401001,MV Singapore Star,2017-01-27 11:10:00,11.49872,83.27058,15.0,4.0,Container
419501003,Chennai FV-03,2017-01-27 11:10:00,13.11956,79.97701,3.8,234.4,Fishing
419201004,MV Coastal Glory,2017-01-27 11:11:00,13.29803,80.31425,0.5,358.1,Cargo
419301001,MT Sanmar Spirit,2017-01-27 11:11:00,13.24447,80.373,0.4,90.3,Tanker
419301006,MT Triton,2017-01-27 11:11:00,13.26354,80.31182,0,2.4,Tanker
419301002,MT Chennai Petro,2017-01-27 11:11:00,13.09915,80.5304,0.1,3.7,Tanker
419301004,MT POL Voyager,2017-01-27 11:11:00,13.23892,80.41964,0,358.5,Tanker
419301007,MT Bay Tanker,2017-01-27 11:11:00,13.15137,80.45882,0.0,2.1,Tanker
538301001,MT Gulf Carrier,2017-01-27 11:11:00,13.06842,80.55014,0.1,358.0,Tanker
419201010,MV KPL Vishal,2017-01-27 11:11:00,13.21382,80.1102,12.7,291.5,Cargo
419501013,Ennore FV-21,2017-01-27 11:11:00,12.95176,80.37184,4.0,183.7,Fishing
419201003,MV Ennore Express,2017-01-27 11:12:00,13.274,80.32114,0.1,0.8,Cargo
419201006,MV KPL Carrier,2017-01-27 11:12:00,13.2471,80.34412,0.1,86.9,Cargo
419201002,MV APJ Kiran,2017-01-27 11:12:00,13.15855,80.50113,0.1,2.3,Cargo
419201008,MV Chennai Bulk,2017-01-27 11:12:00,12.58846,81.50485,12.3,292.0,Cargo
357401001,MV Orient Trader,2017-01-27 11:12:00,12.84456,82.31337,16.6,7.6,Container
419201007,MV Sakthi Pride,2017-01-27 11:13:00,13.25333,80.31695,0.3,358.0,Cargo
419201005,MV Eastern Star,2017-01-27 11:13:00,12.5359,81.34981,13.5,282.2,Cargo
419501007,Pulicat FV-02,2017-01-27 11:13:00,13.61209,79.67579,4.6,265.7,Fishing
419301001,MT Sanmar Spirit,2017-01-27 11:15:00,13.24382,80.37239,0.3,90.9,Tanker
419301003,MT Coromandel King,2017-01-27 11:15:00,13.25572,80.33968,0.2,2.5,Tanker
419301006,MT Triton,2017-01-27 11:15:00,13.26563,80.31008,0,4.5,Tanker
419201001,MV Vishakha Star,2017-01-27 11:15:00,13.19914,80.46952,0.1,0.7,Cargo
419401001,MV Chennai Express,2017-01-27 11:15:00,11.04519,82.50851,15.1,359.5,Container
477401001,MV Pacific Highway,2017-01-27 11:15:00,10.92826,82.83761,17.3,5.1,Container
636401001,MV Atlantic Bridge,2017-01-27 11:15:00,16.86909,81.97517,16.5,349.3,Container
419401002,MV Coromandel Trade,2017-01-27 11:15:00,12.8778,82.49039,13.8,3.7,Container
419053900,MT Dawn Kanchipuram,2017-01-27 11:16:00,13.0217,81.0644,9.6,325.9,Tanker
419201003,MV Ennore Express,2017-01-27 11:16:00,13.27301,80.32088,0.3,358.2,Cargo
419301007,MT Bay Tanker,2017-01-27 11:16:00,13.14948,80.45995,0,359.5,Tanker
538301001,MT Gulf Carrier,2017-01-27 11:16:00,13.06679,80.55008,0,359.0,Tanker
419301005,MT Coastal Trader,2017-01-27 11:16:00,13.37486,80.29563,10.4,316.7,Tanker
419601003,Pilot KPL,2017-01-27 11:16:00,13.23924,80.30649,3.8,217.8,Tug
419201004,MV Coastal Glory,2017-01-27 11:17:00,13.29697,80.31398,0.1,3.8,Cargo
419201002,MV APJ Kiran,2017-01-27 11:17:00,13.15787,80.49939,0.3,0.7,Cargo
419301004,MT POL Voyager,2017-01-27 11:17:00,13.23881,80.42093,0.4,358.8,Tanker
419501014,Chennai FV-11,2017-01-27 11:17:00,13.35461,80.15653,4.1,313.5,Fishing
419501015,North FV-21,2017-01-27 11:17:00,13.15372,80.30015,4.4,166.1,Fishing
419201006,MV KPL Carrier,2017-01-27 11:18:00,13.24981,80.34364,0,91.4,Cargo
419301002,MT Chennai Petro,2017-01-27 11:18:00,13.09857,80.52909,0.0,0.4,Tanker
558201001,MV Coral Sea,2017-01-27 11:18:00,11.92402,82.85074,13.5,279.6,Cargo
636201001,MV Fortune Bulker,2017-01-27 11:18:00,11.84228,82.20251,14.2,281.5,Cargo
419201009,MV Ennore Pioneer,2017-01-27 11:18:00,12.11556,82.56284,13.1,281.2,Cargo
419201010,MV KPL Vishal,2017-01-27 11:18:00,13.22238,80.08308,13.4,287.1,Cargo
419501002,Chennai FV-02,2017-01-27 11:18:00,13.52594,80.51312,5.5,74.5,Fishing
419201007,MV Sakthi Pride,2017-01-27 11:19:00,13.25206,80.31928,0,355.5,Cargo
419201008,MV Chennai Bulk,2017-01-27 11:19:00,12.59554,81.47756,12.2,286.1,Cargo
419501012,Royapuram FV,2017-01-27 11:19:00,12.79042,80.60536,4.9,136.8,Fishing
419301006,MT Triton,2017-01-27 11:20:00,13.26552,80.31062,0,359.6,Tanker
419201001,MV Vishakha Star,2017-01-27 11:20:00,13.19801,80.4693,0.3,0.4,Cargo
419601002,Tug KPL-2,2017-01-27 11:20:00,13.22405,80.28397,4.6,51.6,Tug
419601004,Tug Ennore,2017-01-27 11:20:00,13.25696,80.30087,4.2,15.6,Tug
419201003,MV Ennore Express,2017-01-27 11:21:00,13.2741,80.31929,0.6,357.4,Cargo
419301001,MT Sanmar Spirit,2017-01-27 11:21:00,13.24305,80.37314,0.1,88.7,Tanker
419301003,MT Coromandel King,2017-01-27 11:21:00,13.25557,80.34147,0,356.8,Tanker
419501008,Kovalam FV-01,2017-01-27 11:21:00,12.39592,80.3652,4.6,163.3,Fishing
419201006,MV KPL Carrier,2017-01-27 11:22:00,13.24781,80.34359,0,86.7,Cargo
538301001,MT Gulf Carrier,2017-01-27 11:22:00,13.06807,80.54918,0.1,358.2,Tanker
419201005,MV Eastern Star,2017-01-27 11:22:00,12.54158,81.31896,13.7,282.2,Cargo
419501004,Ennore FV-11,2017-01-27 11:22:00,12.85346,80.58876,4.7,147.8,Fishing
419601001,Tug KPL-1,2017-01-27 11:22:00,13.20054,80.31707,4.3,117.4,Tug
419201004,MV Coastal Glory,2017-01-27 11:23:00,13.29629,80.31615,0,2.0,Cargo
419301004,MT POL Voyager,2017-01-27 11:23:00,13.23847,80.41998,0.3,0.1,Tanker
419301007,MT Bay Tanker,2017-01-27 11:23:00,13.15073,80.46179,0,357.4,Tanker
419501009,Kovalam FV-02,2017-01-27 11:23:00,12.7489,80.56652,3.6,100.0,Fishing
419301006,MT Triton,2017-01-27 11:24:00,13.26447,80.31188,0,1.2,Tanker
419201002,MV APJ Kiran,2017-01-27 11:24:00,13.15978,80.50004,0.1,0.4,Cargo
419501001,Chennai FV-01,2017-01-27 11:24:00,13.20488,80.52247,4.1,117.9,Fishing
419501011,Marina FV-01,2017-01-27 11:24:00,12.84303,80.47319,4.3,142.6,Fishing
419201003,MV Ennore Express,2017-01-27 11:25:00,13.27256,80.31833,0.4,1.3,Cargo
419201007,MV Sakthi Pride,2017-01-27 11:25:00,13.25349,80.31916,0,357.3,Cargo
419301002,MT Chennai Petro,2017-01-27 11:25:00,13.10037,80.52924,0.2,3.8,Tanker
636201001,MV Fortune Bulker,2017-01-27 11:25:00,11.8471,82.16991,13.7,282.4,Cargo
419201010,MV KPL Vishal,2017-01-27 11:25:00,13.23172,80.05314,13.1,289.2,Cargo
357401001,MV Orient Trader,2017-01-27 11:25:00,12.91319,82.32047,16.2,6.9,Container
419301005,MT Coastal Trader,2017-01-27 11:25:00,13.39133,80.27794,10.1,310.9,Tanker
419501005,Ennore FV-12,2017-01-27 11:25:00,13.37967,79.94852,5.4,284.2,Fishing
419501010,North FV-01,2017-01-27 11:25:00,13.43065,80.9932,5.8,63.8,Fishing
419053900,MT Dawn Kanchipuram,2017-01-27 11:26:00,13.04088,81.05125,9.9,320.3,Tanker
419301003,MT Coromandel King,2017-01-27 11:26:00,13.25527,80.34045,0,3.3,Tanker
419201001,MV Vishakha Star,2017-01-27 11:26:00,13.19932,80.47005,0,359.0,Cargo
419501013,Ennore FV-21,2017-01-27 11:26:00,12.93118,80.36795,4.2,180.1,Fishing
419301001,MT Sanmar Spirit,2017-01-27 11:27:00,13.24303,80.3742,0.3,92.8,Tanker
419201009,MV Ennore Pioneer,2017-01-27 11:27:00,12.12199,82.5349,12.7,286.2,Cargo
419401002,MV Coromandel Trade,2017-01-27 11:27:00,12.93642,82.49421,13.6,3.6,Container
419501006,Pulicat FV-01,2017-01-27 11:27:00,13.7005,80.442,4.0,95.2,Fishing
419201004,MV Coastal Glory,2017-01-27 11:28:00,13.29793,80.31503,0,357.3,Cargo
419201006,MV KPL Carrier,2017-01-27 11:28:00,13.24786,80.34343,0.2,94.9,Cargo
419301006,MT Triton,2017-01-27 11:28:00,13.26575,80.31066,0,359.9,Tanker
419301007,MT Bay Tanker,2017-01-27 11:28:00,13.15089,80.46125,0,356.2,Tanker
538301001,MT Gulf Carrier,2017-01-27 11:28:00,13.06977,80.54881,0,358.0,Tanker
558201001,MV Coral Sea,2017-01-27 11:28:00,11.93065,82.81979,13.6,283.2,Cargo
419201008,MV Chennai Bulk,2017-01-27 11:28:00,12.60307,81.4505,12.3,287.3,Cargo
566401001,MV Singapore Star,2017-01-27 11:28:00,11.56566,83.28058,15.9,4.6,Container
419501003,Chennai FV-03,2017-01-27 11:28:00,13.10765,79.96148,3.9,233.0,Fishing
419201003,MV Ennore Express,2017-01-27 11:29:00,13.27436,80.31949,0.4,358.6,Cargo
419201002,MV APJ Kiran,2017-01-27 11:29:00,13.15851,80.50056,0.4,4.3,Cargo
419301004,MT POL Voyager,2017-01-27 11:29:00,13.239,80.42074,0.2,1.5,Tanker
419201007,MV Sakthi Pride,2017-01-27 11:30:00,13.24955,80.31812,0,0.5,Cargo
419301003,MT Coromandel King,2017-01-27 11:30:00,13.25617,80.34019,0.2,2.7,Tanker
419201005,MV Eastern Star,2017-01-27 11:30:00,12.55035,81.29075,14.1,286.3,Cargo
419401001,MV Chennai Express,2017-01-27 11:30:00,11.10841,82.51042,14.6,2.7,Container
477401001,MV Pacific Highway,2017-01-27 11:30:00,10.99973,82.84544,17.2,5.6,Container
419501007,Pulicat FV-02,2017-01-27 11:30:00,13.6115,79.65371,4.8,262.6,Fishing
419301001,MT Sanmar Spirit,2017-01-27 11:31:00,13.24395,80.37373,0.1,90.2,Tanker
419201001,MV Vishakha Star,2017-01-27 11:31:00,13.19929,80.46865,0.3,356.9,Cargo
419301002,MT Chennai Petro,2017-01-27 11:31:00,13.09896,80.53023,0.1,354.8,Tanker
636401001,MV Atlantic Bridge,2017-01-27 11:31:00,16.93713,81.96957,16.3,352.7,Container
419301006,MT Triton,2017-01-27 11:32:00,13.26454,80.30997,0.1,356.1,Tanker
636201001,MV Fortune Bulker,2017-01-27 11:32:00,11.85113,82.14113,13.7,276.7,Cargo
419053900,MT Dawn Kanchipuram,2017-01-27 11:33:00,13.05957,81.03899,9.5,323.2,Tanker
419301007,MT Bay Tanker,2017-01-27 11:33:00,13.1496,80.46077,0.1,357.5,Tanker
538301001,MT Gulf Carrier,2017-01-27 11:33:00,13.06866,80.54983,0,359.5,Tanker
419201010,MV KPL Vishal,2017-01-27 11:33:00,13.24252,80.02582,12.8,293.3,Cargo
419501015,North FV-21,2017-01-27 11:33:00,13.13411,80.3073,4.1,165.8,Fishing
419201003,MV Ennore Express,2017-01-27 11:34:00,13.27245,80.31961,0,358.8,Cargo
419201004,MV Coastal Glory,2017-01-27 11:34:00,13.29789,80.31522,0.0,3.1,Cargo
419201006,MV KPL Carrier,2017-01-27 11:34:00,13.24776,80.34369,0.0,87.2,Cargo
419201007,MV Sakthi Pride,2017-01-27 11:34:00,13.25217,80.3175,0,358.6,Cargo
419301003,MT Coromandel King,2017-01-27 11:34:00,13.25601,80.33948,0.2,0.7,Tanker
419301004,MT POL Voyager,2017-01-27 11:34:00,13.23845,80.42073,0,2.8,Tanker
419201008,MV Chennai Bulk,2017-01-27 11:34:00,12.61058,81.42442,12.0,287.2,Cargo
419201009,MV Ennore Pioneer,2017-01-27 11:34:00,12.12864,82.50718,12.8,283.4,Cargo
419301005,MT Coastal Trader,2017-01-27 11:34:00,13.40419,80.26081,10.2,313.1,Tanker
419501014,Chennai FV-11,2017-01-27 11:34:00,13.37028,80.14336,3.6,316.6,Fishing
419201002,MV APJ Kiran,2017-01-27 11:35:00,13.15841,80.50196,0.5,359.6,Cargo
558201001,MV Coral Sea,2017-01-27 11:35:00,11.93749,82.78892,13.3,285.4,Cargo
419501002,Chennai FV-02,2017-01-27 11:35:00,13.53479,80.53985,5.3,68.8,Fishing
419501004,Ennore FV-11,2017-01-27 11:35:00,12.83413,80.5991,4.6,150.1,Fishing
419301001,MT Sanmar Spirit,2017-01-27 11:36:00,13.24439,80.3737,0.2,92.6,Tanker
419201001,MV Vishakha Star,2017-01-27 11:37:00,13.19829,80.4708,0,355.0,Cargo
419301002,MT Chennai Petro,2017-01-27 11:37:00,13.09939,80.52953,0.2,3.9,Tanker
419501011,Marina FV-01,2017-01-27 11:37:00,12.82659,80.48848,4.3,142.7,Fishing
419201003,MV Ennore Express,2017-01-27 11:38:00,13.27441,80.32164,0.6,358.8,Cargo
419201004,MV Coastal Glory,2017-01-27 11:38:00,13.29905,80.31516,0.2,357.9,Cargo
419201007,MV Sakthi Pride,2017-01-27 11:38:00,13.25344,80.31904,0.1,1.2,Cargo
419301006,MT Triton,2017-01-27 11:38:00,13.26541,80.30841,0,358.2,Tanker
419201005,MV Eastern Star,2017-01-27 11:38:00,12.55766,81.26109,13.3,286.5,Cargo
419601003,Pilot KPL,2017-01-27 11:38:00,13.28204,80.32685,4.6,315.6,Tug
419201006,MV KPL Carrier,2017-01-27 11:39:00,13.24817,80.34593,0.1,87.7,Cargo
419301004,MT POL Voyager,2017-01-27 11:39:00,13.23895,80.41865,0,358.0,Tanker
419301007,MT Bay Tanker,2017-01-27 11:39:00,13.15137,80.46039,0.2,359.5,Tanker
538301001,MT Gulf Carrier,2017-01-27 11:39:00,13.06968,80.54942,0.2,0.1,Tanker
419601002,Tug KPL-2,2017-01-27 11:39:00,13.21145,80.2927,4.5,187.5,Tug
419301003,MT Coromandel King,2017-01-27 11:40:00,13.25707,80.3391,0.2,1.9,Tanker
636201001,MV Fortune Bulker,2017-01-27 11:40:00,11.85684,82.10925,13.4,280.5,Cargo
419201009,MV Ennore Pioneer,2017-01-27 11:40:00,12.13662,82.47824,13.0,284.2,Cargo
419201010,MV KPL Vishal,2017-01-27 11:40:00,13.25189,79.99811,13.3,290.3,Cargo
419301005,MT Coastal Trader,2017-01-27 11:40:00,13.42046,80.24395,10.7,309.7,Tanker
419501008,Kovalam FV-01,2017-01-27 11:40:00,12.37619,80.37016,5.3,169.5,Fishing
419501012,Royapuram FV,2017-01-27 11:40:00,12.76919,80.62274,4.9,139.0,Fishing
419053900,MT Dawn Kanchipuram,2017-01-27 11:41:00,13.07615,81.02359,9.6,320.4,Tanker
419201002,MV APJ Kiran,2017-01-27 11:41:00,13.15825,80.50053,0.2,0.6,Cargo
419401002,MV Coromandel Trade,2017-01-27 11:41:00,12.99533,82.49729,14.4,5.4,Container
419201003,MV Ennore Express,2017-01-27 11:42:00,13.27343,80.31954,0,0.9,Cargo
419301001,MT Sanmar Spirit,2017-01-27 11:42:00,13.24386,80.3722,0.1,88.0,Tanker
419201001,MV Vishakha Star,2017-01-27 11:42:00,13.20074,80.46908,0,358.4,Cargo
419201008,MV Chennai Bulk,2017-01-27 11:42:00,12.61945,81.39699,12.3,287.5,Cargo
477401001,MV Pacific Highway,2017-01-27 11:42:00,11.06969,82.85021,17.3,8.5,Container
419501006,Pulicat FV-01,2017-01-27 11:42:00,13.69989,80.46184,4.0,90.9,Fishing
419501009,Kovalam FV-02,2017-01-27 11:42:00,12.74366,80.58475,3.2,102.7,Fishing
419601004,Tug Ennore,2017-01-27 11:42:00,13.28387,80.29565,4.3,22.5,Tug
419301002,MT Chennai Petro,2017-01-27 11:43:00,13.09964,80.52962,0,356.7,Tanker
558201001,MV Coral Sea,2017-01-27 11:43:00,11.94391,82.76033,12.9,279.7,Cargo
419401001,MV Chennai Express,2017-01-27 11:43:00,11.17006,82.51144,14.8,3.7,Container
357401001,MV Orient Trader,2017-01-27 11:43:00,12.98496,82.32598,16.8,7.4,Container
419201004,MV Coastal Glory,2017-01-27 11:44:00,13.29887,80.3151,0.1,3.0,Cargo
419201007,MV Sakthi Pride,2017-01-27 11:44:00,13.25072,80.31768,0,356.9,Cargo
419301003,MT Coromandel King,2017-01-27 11:44:00,13.25548,80.3404,0.0,0.2,Tanker
419301006,MT Triton,2017-01-27 11:44:00,13.26412,80.30984,0.4,359.5,Tanker
419301004,MT POL Voyager,2017-01-27 11:44:00,13.2397,80.42104,0.4,359.5,Tanker
566401001,MV Singapore Star,2017-01-27 11:44:00,11.62593,83.28972,14.9,9.6,Container
419501001,Chennai FV-01,2017-01-27 11:44:00,13.19538,80.53962,4.2,118.3,Fishing
419501010,North FV-01,2017-01-27 11:44:00,13.44238,81.02124,5.5,62.5,Fishing
419601001,Tug KPL-1,2017-01-27 11:44:00,13.2152,80.27047,3.9,282.4,Tug
419201006,MV KPL Carrier,2017-01-27 11:45:00,13.24727,80.34528,0.1,90.0,Cargo
538301001,MT Gulf Carrier,2017-01-27 11:45:00,13.06858,80.54857,0.0,4.3,Tanker
419501003,Chennai FV-03,2017-01-27 11:45:00,13.09621,79.94613,3.5,234.8,Fishing
419501005,Ennore FV-12,2017-01-27 11:45:00,13.38705,79.92486,5.6,290.5,Fishing
419301001,MT Sanmar Spirit,2017-01-27 11:46:00,13.2437,80.37217,0.1,92.1,Tanker
419301007,MT Bay Tanker,2017-01-27 11:46:00,13.15046,80.46011,0.1,1.5,Tanker
419201005,MV Eastern Star,2017-01-27 11:46:00,12.56821,81.23036,13.9,287.1,Cargo
419053900,MT Dawn Kanchipuram,2017-01-27 11:47:00,13.09231,81.0101,9.9,323.2,Tanker
419201003,MV Ennore Express,2017-01-27 11:47:00,13.27295,80.31967,0,358.8,Cargo
419201001,MV Vishakha Star,2017-01-27 11:47:00,13.19939,80.47081,0,358.8,Cargo
419201002,MV APJ Kiran,2017-01-27 11:47:00,13.159,80.49882,0,2.2,Cargo
419501007,Pulicat FV-02,2017-01-27 11:47:00,13.60915,79.63427,4.5,267.3,Fishing
419501015,North FV-21,2017-01-27 11:47:00,13.11399,80.3104,4.1,166.7,Fishing
419201004,MV Coastal Glory,2017-01-27 11:48:00,13.29781,80.31545,0,359.7,Cargo
419301006,MT Triton,2017-01-27 11:48:00,13.26455,80.30974,0,2.6,Tanker
419301002,MT Chennai Petro,2017-01-27 11:48:00,13.10126,80.52983,0.1,3.6,Tanker
419201009,MV Ennore Pioneer,2017-01-27 11:48:00,12.14175,82.44947,12.6,282.2,Cargo
636401001,MV Atlantic Bridge,2017-01-27 11:48:00,17.00668,81.96394,17.1,354.6,Container
419301005,MT Coastal Trader,2017-01-27 11:48:00,13.43555,80.22484,9.9,310.7,Tanker
419201010,MV KPL Vishal,2017-01-27 11:49:00,13.26267,79.96885,12.4,290.6,Cargo
419501013,Ennore FV-21,2017-01-27 11:49:00,12.909,80.36766,4.8,184.4,Fishing
419501014,Chennai FV-11,2017-01-27 11:49:00,13.38359,80.12963,3.7,316.4,Fishing
419201007,MV Sakthi Pride,2017-01-27 11:50:00,13.25114,80.31856,0,2.1,Cargo
419301001,MT Sanmar Spirit,2017-01-27 11:50:00,13.24441,80.3744,0,90.5,Tanker
419301003,MT Coromandel King,2017-01-27 11:50:00,13.25676,80.34007,0,3.1,Tanker
636201001,MV Fortune Bulker,2017-01-27 11:50:00,11.86292,82.07786,14.1,284.0,Cargo
419201003,MV Ennore Express,2017-01-27 11:51:00,13.27434,80.31897,0.2,357.1,Cargo
419201006,MV KPL Carrier,2017-01-27 11:51:00,13.24917,80.34467,0.0,86.1,Cargo
419301004,MT POL Voyager,2017-01-27 11:51:00,13.24003,80.4195,0.2,5.3,Tanker
538301001,MT Gulf Carrier,2017-01-27 11:51:00,13.07015,80.55049,0,359.9,Tanker
558201001,MV Coral Sea,2017-01-27 11:51:00,11.94873,82.73015,13.3,283.6,Cargo
419201008,MV Chennai Bulk,2017-01-27 11:51:00,12.62711,81.37036,12.5,289.8,Cargo
419201004,MV Coastal Glory,2017-01-27 11:52:00,13.29791,80.31646,0.2,5.8,Cargo
419301006,MT Triton,2017-01-27 11:52:00,13.26533,80.31078,0.7,354.0,Tanker
419201001,MV Vishakha Star,2017-01-27 11:52:00,13.19974,80.47085,0,1.0,Cargo
419301007,MT Bay Tanker,2017-01-27 11:52:00,13.15047,80.46091,0,0.8,Tanker
419053900,MT Dawn Kanchipuram,2017-01-27 11:53:00,13.11044,80.996,9.8,321.6,Tanker
419201002,MV APJ Kiran,2017-01-27 11:53:00,13.15811,80.49968,0.7,0.8,Cargo
419301002,MT Chennai Petro,2017-01-27 11:53:00,13.09917,80.52909,0.2,4.3,Tanker
419501002,Chennai FV-02,2017-01-27 11:53:00,13.54348,80.56444,5.0,72.5,Fishing
419201007,MV Sakthi Pride,2017-01-27 11:54:00,13.25264,80.31678,0,359.2,Cargo
419201005,MV Eastern Star,2017-01-27 11:54:00,12.5741,81.20039,13.9,286.5,Cargo
419201009,MV Ennore Pioneer,2017-01-27 11:54:00,12.14887,82.42216,12.9,280.4,Cargo
419501011,Marina FV-01,2017-01-27 11:54:00,12.81144,80.50206,4.6,139.9,Fishing
419301001,MT Sanmar Spirit,2017-01-27 11:55:00,13.24381,80.37468,0.1,91.2,Tanker
357401001,MV Orient Trader,2017-01-27 11:55:00,13.05256,82.33557,16.4,3.4,Container
419301005,MT Coastal Trader,2017-01-27 11:55:00,13.45097,80.20874,9.8,311.3,Tanker
419201003,MV Ennore Express,2017-01-27 11:56:00,13.27579,80.32079,0.1,1.8,Cargo
419201004,MV Coastal Glory,2017-01-27 11:56:00,13.29891,80.31516,0.4,359.3,Cargo
419201006,MV KPL Carrier,2017-01-27 11:56:00,13.24992,80.34516,0,89.9,Cargo
419301003,MT Coromandel King,2017-01-27 11:56:00,13.25683,80.3408,0.0,357.9,Tanker
419301006,MT Triton,2017-01-27 11:56:00,13.26363,80.30931,0,355.0,Tanker
419301004,MT POL Voyager,2017-01-27 11:56:00,13.24075,80.42047,0.1,0.5,Tanker
636201001,MV Fortune Bulker,2017-01-27 11:56:00,11.86737,82.04484,14.3,283.0,Cargo
566401001,MV Singapore Star,2017-01-27 11:56:00,11.68958,83.2984,15.1,8.0,Container
419501008,Kovalam FV-01,2017-01-27 11:56:00,12.35155,80.37799,4.6,164.4,Fishing
419501009,Kovalam FV-02,2017-01-27 11:56:00,12.74081,80.60345,3.6,99.7,Fishing
419301007,MT Bay Tanker,2017-01-27 11:57:00,13.14875,80.46021,0,1.7,Tanker
538301001,MT Gulf Carrier,2017-01-27 11:57:00,13.06937,80.54974,0.1,1.0,Tanker
558201001,MV Coral Sea,2017-01-27 11:57:00,11.95619,82.69997,13.4,285.1,Cargo
419201008,MV Chennai Bulk,2017-01-27 11:57:00,12.63454,81.34213,12.6,289.1,Cargo
419401002,MV Coromandel Trade,2017-01-27 11:57:00,13.05223,82.49918,14.0,2.7,Container
419501006,Pulicat FV-01,2017-01-27 11:57:00,13.69941,80.48173,3.7,87.1,Fishing
419601001,Tug KPL-1,2017-01-27 11:57:00,13.21692,80.29603,4.2,75.0,Tug
419201001,MV Vishakha Star,2017-01-27 11:58:00,13.1999,80.46993,0.2,359.4,Cargo
419201002,MV APJ Kiran,2017-01-27 11:58:00,13.16018,80.4991,0.1,359.3,Cargo
419401001,MV Chennai Express,2017-01-27 11:58:00,11.23222,82.51422,15.1,0.0,Container
477401001,MV Pacific Highway,2017-01-27 11:58:00,11.1424,82.85635,17.1,3.4,Container
419501004,Ennore FV-11,2017-01-27 11:58:00,12.81487,80.61179,4.7,148.3,Fishing
419501010,North FV-01,2017-01-27 11:58:00,13.45499,81.04604,5.9,61.5,Fishing
419201007,MV Sakthi Pride,2017-01-27 11:59:00,13.25322,80.31779,0,2.0,Cargo
419301001,MT Sanmar Spirit,2017-01-27 11:59:00,13.24309,80.3753,0.3,89.2,Tanker
419301002,MT Chennai Petro,2017-01-27 11:59:00,13.09865,80.52901,0,0.6,Tanker
419201010,MV KPL Vishal,2017-01-27 11:59:00,13.27208,79.93997,13.0,289.1,Cargo
419601002,Tug KPL-2,2017-01-27 11:59:00,13.24424,80.30411,3.9,276.9,Tug
419201003,MV Ennore Express,2017-01-27 12:00:00,13.2742,80.31908,0.1,359.6,Cargo
419301003,MT Coromandel King,2017-01-27 12:00:00,13.2572,80.34143,0,1.5,Tanker
419501007,Pulicat FV-02,2017-01-27 12:00:00,13.6063,79.61035,4.5,266.7,Fishing
419601004,Tug Ennore,2017-01-27 12:00:00,13.28589,80.27552,4.2,179.6,Tug
419301006,MT Triton,2017-01-27 12:01:00,13.26348,80.31188,0,357.1,Tanker
419601003,Pilot KPL,2017-01-27 12:01:00,13.27062,80.29218,4.5,188.8,Tug
419201004,MV Coastal Glory,2017-01-27 12:02:00,13.29922,80.31421,0,1.4,Cargo
419201006,MV KPL Carrier,2017-01-27 12:02:00,13.24841,80.34536,0.6,91.0,Cargo
419301004,MT POL Voyager,2017-01-27 12:02:00,13.24076,80.42065,0,359.2,Tanker
538301001,MT Gulf Carrier,2017-01-27 12:02:00,13.07024,80.55142,0.2,1.4,Tanker
636201001,MV Fortune Bulker,2017-01-27 12:02:00,11.87369,82.0162,13.8,281.4,Cargo
419501001,Chennai FV-01,2017-01-27 12:02:00,13.18537,80.55928,4.1,123.5,Fishing
419501012,Royapuram FV,2017-01-27 12:02:00,12.75103,80.6403,5.2,140.3,Fishing
419053900,MT Dawn Kanchipuram,2017-01-27 12:03:00,13.1274,80.98275,10.0,319.4,Tanker
419201007,MV Sakthi Pride,2017-01-27 12:03:00,13.252,80.31911,0.2,357.7,Cargo
419201005,MV Eastern Star,2017-01-27 12:03:00,12.5831,81.16822,14.0,281.0,Cargo
419201008,MV Chennai Bulk,2017-01-27 12:03:00,12.64437,81.31765,12.2,285.2,Cargo
636401001,MV Atlantic Bridge,2017-01-27 12:03:00,17.07574,81.95628,16.6,357.2,Container
419301005,MT Coastal Trader,2017-01-27 12:03:00,13.46573,80.19165,10.4,312.1,Tanker
419501005,Ennore FV-12,2017-01-27 12:03:00,13.39725,79.89865,4.7,291.1,Fishing
419301001,MT Sanmar Spirit,2017-01-27 12:04:00,13.24331,80.37612,0.5,89.7,Tanker
419301003,MT Coromandel King,2017-01-27 12:04:00,13.25783,80.34117,0.2,0.5,Tanker
419201002,MV APJ Kiran,2017-01-27 12:04:00,13.16001,80.49909,0.5,359.3,Cargo
419301007,MT Bay Tanker,2017-01-27 12:04:00,13.14917,80.45852,0.0,2.6,Tanker
419201009,MV Ennore Pioneer,2017-01-27 12:04:00,12.15516,82.39329,12.9,281.5,Cargo
419501003,Chennai FV-03,2017-01-27 12:04:00,13.08246,79.93338,4.1,231.3,Fishing
419301006,MT Triton,2017-01-27 12:05:00,13.26606,80.3084,0.1,359.6,Tanker
419201001,MV Vishakha Star,2017-01-27 12:05:00,13.20164,80.47213,0.3,357.2,Cargo
558201001,MV Coral Sea,2017-01-27 12:05:00,11.96292,82.66784,13.5,281.9,Cargo
419201003,MV Ennore Express,2017-01-27 12:06:00,13.27693,80.31959,0.2,358.7,Cargo
419301002,MT Chennai Petro,2017-01-27 12:06:00,13.09972,80.53071,0,0.2,Tanker
419201004,MV Coastal Glory,2017-01-27 12:07:00,13.29937,80.31337,0.5,355.4,Cargo
357401001,MV Orient Trader,2017-01-27 12:07:00,13.12433,82.34195,16.9,6.7,Container
419501015,North FV-21,2017-01-27 12:07:00,13.0937,80.31579,4.1,164.3,Fishing
419201006,MV KPL Carrier,2017-01-27 12:08:00,13.24888,80.346,0.2,91.2,Cargo
538301001,MT Gulf Carrier,2017-01-27 12:08:00,13.06928,80.54986,0.2,2.3,Tanker
636201001,MV Fortune Bulker,2017-01-27 12:08:00,11.87924,81.98412,13.8,282.5,Cargo
419201007,MV Sakthi Pride,2017-01-27 12:09:00,13.25073,80.3171,0,5.0,Cargo
419201002,MV APJ Kiran,2017-01-27 12:09:00,13.16003,80.49978,0.5,0.7,Cargo
419301004,MT POL Voyager,2017-01-27 12:09:00,13.24118,80.41948,0,359.9,Tanker
419201005,MV Eastern Star,2017-01-27 12:09:00,12.5902,81.13742,13.7,283.8,Cargo
419201010,MV KPL Vishal,2017-01-27 12:09:00,13.28193,79.9122,13.3,282.3,Cargo
566401001,MV Singapore Star,2017-01-27 12:09:00,11.75199,83.30837,15.1,10.2,Container
419501002,Chennai FV-02,2017-01-27 12:09:00,13.55206,80.59057,5.6,72.7,Fishing
419053900,MT Dawn Kanchipuram,2017-01-27 12:10:00,13.14387,80.96784,9.5,320.4,Tanker
419301001,MT Sanmar Spirit,2017-01-27 12:10:00,13.24485,80.37648,0.4,88.0,Tanker
419301003,MT Coromandel King,2017-01-27 12:10:00,13.2576,80.33955,0,356.6,Tanker
419301006,MT Triton,2017-01-27 12:10:00,13.26387,80.30908,0,357.9,Tanker
419301007,MT Bay Tanker,2017-01-27 12:10:00,13.15014,80.45994,0,1.0,Tanker
419201009,MV Ennore Pioneer,2017-01-27 12:10:00,12.16174,82.36385,12.8,283.3,Cargo
477401001,MV Pacific Highway,2017-01-27 12:10:00,11.21294,82.86542,17.1,6.4,Container
419501009,Kovalam FV-02,2017-01-27 12:10:00,12.73608,80.62105,3.9,105.0,Fishing
419201001,MV Vishakha Star,2017-01-27 12:11:00,13.20024,80.47125,0,0.6,Cargo
419301002,MT Chennai Petro,2017-01-27 12:11:00,13.09916,80.53114,0.2,359.5,Tanker
419201008,MV Chennai Bulk,2017-01-27 12:11:00,12.65201,81.28784,11.9,289.9,Cargo
419401002,MV Coromandel Trade,2017-01-27 12:11:00,13.10696,82.50308,13.9,2.3,Container
419301005,MT Coastal Trader,2017-01-27 12:11:00,13.48307,80.17525,9.9,312.3,Tanker
419501004,Ennore FV-11,2017-01-27 12:11:00,12.79395,80.62397,5.0,151.3,Fishing
419501011,Marina FV-01,2017-01-27 12:11:00,12.79549,80.513,4.0,135.7,Fishing
419501013,Ennore FV-21,2017-01-27 12:11:00,12.88539,80.36797,4.5,184.8,Fishing
419201003,MV Ennore Express,2017-01-27 12:12:00,13.27309,80.32154,0.1,355.5,Cargo
419201006,MV KPL Carrier,2017-01-27 12:12:00,13.24806,80.34519,0.5,86.7,Cargo
419501008,Kovalam FV-01,2017-01-27 12:12:00,12.32736,80.38451,5.0,166.1,Fishing
419501014,Chennai FV-11,2017-01-27 12:12:00,13.39685,80.11533,4.2,314.2,Fishing
419201004,MV Coastal Glory,2017-01-27 12:13:00,13.30071,80.3131,0.3,357.9,Cargo
419501006,Pulicat FV-01,2017-01-27 12:13:00,13.69894,80.50168,4.1,91.9,Fishing
419301003,MT Coromandel King,2017-01-27 12:14:00,13.25884,80.34239,0.5,2.3,Tanker
419201002,MV APJ Kiran,2017-01-27 12:14:00,13.16003,80.50067,0.4,358.3,Cargo
419301004,MT POL Voyager,2017-01-27 12:14:00,13.23951,80.42046,0,359.5,Tanker
419401001,MV Chennai Express,2017-01-27 12:14:00,11.29101,82.51731,14.8,0.4,Container
419501007,Pulicat FV-02,2017-01-27 12:14:00,13.60589,79.58763,4.1,260.9,Fishing
419201007,MV Sakthi Pride,2017-01-27 12:15:00,13.25104,80.31689,0,358.0,Cargo
538301001,MT Gulf Carrier,2017-01-27 12:15:00,13.07053,80.55182,0,358.8,Tanker
558201001,MV Coral Sea,2017-01-27 12:15:00,11.96922,82.64036,13.3,284.5,Cargo
419501012,Royapuram FV,2017-01-27 12:15:00,12.73202,80.65699,5.3,141.4,Fishing
419301001,MT Sanmar Spirit,2017-01-27 12:16:00,13.24239,80.37584,0,89.3,Tanker
419301006,MT Triton,2017-01-27 12:16:00,13.26467,80.31086,0,358.4,Tanker
419201005,MV Eastern Star,2017-01-27 12:16:00,12.59755,81.10719,13.4,281.7,Cargo
419401003,MV Bay Express,2017-01-27 12:16:00,14.80151,81.89971,14.4,359.6,Container
419601004,Tug Ennore,2017-01-27 12:16:00,13.24663,80.29729,3.8,289.8,Tug
419053900,MT Dawn Kanchipuram,2017-01-27 12:17:00,13.16225,80.95466,9.8,323.4,Tanker
419201004,MV Coastal Glory,2017-01-27 12:17:00,13.30076,80.31611,0,4.4,Cargo
419201001,MV Vishakha Star,2017-01-27 12:17:00,13.20061,80.47163,0.3,1.6,Cargo
419301002,MT Chennai Petro,2017-01-27 12:17:00,13.10168,80.53018,0.5,359.4,Tanker
419301007,MT Bay Tanker,2017-01-27 12:17:00,13.14873,80.45995,0.2,359.7,Tanker
419501003,Chennai FV-03,2017-01-27 12:17:00,13.07385,79.91462,3.6,230.6,Fishing
419201003,MV Ennore Express,2017-01-27 12:18:00,13.27562,80.32051,0.4,359.5,Cargo
419201006,MV KPL Carrier,2017-01-27 12:18:00,13.25002,80.34523,0.5,92.1,Cargo
636201001,MV Fortune Bulker,2017-01-27 12:18:00,11.88477,81.9527,13.8,275.3,Cargo
419501010,North FV-01,2017-01-27 12:18:00,13.4688,81.07442,5.5,63.8,Fishing
419601002,Tug KPL-2,2017-01-27 12:18:00,13.2371,80.29698,4.2,343.1,Tug
419201007,MV Sakthi Pride,2017-01-27 12:19:00,13.2524,80.31875,0.4,359.2,Cargo
419301003,MT Coromandel King,2017-01-27 12:19:00,13.25702,80.33979,0.2,358.4,Tanker
419201008,MV Chennai Bulk,2017-01-27 12:19:00,12.66062,81.26204,12.4,283.6,Cargo
419201009,MV Ennore Pioneer,2017-01-27 12:19:00,12.16698,82.33737,12.8,288.6,Cargo
419201010,MV KPL Vishal,2017-01-27 12:19:00,13.29194,79.88304,13.4,287.2,Cargo
419301005,MT Coastal Trader,2017-01-27 12:19:00,13.49753,80.15656,10.3,313.7,Tanker
419501001,Chennai FV-01,2017-01-27 12:19:00,13.17457,80.57588,3.7,119.0,Fishing
419301006,MT Triton,2017-01-27 12:20:00,13.26493,80.3084,0,358.0,Tanker
419201002,MV APJ Kiran,2017-01-27 12:20:00,13.16163,80.49981,0,0.7,Cargo
538301001,MT Gulf Carrier,2017-01-27 12:20:00,13.07019,80.54939,0.4,357.8,Tanker
419301004,MT POL Voyager,2017-01-27 12:21:00,13.24192,80.41908,0,357.6,Tanker
636401001,MV Atlantic Bridge,2017-01-27 12:21:00,17.14318,81.95019,16.5,353.3,Container
419201004,MV Coastal Glory,2017-01-27 12:22:00,13.30105,80.31442,0.2,1.9,Cargo
419301001,MT Sanmar Spirit,2017-01-27 12:22:00,13.24417,80.377,0.2,91.2,Tanker
419301002,MT Chennai Petro,2017-01-27 12:22:00,13.1005,80.53212,0.3,0.2,Tanker
419301007,MT Bay Tanker,2017-01-27 12:22:00,13.14988,80.45999,0.1,4.0,Tanker
419501015,North FV-21,2017-01-27 12:22:00,13.07393,80.31976,3.7,161.8,Fishing
419201003,MV Ennore Express,2017-01-27 12:23:00,13.27456,80.32129,0.3,357.8,Cargo
419201007,MV Sakthi Pride,2017-01-27 12:23:00,13.25109,80.31827,0.1,354.1,Cargo
419201001,MV Vishakha Star,2017-01-27 12:23:00,13.19948,80.47051,0.2,2.1,Cargo
419201005,MV Eastern Star,2017-01-27 12:23:00,12.60523,81.07696,13.6,284.0,Cargo
419601003,Pilot KPL,2017-01-27 12:23:00,13.25921,80.31335,3.6,90.7,Tug
419201006,MV KPL Carrier,2017-01-27 12:24:00,13.24773,80.34619,0,90.4,Cargo
419301003,MT Coromandel King,2017-01-27 12:24:00,13.25798,80.34034,0.1,358.5,Tanker
357401001,MV Orient Trader,2017-01-27 12:24:00,13.19286,82.34909,16.9,9.0,Container
419601001,Tug KPL-1,2017-01-27 12:24:00,13.21941,80.2941,3.9,115.5,Tug
419201002,MV APJ Kiran,2017-01-27 12:25:00,13.16281,80.50025,0.4,0.6,Cargo
558201001,MV Coral Sea,2017-01-27 12:25:00,11.97546,82.61144,13.4,284.9,Cargo
419201010,MV KPL Vishal,2017-01-27 12:25:00,13.30289,79.85591,13.3,291.1,Cargo
419053900,MT Dawn Kanchipuram,2017-01-27 12:26:00,13.17954,80.93969,9.7,320.4,Tanker
419301006,MT Triton,2017-01-27 12:26:00,13.26367,80.3096,0,1.1,Tanker
419301004,MT POL Voyager,2017-01-27 12:26:00,13.24099,80.41996,0,359.7,Tanker
538301001,MT Gulf Carrier,2017-01-27 12:26:00,13.07138,80.54972,0.0,358.5,Tanker
566401001,MV Singapore Star,2017-01-27 12:26:00,11.81364,83.31769,15.2,7.4,Container
419501005,Ennore FV-12,2017-01-27 12:26:00,13.40579,79.8744,5.3,291.9,Fishing
419501009,Kovalam FV-02,2017-01-27 12:26:00,12.7353,80.63801,3.8,98.4,Fishing
419201003,MV Ennore Express,2017-01-27 12:27:00,13.27587,80.32054,0.2,0.4,Cargo
636201001,MV Fortune Bulker,2017-01-27 12:27:00,11.89032,81.9227,13.9,282.6,Cargo
419201009,MV Ennore Pioneer,2017-01-27 12:27:00,12.17325,82.30978,12.8,282.1,Cargo
419401001,MV Chennai Express,2017-01-27 12:27:00,11.35361,82.51927,14.7,0.2,Container
477401001,MV Pacific Highway,2017-01-27 12:27:00,11.28644,82.86849,17.2,3.7,Container
419301005,MT Coastal Trader,2017-01-27 12:27:00,13.51089,80.13969,9.9,312.3,Tanker
419501007,Pulicat FV-02,2017-01-27 12:27:00,13.6023,79.56708,4.3,265.5,Fishing
419201004,MV Coastal Glory,2017-01-27 12:28:00,13.30261,80.31536,0.4,356.9,Cargo
419201006,MV KPL Carrier,2017-01-27 12:28:00,13.24737,80.34592,0.3,89.5,Cargo
419301001,MT Sanmar Spirit,2017-01-27 12:28:00,13.24429,80.37621,0,91.4,Tanker
419201008,MV Chennai Bulk,2017-01-27 12:28:00,12.66943,81.2343,12.1,284.3,Cargo
419401002,MV Coromandel Trade,2017-01-27 12:28:00,13.16694,82.50674,13.8,4.5,Container
419201007,MV Sakthi Pride,2017-01-27 12:29:00,13.25245,80.31784,0.4,0.9,Cargo
419301003,MT Coromandel King,2017-01-27 12:29:00,13.25804,80.33917,0,1.3,Tanker
419301002,MT Chennai Petro,2017-01-27 12:29:00,13.09944,80.52984,0.3,2.1,Tanker
419301007,MT Bay Tanker,2017-01-27 12:29:00,13.15007,80.46039,0,359.4,Tanker
419501004,Ennore FV-11,2017-01-27 12:29:00,12.77344,80.63514,4.6,150.4,Fishing
419201001,MV Vishakha Star,2017-01-27 12:30:00,13.20137,80.47082,0.0,4.2,Cargo
419201002,MV APJ Kiran,2017-01-27 12:30:00,13.16253,80.49905,0.0,358.2,Cargo
419401003,MV Bay Express,2017-01-27 12:30:00,14.85707,81.89514,14.5,355.3,Container
419301006,MT Triton,2017-01-27 12:31:00,13.26631,80.31021,0,357.0,Tanker
419301004,MT POL Voyager,2017-01-27 12:31:00,13.2421,80.41961,0.4,357.6,Tanker
419201005,MV Eastern Star,2017-01-27 12:31:00,12.61502,81.04709,13.3,292.0,Cargo
419501014,Chennai FV-11,2017-01-27 12:31:00,13.41204,80.10175,3.8,317.9,Fishing
419201006,MV KPL Carrier,2017-01-27 12:32:00,13.2476,80.34583,0,90.5,Cargo
419301001,MT Sanmar Spirit,2017-01-27 12:32:00,13.24482,80.37648,0.3,85.7,Tanker
419501002,Chennai FV-02,2017-01-27 12:32:00,13.5608,80.61676,5.5,69.8,Fishing
419501011,Marina FV-01,2017-01-27 12:32:00,12.77932,80.52888,3.6,140.6,Fishing
419201003,MV Ennore Express,2017-01-27 12:33:00,13.27595,80.31939,0.7,3.6,Cargo
419201004,MV Coastal Glory,2017-01-27 12:33:00,13.30153,80.31531,0.2,0.1,Cargo
419301003,MT Coromandel King,2017-01-27 12:33:00,13.25804,80.33917,0.5,0.5,Tanker
538301001,MT Gulf Carrier,2017-01-27 12:33:00,13.07268,80.54947,0,358.9,Tanker
558201001,MV Coral Sea,2017-01-27 12:33:00,11.9805,82.58022,13.3,283.3,Cargo
419501006,Pulicat FV-01,2017-01-27 12:33:00,13.70046,80.52066,3.6,89.2,Fishing
419501008,Kovalam FV-01,2017-01-27 12:33:00,12.30437,80.38958,4.7,166.9,Fishing
419501012,Royapuram FV,2017-01-27 12:33:00,12.71339,80.67285,5.0,139.4,Fishing
419501013,Ennore FV-21,2017-01-27 12:33:00,12.8632,80.36526,4.9,184.4,Fishing
419053900,MT Dawn Kanchipuram,2017-01-27 12:34:00,13.1962,80.92654,9.9,324.4,Tanker
419201008,MV Chennai Bulk,2017-01-27 12:34:00,12.67427,81.20768,12.5,286.9,Cargo
419201009,MV Ennore Pioneer,2017-01-27 12:34:00,12.1794,82.2803,12.8,286.3,Cargo
419201010,MV KPL Vishal,2017-01-27 12:34:00,13.31468,79.82535,13.4,291.6,Cargo
419501001,Chennai FV-01,2017-01-27 12:34:00,13.16486,80.59483,4.0,121.2,Fishing
419201007,MV Sakthi Pride,2017-01-27 12:35:00,13.25174,80.31891,0.0,359.6,Cargo
419201002,MV APJ Kiran,2017-01-27 12:35:00,13.16303,80.49791,0.5,358.6,Cargo
419301002,MT Chennai Petro,2017-01-27 12:35:00,13.1014,80.53032,0.2,0.7,Tanker
419301007,MT Bay Tanker,2017-01-27 12:35:00,13.14957,80.45904,0,357.7,Tanker
636401001,MV Atlantic Bridge,2017-01-27 12:35:00,17.21161,81.94284,16.7,353.6,Container
419301005,MT Coastal Trader,2017-01-27 12:35:00,13.52752,80.12101,10.1,311.6,Tanker
419501003,Chennai FV-03,2017-01-27 12:35:00,13.06225,79.90056,3.8,229.6,Fishing
419201006,MV KPL Carrier,2017-01-27 12:36:00,13.24771,80.34577,0.7,88.2,Cargo
419201001,MV Vishakha Star,2017-01-27 12:36:00,13.20169,80.46992,0.2,359.2,Cargo
636201001,MV Fortune Bulker,2017-01-27 12:36:00,11.89418,81.89137,14.1,277.9,Cargo
419601001,Tug KPL-1,2017-01-27 12:36:00,13.21281,80.27853,3.7,325.5,Tug
419601002,Tug KPL-2,2017-01-27 12:36:00,13.25187,80.27669,4.0,174.5,Tug
419601004,Tug Ennore,2017-01-27 12:36:00,13.26678,80.2761,4.6,8.2,Tug
419201003,MV Ennore Express,2017-01-27 12:37:00,13.27544,80.31783,0.2,359.7,Cargo
419301003,MT Coromandel King,2017-01-27 12:37:00,13.258,80.34043,0.3,2.3,Tanker
419301006,MT Triton,2017-01-27 12:37:00,13.26434,80.31074,0.1,359.6,Tanker
419201004,MV Coastal Glory,2017-01-27 12:38:00,13.30225,80.31525,0.6,1.7,Cargo
419301001,MT Sanmar Spirit,2017-01-27 12:38:00,13.24343,80.37768,0,88.8,Tanker
419301004,MT POL Voyager,2017-01-27 12:38:00,13.2406,80.41898,0.3,0.9,Tanker
419201005,MV Eastern Star,2017-01-27 12:38:00,12.62188,81.0173,14.1,284.3,Cargo
357401001,MV Orient Trader,2017-01-27 12:38:00,13.26199,82.35897,16.8,6.1,Container
419201007,MV Sakthi Pride,2017-01-27 12:39:00,13.2526,80.31866,0,358.8,Cargo
419401001,MV Chennai Express,2017-01-27 12:39:00,11.41463,82.52266,14.6,1.8,Container
566401001,MV Singapore Star,2017-01-27 12:39:00,11.87755,83.32563,15.5,11.7,Container
419501010,North FV-01,2017-01-27 12:39:00,13.48264,81.10104,5.8,63.0,Fishing
419301002,MT Chennai Petro,2017-01-27 12:40:00,13.10179,80.52925,0.1,358.3,Tanker
538301001,MT Gulf Carrier,2017-01-27 12:40:00,13.07078,80.54696,0.3,1.5,Tanker
419401002,MV Coromandel Trade,2017-01-27 12:40:00,13.22216,82.50731,13.7,2.0,Container
419501009,Kovalam FV-02,2017-01-27 12:40:00,12.73223,80.65633,3.9,99.5,Fishing
419201003,MV Ennore Express,2017-01-27 12:41:00,13.27336,80.32225,0,357.8,Cargo
419201006,MV KPL Carrier,2017-01-27 12:41:00,13.2488,80.34465,0,89.8,Cargo
419301006,MT Triton,2017-01-27 12:41:00,13.26387,80.30992,0,2.5,Tanker
419201001,MV Vishakha Star,2017-01-27 12:41:00,13.20019,80.47169,0,0.5,Cargo
419201002,MV APJ Kiran,2017-01-27 12:41:00,13.16224,80.50068,0.1,359.0,Cargo
419301007,MT Bay Tanker,2017-01-27 12:41:00,13.14902,80.45872,0.3,3.1,Tanker
419201008,MV Chennai Bulk,2017-01-27 12:41:00,12.68341,81.18171,12.6,288.1,Cargo
419301001,MT Sanmar Spirit,2017-01-27 12:42:00,13.24365,80.37661,0.5,91.2,Tanker
419301003,MT Coromandel King,2017-01-27 12:42:00,13.25912,80.34084,0.3,0.9,Tanker
419201010,MV KPL Vishal,2017-01-27 12:42:00,13.32391,79.79833,13.5,291.6,Cargo
419501015,North FV-21,2017-01-27 12:42:00,13.05182,80.32593,4.0,163.1,Fishing
419601003,Pilot KPL,2017-01-27 12:42:00,13.27034,80.32159,4.2,10.3,Tug
419053900,MT Dawn Kanchipuram,2017-01-27 12:43:00,13.21289,80.91348,10.0,324.1,Tanker
419201004,MV Coastal Glory,2017-01-27 12:43:00,13.3022,80.31519,0.4,356.7,Cargo
558201001,MV Coral Sea,2017-01-27 12:43:00,11.98746,82.55092,13.0,285.0,Cargo
419201009,MV Ennore Pioneer,2017-01-27 12:43:00,12.18747,82.2517,12.7,283.8,Cargo
477401001,MV Pacific Highway,2017-01-27 12:43:00,11.35696,82.87582,17.4,5.4,Container
419501005,Ennore FV-12,2017-01-27 12:43:00,13.41392,79.84982,5.1,286.2,Fishing
419301005,MT Coastal Trader,2017-01-27 12:44:00,13.54179,80.10562,10.1,310.6,Tanker
419201003,MV Ennore Express,2017-01-27 12:45:00,13.2755,80.31853,0.1,355.0,Cargo
419201006,MV KPL Carrier,2017-01-27 12:45:00,13.24927,80.347,0.1,92.5,Cargo
419201007,MV Sakthi Pride,2017-01-27 12:45:00,13.25293,80.31668,0.4,1.1,Cargo
419301006,MT Triton,2017-01-27 12:45:00,13.26633,80.31039,0.3,357.3,Tanker
419301002,MT Chennai Petro,2017-01-27 12:45:00,13.1001,80.52923,0.3,1.2,Tanker
419301004,MT POL Voyager,2017-01-27 12:45:00,13.24068,80.42143,0,1.6,Tanker
538301001,MT Gulf Carrier,2017-01-27 12:45:00,13.0709,80.55126,0,0.1,Tanker
419301001,MT Sanmar Spirit,2017-01-27 12:46:00,13.24319,80.37941,0.4,86.4,Tanker
419301003,MT Coromandel King,2017-01-27 12:46:00,13.25805,80.33991,0.4,358.2,Tanker
419201002,MV APJ Kiran,2017-01-27 12:46:00,13.16091,80.5004,0.0,1.4,Cargo
419301007,MT Bay Tanker,2017-01-27 12:46:00,13.14914,80.46006,0,359.5,Tanker
636201001,MV Fortune Bulker,2017-01-27 12:46:00,11.89979,81.86001,14.1,281.9,Cargo
419501006,Pulicat FV-01,2017-01-27 12:46:00,13.69789,80.54286,4.0,89.6,Fishing
419501008,Kovalam FV-01,2017-01-27 12:46:00,12.28153,80.3966,5.2,166.3,Fishing
419501012,Royapuram FV,2017-01-27 12:46:00,12.69484,80.69076,5.0,134.8,Fishing
419201001,MV Vishakha Star,2017-01-27 12:47:00,13.20101,80.47046,0,358.4,Cargo
419201005,MV Eastern Star,2017-01-27 12:47:00,12.629,80.98768,13.8,288.7,Cargo
419201008,MV Chennai Bulk,2017-01-27 12:47:00,12.6925,81.15399,12.2,286.6,Cargo
636401001,MV Atlantic Bridge,2017-01-27 12:47:00,17.2812,81.93708,16.2,355.6,Container
419401003,MV Bay Express,2017-01-27 12:47:00,14.91723,81.88925,14.0,355.5,Container
419501011,Marina FV-01,2017-01-27 12:47:00,12.76326,80.54336,3.8,139.0,Fishing
419501002,Chennai FV-02,2017-01-27 12:48:00,13.57134,80.64351,5.3,70.2,Fishing
419501007,Pulicat FV-02,2017-01-27 12:48:00,13.60081,79.54509,4.2,263.6,Fishing
419053900,MT Dawn Kanchipuram,2017-01-27 12:49:00,13.23108,80.89906,9.8,323.1,Tanker
419201004,MV Coastal Glory,2017-01-27 12:49:00,13.30248,80.31569,0,1.5,Cargo
419201006,MV KPL Carrier,2017-01-27 12:49:00,13.24868,80.34664,0,89.3,Cargo
419301006,MT Triton,2017-01-27 12:49:00,13.26617,80.30955,0,355.2,Tanker
419201009,MV Ennore Pioneer,2017-01-27 12:49:00,12.19232,82.22276,13.4,278.8,Cargo
419501003,Chennai FV-03,2017-01-27 12:49:00,13.04978,79.88553,3.8,234.8,Fishing
419501004,Ennore FV-11,2017-01-27 12:49:00,12.75405,80.64713,4.5,152.0,Fishing
419201007,MV Sakthi Pride,2017-01-27 12:50:00,13.25129,80.31956,0,356.3,Cargo
419301003,MT Coromandel King,2017-01-27 12:50:00,13.25749,80.33949,0.1,2.1,Tanker
419301004,MT POL Voyager,2017-01-27 12:50:00,13.24161,80.41944,0.2,359.4,Tanker
419201010,MV KPL Vishal,2017-01-27 12:50:00,13.33321,79.77043,13.4,286.2,Cargo
419201003,MV Ennore Express,2017-01-27 12:51:00,13.27823,80.31987,0.2,0.4,Cargo
419301001,MT Sanmar Spirit,2017-01-27 12:51:00,13.24401,80.3771,0.6,92.4,Tanker
419201002,MV APJ Kiran,2017-01-27 12:51:00,13.1635,80.50082,0.4,1.5,Cargo
538301001,MT Gulf Carrier,2017-01-27 12:51:00,13.07102,80.55008,0,1.0,Tanker
419301005,MT Coastal Trader,2017-01-27 12:51:00,13.55687,80.08658,9.9,307.7,Tanker
419501014,Chennai FV-11,2017-01-27 12:51:00,13.42608,80.08577,3.5,315.5,Fishing
419301002,MT Chennai Petro,2017-01-27 12:52:00,13.1017,80.53084,0.1,358.6,Tanker
419301007,MT Bay Tanker,2017-01-27 12:52:00,13.14985,80.45918,0.0,359.5,Tanker
419401001,MV Chennai Express,2017-01-27 12:52:00,11.47765,82.52461,14.8,0.2,Container
566401001,MV Singapore Star,2017-01-27 12:52:00,11.94175,83.33346,15.4,7.1,Container
357401001,MV Orient Trader,2017-01-27 12:52:00,13.33182,82.36481,16.7,5.8,Container
419501001,Chennai FV-01,2017-01-27 12:52:00,13.15286,80.61201,4.0,122.0,Fishing
419201004,MV Coastal Glory,2017-01-27 12:53:00,13.30291,80.31459,0,0.2,Cargo
419301006,MT Triton,2017-01-27 12:53:00,13.26531,80.31078,0.4,357.9,Tanker
419201005,MV Eastern Star,2017-01-27 12:53:00,12.63666,80.95573,14.1,282.5,Cargo
558201001,MV Coral Sea,2017-01-27 12:53:00,11.99307,82.52084,13.6,281.3,Cargo
636201001,MV Fortune Bulker,2017-01-27 12:53:00,11.90613,81.82924,14.0,280.9,Cargo
419201006,MV KPL Carrier,2017-01-27 12:54:00,13.24787,80.34716,0.2,94.9,Cargo
419201001,MV Vishakha Star,2017-01-27 12:54:00,13.20206,80.46991,0,0.8,Cargo
419501009,Kovalam FV-02,2017-01-27 12:54:00,12.72776,80.67586,3.5,101.5,Fishing
419301004,MT POL Voyager,2017-01-27 12:55:00,13.24192,80.42046,0.1,4.2,Tanker
419501013,Ennore FV-21,2017-01-27 12:55:00,12.84187,80.36237,4.3,182.5,Fishing
419201003,MV Ennore Express,2017-01-27 12:56:00,13.27577,80.32091,0.3,1.3,Cargo
419201007,MV Sakthi Pride,2017-01-27 12:56:00,13.25311,80.31868,0,358.5,Cargo
419301001,MT Sanmar Spirit,2017-01-27 12:56:00,13.24405,80.37846,0,90.8,Tanker
419301003,MT Coromandel King,2017-01-27 12:56:00,13.25792,80.33975,0,2.4,Tanker
538301001,MT Gulf Carrier,2017-01-27 12:56:00,13.07276,80.55035,0,3.8,Tanker
419201009,MV Ennore Pioneer,2017-01-27 12:56:00,12.19961,82.19396,12.6,280.7,Cargo
419201010,MV KPL Vishal,2017-01-27 12:56:00,13.34347,79.74247,13.1,289.0,Cargo
477401001,MV Pacific Highway,2017-01-27 12:56:00,11.42839,82.88216,17.1,8.6,Container
419053900,MT Dawn Kanchipuram,2017-01-27 12:57:00,13.24676,80.88435,10.1,322.9,Tanker
419301006,MT Triton,2017-01-27 12:57:00,13.26319,80.31112,0.2,1.7,Tanker
419301007,MT Bay Tanker,2017-01-27 12:57:00,13.15119,80.45955,0.1,1.4,Tanker
419201008,MV Chennai Bulk,2017-01-27 12:57:00,12.6999,81.12519,12.2,286.7,Cargo
419601002,Tug KPL-2,2017-01-27 12:57:00,13.24615,80.29607,3.7,84.8,Tug
419601003,Pilot KPL,2017-01-27 12:57:00,13.26012,80.33419,3.6,298.1,Tug
419201006,MV KPL Carrier,2017-01-27 12:58:00,13.24775,80.34781,0,84.0,Cargo
419201002,MV APJ Kiran,2017-01-27 12:58:00,13.1661,80.49899,0.2,1.7,Cargo
419301002,MT Chennai Petro,2017-01-27 12:58:00,13.10202,80.53116,0.7,0.4,Tanker
419401002,MV Coromandel Trade,2017-01-27 12:58:00,13.28288,82.51098,14.3,358.6,Container
419201004,MV Coastal Glory,2017-01-27 12:59:00,13.30326,80.31712,0.0,356.8,Cargo
419201001,MV Vishakha Star,2017-01-27 12:59:00,13.20155,80.47102,0.1,1.4,Cargo
636401001,MV Atlantic Bridge,2017-01-27 12:59:00,17.3494,81.93149,16.7,352.1,Container
419501005,Ennore FV-12,2017-01-27 12:59:00,13.42167,79.82433,5.2,289.1,Fishing
419201003,MV Ennore Express,2017-01-27 13:00:00,13.27663,80.31945,0.2,2.0,Cargo
419201007,MV Sakthi Pride,2017-01-27 13:00:00,13.25251,80.31621,0.2,359.8,Cargo
419301004,MT POL Voyager,2017-01-27 13:00:00,13.24184,80.41939,0,1.4,Tanker
558201001,MV Coral Sea,2017-01-27 13:00:00,12.00012,82.49218,13.8,278.4,Cargo
419501010,North FV-01,2017-01-27 13:00:00,13.49581,81.1271,6.3,61.5,Fishing
419301006,MT Triton,2017-01-27 13:01:00,13.264,80.30931,0,360.0,Tanker
419301005,MT Coastal Trader,2017-01-27 13:01:00,13.57203,80.07017,10.3,312.4,Tanker
419601001,Tug KPL-1,2017-01-27 13:01:00,13.22845,80.28245,4.0,224.8,Tug
419301001,MT Sanmar Spirit,2017-01-27 13:02:00,13.24413,80.378,0.8,90.4,Tanker
419301003,MT Coromandel King,2017-01-27 13:02:00,13.25788,80.34041,0.2,357.8,Tanker
636201001,MV Fortune Bulker,2017-01-27 13:02:00,11.90981,81.79958,13.8,278.7,Cargo
419201009,MV Ennore Pioneer,2017-01-27 13:02:00,12.20614,82.1666,13.1,285.1,Cargo
419501002,Chennai FV-02,2017-01-27 13:02:00,13.57902,80.66936,5.2,70.4,Fishing
419201006,MV KPL Carrier,2017-01-27 13:03:00,13.24738,80.34727,0.1,85.8,Cargo
419301002,MT Chennai Petro,2017-01-27 13:03:00,13.10155,80.53092,0.3,2.5,Tanker
419301007,MT Bay Tanker,2017-01-27 13:03:00,13.15142,80.46026,0.1,1.8,Tanker
538301001,MT Gulf Carrier,2017-01-27 13:03:00,13.07082,80.54931,0.2,356.8,Tanker
419201005,MV Eastern Star,2017-01-27 13:03:00,12.64497,80.92482,13.8,284.2,Cargo
419201010,MV KPL Vishal,2017-01-27 13:03:00,13.35461,79.71318,13.4,289.6,Cargo
419401003,MV Bay Express,2017-01-27 13:03:00,14.97484,81.88404,14.1,354.7,Container
419401001,MV Chennai Express,2017-01-27 13:04:00,11.54087,82.52378,15.1,359.8,Container
419601004,Tug Ennore,2017-01-27 13:04:00,13.26158,80.30852,4.2,350.4,Tug
419201003,MV Ennore Express,2017-01-27 13:05:00,13.27696,80.32117,0.2,0.4,Cargo
419201004,MV Coastal Glory,2017-01-27 13:05:00,13.30268,80.31536,0.1,3.7,Cargo
419201002,MV APJ Kiran,2017-01-27 13:05:00,13.16592,80.50092,0,357.0,Cargo
419201008,MV Chennai Bulk,2017-01-27 13:05:00,12.70779,81.09852,12.5,286.3,Cargo
357401001,MV Orient Trader,2017-01-27 13:05:00,13.40159,82.37102,16.7,8.8,Container
419501015,North FV-21,2017-01-27 13:05:00,13.03456,80.33303,4.0,165.3,Fishing
419201007,MV Sakthi Pride,2017-01-27 13:06:00,13.25053,80.31795,0.2,1.0,Cargo
419301003,MT Coromandel King,2017-01-27 13:06:00,13.25855,80.33901,0.2,0.4,Tanker
419301006,MT Triton,2017-01-27 13:06:00,13.2635,80.31031,0.2,1.3,Tanker
419201001,MV Vishakha Star,2017-01-27 13:06:00,13.20216,80.47014,0,1.7,Cargo
419301004,MT POL Voyager,2017-01-27 13:06:00,13.24168,80.42067,0,358.2,Tanker
566401001,MV Singapore Star,2017-01-27 13:06:00,12.00455,83.34359,15.4,9.8,Container
419501003,Chennai FV-03,2017-01-27 13:06:00,13.0369,79.86922,3.1,230.2,Fishing
419501004,Ennore FV-11,2017-01-27 13:06:00,12.73424,80.65913,4.8,149.8,Fishing
419053900,MT Dawn Kanchipuram,2017-01-27 13:07:00,13.26532,80.87147,9.9,318.3,Tanker
419201006,MV KPL Carrier,2017-01-27 13:07:00,13.24686,80.34788,0,88.0,Cargo
419301001,MT Sanmar Spirit,2017-01-27 13:07:00,13.24264,80.37989,0.3,88.1,Tanker
419301005,MT Coastal Trader,2017-01-27 13:07:00,13.58771,80.05421,10.3,311.0,Tanker
419501006,Pulicat FV-01,2017-01-27 13:07:00,13.69882,80.56256,4.0,90.2,Fishing
419501008,Kovalam FV-01,2017-01-27 13:08:00,12.25847,80.40161,4.5,164.1,Fishing
419501011,Marina FV-01,2017-01-27 13:08:00,12.74724,80.55849,4.4,136.5,Fishing
419501012,Royapuram FV,2017-01-27 13:08:00,12.67611,80.70636,4.9,140.5,Fishing
419201004,MV Coastal Glory,2017-01-27 13:09:00,13.3036,80.31416,0.2,6.5,Cargo
538301001,MT Gulf Carrier,2017-01-27 13:09:00,13.07327,80.55044,0,357.5,Tanker
419201009,MV Ennore Pioneer,2017-01-27 13:09:00,12.2111,82.13831,12.9,281.1,Cargo
477401001,MV Pacific Highway,2017-01-27 13:09:00,11.49913,82.88877,17.0,3.6,Container
419301003,MT Coromandel King,2017-01-27 13:10:00,13.25808,80.33861,0.3,0.7,Tanker
419301002,MT Chennai Petro,2017-01-27 13:10:00,13.10134,80.53007,0.6,358.8,Tanker
419301007,MT Bay Tanker,2017-01-27 13:10:00,13.14842,80.46019,0.4,357.3,Tanker
558201001,MV Coral Sea,2017-01-27 13:10:00,12.00641,82.46045,13.5,283.6,Cargo
419501001,Chennai FV-01,2017-01-27 13:10:00,13.14441,80.63017,3.8,122.9,Fishing
419501013,Ennore FV-21,2017-01-27 13:10:00,12.81799,80.3608,4.6,181.9,Fishing
419201003,MV Ennore Express,2017-01-27 13:11:00,13.27613,80.31932,0.3,358.7,Cargo
419201006,MV KPL Carrier,2017-01-27 13:11:00,13.24876,80.34792,0.0,91.0,Cargo
419301001,MT Sanmar Spirit,2017-01-27 13:11:00,13.24276,80.37972,0.3,92.2,Tanker
419301004,MT POL Voyager,2017-01-27 13:11:00,13.24231,80.41873,0.3,359.8,Tanker
419501007,Pulicat FV-02,2017-01-27 13:11:00,13.59833,79.52175,4.0,263.8,Fishing
419201007,MV Sakthi Pride,2017-01-27 13:12:00,13.25399,80.31897,0.2,1.3,Cargo
419301006,MT Triton,2017-01-27 13:12:00,13.26562,80.31002,0,0.7,Tanker
419201001,MV Vishakha Star,2017-01-27 13:12:00,13.20058,80.46905,0,358.3,Cargo
419201002,MV APJ Kiran,2017-01-27 13:12:00,13.16517,80.50152,0.2,359.8,Cargo
636201001,MV Fortune Bulker,2017-01-27 13:12:00,11.91606,81.76472,13.7,274.0,Cargo
419201004,MV Coastal Glory,2017-01-27 13:13:00,13.30528,80.316,0.1,0.3,Cargo
419201005,MV Eastern Star,2017-01-27 13:13:00,12.653,80.89603,13.6,286.1,Cargo
419201008,MV Chennai Bulk,2017-01-27 13:13:00,12.71537,81.07175,11.9,283.6,Cargo
419201010,MV KPL Vishal,2017-01-27 13:13:00,13.3626,79.68534,13.0,287.1,Cargo
419301005,MT Coastal Trader,2017-01-27 13:13:00,13.60389,80.03635,10.3,311.4,Tanker
419501014,Chennai FV-11,2017-01-27 13:13:00,13.43968,80.07192,3.6,316.1,Fishing
419301003,MT Coromandel King,2017-01-27 13:14:00,13.25933,80.34047,0.2,0.3,Tanker
419053900,MT Dawn Kanchipuram,2017-01-27 13:15:00,13.28234,80.85886,9.6,326.9,Tanker
419301001,MT Sanmar Spirit,2017-01-27 13:15:00,13.24172,80.37994,0,87.8,Tanker
636401001,MV Atlantic Bridge,2017-01-27 13:15:00,17.41708,81.92495,16.4,354.4,Container
419401002,MV Coromandel Trade,2017-01-27 13:15:00,13.34085,82.51493,13.9,2.1,Container
419301004,MT POL Voyager,2017-01-27 13:16:00,13.24245,80.41895,0.0,357.3,Tanker
538301001,MT Gulf Carrier,2017-01-27 13:16:00,13.07262,80.55041,0.2,2.7,Tanker
419501002,Chennai FV-02,2017-01-27 13:16:00,13.58868,80.69215,5.4,71.8,Fishing
419501010,North FV-01,2017-01-27 13:16:00,13.51079,81.15318,5.4,63.8,Fishing
419201003,MV Ennore Express,2017-01-27 13:17:00,13.27612,80.32012,0.4,0.5,Cargo
419201006,MV KPL Carrier,2017-01-27 13:17:00,13.24811,80.34802,0.1,86.9,Cargo
419301002,MT Chennai Petro,2017-01-27 13:17:00,13.10216,80.52944,0.4,0.8,Tanker
419301007,MT Bay Tanker,2017-01-27 13:17:00,13.1488,80.46137,0.3,359.7,Tanker
558201001,MV Coral Sea,2017-01-27 13:17:00,12.01162,82.43045,13.6,280.4,Cargo
419401001,MV Chennai Express,2017-01-27 13:17:00,11.6013,82.52867,14.6,358.9,Container
357401001,MV Orient Trader,2017-01-27 13:17:00,13.47129,82.38096,17.1,4.9,Container
419501009,Kovalam FV-02,2017-01-27 13:17:00,12.72522,80.69451,3.5,101.8,Fishing
419201007,MV Sakthi Pride,2017-01-27 13:18:00,13.25013,80.31766,0.3,359.7,Cargo
419301006,MT Triton,2017-01-27 13:18:00,13.26469,80.31045,0.0,357.3,Tanker
636201001,MV Fortune Bulker,2017-01-27 13:18:00,11.92158,81.73569,13.7,280.7,Cargo
419501005,Ennore FV-12,2017-01-27 13:18:00,13.42842,79.80109,5.3,293.9,Fishing
419601001,Tug KPL-1,2017-01-27 13:18:00,13.23815,80.28139,4.0,117.6,Tug
419201004,MV Coastal Glory,2017-01-27 13:19:00,13.30572,80.31464,0.0,358.9,Cargo
419301001,MT Sanmar Spirit,2017-01-27 13:19:00,13.24406,80.38059,0,87.0,Tanker
419201001,MV Vishakha Star,2017-01-27 13:19:00,13.20055,80.47016,0,357.7,Cargo
419201002,MV APJ Kiran,2017-01-27 13:19:00,13.16429,80.49849,0.2,358.7,Cargo
419201009,MV Ennore Pioneer,2017-01-27 13:19:00,12.21884,82.10965,12.5,285.4,Cargo
419301003,MT Coromandel King,2017-01-27 13:20:00,13.25989,80.34019,0.4,360.0,Tanker
419601002,Tug KPL-2,2017-01-27 13:20:00,13.24844,80.31217,4.2,83.0,Tug
538301001,MT Gulf Carrier,2017-01-27 13:21:00,13.07095,80.54931,0.1,0.2,Tanker
419201010,MV KPL Vishal,2017-01-27 13:21:00,13.37451,79.65733,12.8,290.5,Cargo
419401003,MV Bay Express,2017-01-27 13:21:00,15.03371,81.8801,14.0,354.8,Container
419601004,Tug Ennore,2017-01-27 13:21:00,13.27125,80.28204,4.6,43.7,Tug
419053900,MT Dawn Kanchipuram,2017-01-27 13:22:00,13.30001,80.84597,9.3,319.0,Tanker
419201006,MV KPL Carrier,2017-01-27 13:22:00,13.24912,80.34886,0,95.0,Cargo
419301002,MT Chennai Petro,2017-01-27 13:22:00,13.10209,80.53186,0.0,356.6,Tanker
419301004,MT POL Voyager,2017-01-27 13:22:00,13.24061,80.42047,0,359.9,Tanker
419201005,MV Eastern Star,2017-01-27 13:22:00,12.66118,80.86529,13.7,284.8,Cargo
419201008,MV Chennai Bulk,2017-01-27 13:22:00,12.72269,81.04634,12.2,290.5,Cargo
419301005,MT Coastal Trader,2017-01-27 13:22:00,13.61829,80.0188,10.2,312.0,Tanker
419201003,MV Ennore Express,2017-01-27 13:23:00,13.27614,80.32104,0.3,3.5,Cargo
419201007,MV Sakthi Pride,2017-01-27 13:23:00,13.25152,80.31768,0.3,3.3,Cargo
419301001,MT Sanmar Spirit,2017-01-27 13:23:00,13.24373,80.37927,0.3,90.9,Tanker
419301006,MT Triton,2017-01-27 13:23:00,13.2642,80.31094,0.2,358.3,Tanker
477401001,MV Pacific Highway,2017-01-27 13:23:00,11.571,82.89671,17.8,7.6,Container
419501003,Chennai FV-03,2017-01-27 13:23:00,13.02647,79.853,4.0,229.3,Fishing
419501006,Pulicat FV-01,2017-01-27 13:23:00,13.69889,80.58075,4.1,88.1,Fishing
419201004,MV Coastal Glory,2017-01-27 13:24:00,13.30279,80.31532,0,359.4,Cargo
419201001,MV Vishakha Star,2017-01-27 13:24:00,13.20326,80.47115,0.3,359.8,Cargo
419301007,MT Bay Tanker,2017-01-27 13:24:00,13.14972,80.46032,0,3.6,Tanker
566401001,MV Singapore Star,2017-01-27 13:24:00,12.06879,83.35354,15.1,9.5,Container
419501015,North FV-21,2017-01-27 13:24:00,13.01427,80.33792,3.9,162.9,Fishing
419601003,Pilot KPL,2017-01-27 13:24:00,13.26836,80.29923,3.8,189.6,Tug
419301003,MT Coromandel King,2017-01-27 13:25:00,13.25848,80.3383,0.3,359.7,Tanker
419501011,Marina FV-01,2017-01-27 13:25:00,12.73257,80.57225,4.2,140.0,Fishing
419501013,Ennore FV-21,2017-01-27 13:25:00,12.79706,80.35945,4.5,186.0,Fishing
419201002,MV APJ Kiran,2017-01-27 13:26:00,13.16548,80.50133,0.2,358.9,Cargo
558201001,MV Coral Sea,2017-01-27 13:26:00,12.01772,82.40047,13.2,287.5,Cargo
636201001,MV Fortune Bulker,2017-01-27 13:26:00,11.92653,81.70266,14.3,278.5,Cargo
419501008,Kovalam FV-01,2017-01-27 13:26:00,12.23456,80.40884,4.8,169.5,Fishing
419201010,MV KPL Vishal,2017-01-27 13:27:00,13.3836,79.62713,13.5,289.6,Cargo
419501007,Pulicat FV-02,2017-01-27 13:27:00,13.59848,79.50138,4.1,262.1,Fishing
419501012,Royapuram FV,2017-01-27 13:27:00,12.6565,80.72482,4.9,141.2,Fishing
419053900,MT Dawn Kanchipuram,2017-01-27 13:28:00,13.31503,80.83039,9.8,319.3,Tanker
419201003,MV Ennore Express,2017-01-27 13:28:00,13.27728,80.32012,0.0,359.1,Cargo
419201006,MV KPL Carrier,2017-01-27 13:28:00,13.24774,80.3471,0.6,91.0,Cargo
419201007,MV Sakthi Pride,2017-01-27 13:28:00,13.25212,80.31746,0.1,0.5,Cargo
419301001,MT Sanmar Spirit,2017-01-27 13:28:00,13.24439,80.37964,0,89.4,Tanker
419301004,MT POL Voyager,2017-01-27 13:28:00,13.24417,80.41998,0.6,2.5,Tanker
538301001,MT Gulf Carrier,2017-01-27 13:28:00,13.07334,80.54868,0.0,357.1,Tanker
419201008,MV Chennai Bulk,2017-01-27 13:28:00,12.73317,81.01878,12.2,291.0,Cargo
419201009,MV Ennore Pioneer,2017-01-27 13:28:00,12.22481,82.08111,12.5,284.5,Cargo
419501004,Ennore FV-11,2017-01-27 13:28:00,12.71269,80.67495,4.9,148.7,Fishing
419201004,MV Coastal Glory,2017-01-27 13:29:00,13.30397,80.31587,0,357.0,Cargo
419301003,MT Coromandel King,2017-01-27 13:29:00,13.25867,80.33856,0.5,354.6,Tanker
419301006,MT Triton,2017-01-27 13:29:00,13.26644,80.31016,0.1,0.9,Tanker
419201001,MV Vishakha Star,2017-01-27 13:29:00,13.20214,80.47196,0,357.4,Cargo
419301002,MT Chennai Petro,2017-01-27 13:29:00,13.10365,80.53085,0,358.4,Tanker
636401001,MV Atlantic Bridge,2017-01-27 13:29:00,17.48577,81.91909,16.6,357.9,Container
419301005,MT Coastal Trader,2017-01-27 13:29:00,13.63336,80.00092,10.6,311.3,Tanker
419501001,Chennai FV-01,2017-01-27 13:29:00,13.13535,80.64823,3.9,115.9,Fishing
419301007,MT Bay Tanker,2017-01-27 13:30:00,13.15168,80.45821,0.1,358.2,Tanker
419201005,MV Eastern Star,2017-01-27 13:30:00,12.66918,80.8354,13.6,284.4,Cargo
419201002,MV APJ Kiran,2017-01-27 13:31:00,13.16393,80.49877,0.3,358.0,Cargo
419401002,MV Coromandel Trade,2017-01-27 13:31:00,13.39751,82.51866,14.0,6.2,Container
419501002,Chennai FV-02,2017-01-27 13:31:00,13.59747,80.71957,5.3,69.5,Fishing
419501014,Chennai FV-11,2017-01-27 13:31:00,13.45208,80.05676,3.6,318.2,Fishing
419201006,MV KPL Carrier,2017-01-27 13:33:00,13.24589,80.34837,0.2,91.9,Cargo
419301001,MT Sanmar Spirit,2017-01-27 13:33:00,13.2444,80.38191,0.2,93.0,Tanker
419301003,MT Coromandel King,2017-01-27 13:33:00,13.26007,80.34026,0.1,2.9,Tanker
419201010,MV KPL Vishal,2017-01-27 13:33:00,13.39288,79.60154,12.6,291.5,Cargo
419401001,MV Chennai Express,2017-01-27 13:33:00,11.66335,82.52994,14.5,359.0,Container
419201003,MV Ennore Express,2017-01-27 13:34:00,13.27759,80.31977,0.0,1.8,Cargo
419201007,MV Sakthi Pride,2017-01-27 13:34:00,13.25154,80.31754,0.0,2.3,Cargo
419201001,MV Vishakha Star,2017-01-27 13:34:00,13.20261,80.47108,0.3,2.0,Cargo
419301004,MT POL Voyager,2017-01-27 13:34:00,13.24245,80.42034,0,358.9,Tanker
419201004,MV Coastal Glory,2017-01-27 13:35:00,13.30503,80.31439,0.6,2.2,Cargo
419301006,MT Triton,2017-01-27 13:35:00,13.26444,80.31087,0,359.3,Tanker
538301001,MT Gulf Carrier,2017-01-27 13:35:00,13.07433,80.54867,0,358.8,Tanker
636201001,MV Fortune Bulker,2017-01-27 13:35:00,11.93214,81.67327,13.9,284.6,Cargo
357401001,MV Orient Trader,2017-01-27 13:35:00,13.53904,82.388,17.2,6.3,Container
419053900,MT Dawn Kanchipuram,2017-01-27 13:36:00,13.33175,80.81514,10.4,321.0,Tanker
419301002,MT Chennai Petro,2017-01-27 13:36:00,13.10112,80.53014,0,358.7,Tanker
419301007,MT Bay Tanker,2017-01-27 13:36:00,13.14985,80.46111,0.3,1.1,Tanker
558201001,MV Coral Sea,2017-01-27 13:36:00,12.02418,82.37016,13.6,280.5,Cargo
419201009,MV Ennore Pioneer,2017-01-27 13:36:00,12.23161,82.05106,12.7,284.1,Cargo
419301005,MT Coastal Trader,2017-01-27 13:36:00,13.64773,79.98548,10.2,315.6,Tanker
419601001,Tug KPL-1,2017-01-27 13:36:00,13.23388,80.31296,4.7,336.5,Tug
419301003,MT Coromandel King,2017-01-27 13:37:00,13.26016,80.33894,0.3,2.7,Tanker
419201005,MV Eastern Star,2017-01-27 13:37:00,12.67655,80.80389,13.8,289.6,Cargo
477401001,MV Pacific Highway,2017-01-27 13:37:00,11.64098,82.9016,17.3,4.2,Container
419201006,MV KPL Carrier,2017-01-27 13:38:00,13.2479,80.34864,0.1,86.7,Cargo
419301001,MT Sanmar Spirit,2017-01-27 13:38:00,13.24486,80.37967,0,92.7,Tanker
419201002,MV APJ Kiran,2017-01-27 13:38:00,13.16772,80.49995,0,360.0,Cargo
419201008,MV Chennai Bulk,2017-01-27 13:38:00,12.74059,80.99103,12.3,287.4,Cargo
419401003,MV Bay Express,2017-01-27 13:38:00,15.09238,81.87269,13.8,350.8,Container
419501005,Ennore FV-12,2017-01-27 13:38:00,13.43832,79.77322,5.2,290.9,Fishing
419501010,North FV-01,2017-01-27 13:38:00,13.52187,81.1783,5.7,60.9,Fishing
419601004,Tug Ennore,2017-01-27 13:38:00,13.26725,80.25983,4.6,187.6,Tug
419201007,MV Sakthi Pride,2017-01-27 13:39:00,13.25099,80.31844,0,359.4,Cargo
419201001,MV Vishakha Star,2017-01-27 13:39:00,13.20286,80.46987,0.3,358.7,Cargo
419201003,MV Ennore Express,2017-01-27 13:40:00,13.27611,80.32095,0.3,0.0,Cargo
419201004,MV Coastal Glory,2017-01-27 13:40:00,13.30486,80.31548,0.3,360.0,Cargo
419201010,MV KPL Vishal,2017-01-27 13:40:00,13.40199,79.57078,13.0,288.1,Cargo
419501009,Kovalam FV-02,2017-01-27 13:40:00,12.72199,80.70935,3.7,104.6,Fishing
419601003,Pilot KPL,2017-01-27 13:40:00,13.27083,80.28835,3.6,212.1,Tug
419301003,MT Coromandel King,2017-01-27 13:41:00,13.25921,80.33938,0,2.3,Tanker
419301006,MT Triton,2017-01-27 13:41:00,13.26675,80.31007,0.1,358.8,Tanker
419301004,MT POL Voyager,2017-01-27 13:41:00,13.24229,80.41981,0.1,1.4,Tanker
419301007,MT Bay Tanker,2017-01-27 13:41:00,13.14765,80.46034,0.0,359.7,Tanker
538301001,MT Gulf Carrier,2017-01-27 13:41:00,13.07446,80.55138,0.2,3.7,Tanker
419501006,Pulicat FV-01,2017-01-27 13:41:00,13.69781,80.60285,4.2,94.9,Fishing
419601002,Tug KPL-2,2017-01-27 13:41:00,13.23457,80.31445,4.2,256.0,Tug
566401001,MV Singapore Star,2017-01-27 13:42:00,12.12956,83.36258,15.4,8.6,Container
419053900,MT Dawn Kanchipuram,2017-01-27 13:43:00,13.35042,80.80214,10.0,322.1,Tanker
419201007,MV Sakthi Pride,2017-01-27 13:43:00,13.25285,80.31935,0.1,0.0,Cargo
419201002,MV APJ Kiran,2017-01-27 13:43:00,13.16544,80.50062,0,359.2,Cargo
419301002,MT Chennai Petro,2017-01-27 13:43:00,13.10272,80.52972,0,357.6,Tanker
636201001,MV Fortune Bulker,2017-01-27 13:43:00,11.93772,81.64256,13.7,280.9,Cargo
419501007,Pulicat FV-02,2017-01-27 13:43:00,13.59543,79.47856,3.9,261.9,Fishing
419201004,MV Coastal Glory,2017-01-27 13:44:00,13.30513,80.31492,0.3,0.6,Cargo
419201006,MV KPL Carrier,2017-01-27 13:44:00,13.24724,80.34733,0.4,88.2,Cargo
419301001,MT Sanmar Spirit,2017-01-27 13:44:00,13.24396,80.38234,0.8,91.6,Tanker
419201001,MV Vishakha Star,2017-01-27 13:44:00,13.20409,80.47063,0.2,358.3,Cargo
558201001,MV Coral Sea,2017-01-27 13:44:00,12.03079,82.3411,13.9,279.1,Cargo
419201008,MV Chennai Bulk,2017-01-27 13:44:00,12.74779,80.96513,12.1,288.9,Cargo
419501001,Chennai FV-01,2017-01-27 13:44:00,13.12542,80.66798,4.1,123.8,Fishing
419501008,Kovalam FV-01,2017-01-27 13:44:00,12.21168,80.41414,4.7,165.0,Fishing
419201003,MV Ennore Express,2017-01-27 13:45:00,13.27863,80.32001,0.0,358.4,Cargo
419301003,MT Coromandel King,2017-01-27 13:45:00,13.26051,80.33912,0,1.8,Tanker
419301006,MT Triton,2017-01-27 13:45:00,13.26522,80.31011,0,359.2,Tanker
419301005,MT Coastal Trader,2017-01-27 13:45:00,13.66482,79.96558,9.9,312.7,Tanker
419501015,North FV-21,2017-01-27 13:45:00,12.99425,80.34277,3.9,163.5,Fishing
419201009,MV Ennore Pioneer,2017-01-27 13:46:00,12.23827,82.02438,13.0,283.3,Cargo
419401001,MV Chennai Express,2017-01-27 13:46:00,11.72522,82.53326,14.6,1.3,Container
636401001,MV Atlantic Bridge,2017-01-27 13:46:00,17.55146,81.91328,16.6,356.6,Container
419401002,MV Coromandel Trade,2017-01-27 13:46:00,13.45586,82.52217,13.8,5.8,Container
419501003,Chennai FV-03,2017-01-27 13:46:00,13.01452,79.83824,3.8,236.1,Fishing
419501013,Ennore FV-21,2017-01-27 13:46:00,12.77248,80.35687,4.7,187.6,Fishing
419501014,Chennai FV-11,2017-01-27 13:46:00,13.46608,80.04426,4.0,316.9,Fishing
419201007,MV Sakthi Pride,2017-01-27 13:47:00,13.25326,80.31825,0.1,358.5,Cargo
419301004,MT POL Voyager,2017-01-27 13:47:00,13.24272,80.41829,0,358.5,Tanker
419301007,MT Bay Tanker,2017-01-27 13:47:00,13.15072,80.45966,0,356.1,Tanker
538301001,MT Gulf Carrier,2017-01-27 13:47:00,13.07303,80.55004,0,3.4,Tanker
419201005,MV Eastern Star,2017-01-27 13:47:00,12.6849,80.77231,13.9,286.5,Cargo
419201010,MV KPL Vishal,2017-01-27 13:47:00,13.41289,79.5433,13.0,287.1,Cargo
419201006,MV KPL Carrier,2017-01-27 13:48:00,13.24765,80.34858,0.3,88.0,Cargo
419201002,MV APJ Kiran,2017-01-27 13:48:00,13.16489,80.49993,0.2,1.5,Cargo
419501004,Ennore FV-11,2017-01-27 13:48:00,12.69382,80.6844,4.4,149.8,Fishing
419501011,Marina FV-01,2017-01-27 13:48:00,12.71324,80.58624,4.5,141.7,Fishing
419053900,MT Dawn Kanchipuram,2017-01-27 13:49:00,13.36852,80.78763,9.9,320.7,Tanker
419201003,MV Ennore Express,2017-01-27 13:49:00,13.27708,80.31883,0.4,357.3,Cargo
419301001,MT Sanmar Spirit,2017-01-27 13:49:00,13.24382,80.38189,0.3,85.9,Tanker
419301002,MT Chennai Petro,2017-01-27 13:49:00,13.10263,80.5298,0,2.3,Tanker
636201001,MV Fortune Bulker,2017-01-27 13:49:00,11.94357,81.61192,13.8,280.7,Cargo
419501002,Chennai FV-02,2017-01-27 13:49:00,13.605,80.7441,5.4,70.6,Fishing
419201004,MV Coastal Glory,2017-01-27 13:50:00,13.30582,80.31329,0.0,0.0,Cargo
419301003,MT Coromandel King,2017-01-27 13:50:00,13.2619,80.33954,0.4,4.0,Tanker
419201001,MV Vishakha Star,2017-01-27 13:50:00,13.20236,80.46884,0.3,1.5,Cargo
558201001,MV Coral Sea,2017-01-27 13:50:00,12.03768,82.31143,13.3,282.6,Cargo
419201008,MV Chennai Bulk,2017-01-27 13:50:00,12.75493,80.93796,12.6,290.8,Cargo
419501012,Royapuram FV,2017-01-27 13:50:00,12.63899,80.73998,5.4,139.9,Fishing
419201007,MV Sakthi Pride,2017-01-27 13:51:00,13.25292,80.31716,0.3,355.8,Cargo
419301006,MT Triton,2017-01-27 13:51:00,13.26481,80.30969,0.2,0.6,Tanker
419301004,MT POL Voyager,2017-01-27 13:52:00,13.24215,80.41991,0,359.6,Tanker
538301001,MT Gulf Carrier,2017-01-27 13:52:00,13.07215,80.54889,0,0.2,Tanker
357401001,MV Orient Trader,2017-01-27 13:52:00,13.61088,82.39585,16.9,6.7,Container
419201003,MV Ennore Express,2017-01-27 13:53:00,13.27623,80.32068,0,356.6,Cargo
419201006,MV KPL Carrier,2017-01-27 13:53:00,13.24753,80.34888,0.2,86.7,Cargo
419301007,MT Bay Tanker,2017-01-27 13:53:00,13.14902,80.45936,0.1,356.8,Tanker
419301005,MT Coastal Trader,2017-01-27 13:53:00,13.67942,79.94693,10.1,308.7,Tanker
419201004,MV Coastal Glory,2017-01-27 13:54:00,13.30556,80.31573,0.2,1.1,Cargo
419301001,MT Sanmar Spirit,2017-01-27 13:54:00,13.24358,80.3811,0.3,90.6,Tanker
419201009,MV Ennore Pioneer,2017-01-27 13:54:00,12.24434,81.99666,12.6,283.9,Cargo
477401001,MV Pacific Highway,2017-01-27 13:54:00,11.71347,82.90829,17.0,0.2,Container
419201002,MV APJ Kiran,2017-01-27 13:55:00,13.1664,80.49977,0.4,1.8,Cargo
419201005,MV Eastern Star,2017-01-27 13:55:00,12.6938,80.74413,13.5,288.2,Cargo
566401001,MV Singapore Star,2017-01-27 13:55:00,12.19488,83.37224,15.1,11.3,Container
419401003,MV Bay Express,2017-01-27 13:55:00,15.15137,81.86773,14.0,355.2,Container
419053900,MT Dawn Kanchipuram,2017-01-27 13:56:00,13.38431,80.775,9.4,320.9,Tanker
419201007,MV Sakthi Pride,2017-01-27 13:56:00,13.25067,80.31773,0,355.6,Cargo
419301003,MT Coromandel King,2017-01-27 13:56:00,13.2601,80.34048,0.4,359.3,Tanker
419301006,MT Triton,2017-01-27 13:56:00,13.26533,80.30998,0,2.0,Tanker
419301002,MT Chennai Petro,2017-01-27 13:56:00,13.1027,80.53036,0.1,359.3,Tanker
636201001,MV Fortune Bulker,2017-01-27 13:56:00,11.94896,81.58009,13.9,280.0,Cargo
419201010,MV KPL Vishal,2017-01-27 13:56:00,13.42409,79.51637,13.5,291.1,Cargo
419201003,MV Ennore Express,2017-01-27 13:57:00,13.27878,80.31925,0,357.6,Cargo
419201001,MV Vishakha Star,2017-01-27 13:57:00,13.20452,80.46874,0,0.7,Cargo
419601001,Tug KPL-1,2017-01-27 13:57:00,13.23609,80.32205,4.5,193.0,Tug
419201004,MV Coastal Glory,2017-01-27 13:58:00,13.30657,80.31452,0.6,356.8,Cargo
636401001,MV Atlantic Bridge,2017-01-27 13:58:00,17.62385,81.90669,16.8,358.2,Container
419601002,Tug KPL-2,2017-01-27 13:58:00,13.22353,80.30516,4.0,256.9,Tug
419201006,MV KPL Carrier,2017-01-27 13:59:00,13.24799,80.34984,0,89.8,Cargo
419301004,MT POL Voyager,2017-01-27 13:59:00,13.24354,80.41905,0.6,1.2,Tanker
419301007,MT Bay Tanker,2017-01-27 13:59:00,13.15149,80.45917,0,358.0,Tanker
538301001,MT Gulf Carrier,2017-01-27 13:59:00,13.0732,80.5497,0.2,359.9,Tanker
558201001,MV Coral Sea,2017-01-27 13:59:00,12.04444,82.28033,13.2,282.5,Cargo
419501003,Chennai FV-03,2017-01-27 13:59:00,13.00254,79.8224,3.8,232.5,Fishing
419501010,North FV-01,2017-01-27 13:59:00,13.53605,81.20561,5.9,62.1,Fishing
419301001,MT Sanmar Spirit,2017-01-27 14:00:00,13.2437,80.383,0.5,87.6,Tanker
419301003,MT Coromandel King,2017-01-27 14:00:00,13.2619,80.33986,0,0.8,Tanker
419301006,MT Triton,2017-01-27 14:00:00,13.26426,80.30927,0,359.2,Tanker
419201008,MV Chennai Bulk,2017-01-27 14:00:00,12.76515,80.9119,13.2,286.5,Cargo
419601003,Pilot KPL,2017-01-27 14:00:00,13.29525,80.34221,4.1,244.7,Tug
419601004,Tug Ennore,2017-01-27 14:00:00,13.25323,80.24583,4.6,51.3,Tug
419201007,MV Sakthi Pride,2017-01-27 14:01:00,13.25119,80.31751,0,0.9,Cargo
419201002,MV APJ Kiran,2017-01-27 14:01:00,13.16802,80.50133,0.2,1.0,Cargo
419401001,MV Chennai Express,2017-01-27 14:01:00,11.78625,82.53457,14.9,2.6,Container
419301005,MT Coastal Trader,2017-01-27 14:01:00,13.69383,79.93262,10.7,312.7,Tanker
419501005,Ennore FV-12,2017-01-27 14:01:00,13.44539,79.74877,5.1,284.8,Fishing
419501008,Kovalam FV-01,2017-01-27 14:01:00,12.18844,80.41996,4.5,167.3,Fishing
419201003,MV Ennore Express,2017-01-27 14:02:00,13.2785,80.32044,0.4,2.8,Cargo
419201001,MV Vishakha Star,2017-01-27 14:02:00,13.20193,80.47067,0,3.4,Cargo
419501001,Chennai FV-01,2017-01-27 14:02:00,13.11169,80.68632,3.9,118.4,Fishing
419501006,Pulicat FV-01,2017-01-27 14:02:00,13.70028,80.62223,4.1,94.2,Fishing
419201006,MV KPL Carrier,2017-01-27 14:03:00,13.24787,80.34916,0,86.1,Cargo
419301002,MT Chennai Petro,2017-01-27 14:03:00,13.10336,80.53083,0.2,358.5,Tanker
636201001,MV Fortune Bulker,2017-01-27 14:03:00,11.9536,81.54783,14.2,284.4,Cargo
419201009,MV Ennore Pioneer,2017-01-27 14:03:00,12.25197,81.9677,12.7,280.1,Cargo
419401002,MV Coromandel Trade,2017-01-27 14:03:00,13.51504,82.52439,14.3,3.0,Container
419501009,Kovalam FV-02,2017-01-27 14:03:00,12.71696,80.72798,3.9,100.8,Fishing
419201004,MV Coastal Glory,2017-01-27 14:04:00,13.30653,80.31418,0.1,359.8,Cargo
419301003,MT Coromandel King,2017-01-27 14:04:00,13.25983,80.33933,0.5,4.5,Tanker
538301001,MT Gulf Carrier,2017-01-27 14:04:00,13.07205,80.55058,0.0,2.7,Tanker
419201005,MV Eastern Star,2017-01-27 14:04:00,12.69971,80.71332,14.0,282.3,Cargo
419501002,Chennai FV-02,2017-01-27 14:04:00,13.6126,80.77089,5.4,70.1,Fishing
419501007,Pulicat FV-02,2017-01-27 14:04:00,13.59527,79.45627,4.1,265.0,Fishing
419501013,Ennore FV-21,2017-01-27 14:04:00,12.75255,80.35678,4.4,189.9,Fishing
419053900,MT Dawn Kanchipuram,2017-01-27 14:05:00,13.40023,80.76078,9.8,321.4,Tanker
419201007,MV Sakthi Pride,2017-01-27 14:05:00,13.25368,80.31486,0.3,358.8,Cargo
419301007,MT Bay Tanker,2017-01-27 14:05:00,13.15046,80.46119,0.3,0.1,Tanker
558201001,MV Coral Sea,2017-01-27 14:05:00,12.04912,82.2484,13.9,281.1,Cargo
419301001,MT Sanmar Spirit,2017-01-27 14:06:00,13.24438,80.38194,0.2,86.9,Tanker
419301006,MT Triton,2017-01-27 14:06:00,13.26497,80.30966,0,0.2,Tanker
419201002,MV APJ Kiran,2017-01-27 14:06:00,13.16662,80.50045,0.4,356.9,Cargo
419301004,MT POL Voyager,2017-01-27 14:06:00,13.24361,80.42003,0.2,2.5,Tanker
419201010,MV KPL Vishal,2017-01-27 14:06:00,13.43274,79.48655,12.7,291.2,Cargo
419501011,Marina FV-01,2017-01-27 14:06:00,12.70142,80.59936,4.5,138.4,Fishing
419501012,Royapuram FV,2017-01-27 14:06:00,12.61847,80.75576,4.9,140.2,Fishing
419501014,Chennai FV-11,2017-01-27 14:06:00,13.48116,80.03082,3.9,313.2,Fishing
419201006,MV KPL Carrier,2017-01-27 14:07:00,13.24881,80.35079,0.3,88.3,Cargo
419201001,MV Vishakha Star,2017-01-27 14:07:00,13.20316,80.46905,0.1,1.5,Cargo
566401001,MV Singapore Star,2017-01-27 14:07:00,12.25544,83.38,15.5,11.8,Container
419301005,MT Coastal Trader,2017-01-27 14:07:00,13.70881,79.91372,9.9,312.9,Tanker
419201003,MV Ennore Express,2017-01-27 14:08:00,13.27733,80.31989,0,0.4,Cargo
419301002,MT Chennai Petro,2017-01-27 14:08:00,13.10452,80.53131,0.1,358.1,Tanker
419501015,North FV-21,2017-01-27 14:08:00,12.97329,80.34966,4.1,166.9,Fishing
419201007,MV Sakthi Pride,2017-01-27 14:09:00,13.2502,80.31736,0,356.6,Cargo
419201009,MV Ennore Pioneer,2017-01-27 14:09:00,12.25692,81.94012,12.7,283.8,Cargo
477401001,MV Pacific Highway,2017-01-27 14:09:00,11.78411,82.9158,17.7,1.0,Container
357401001,MV Orient Trader,2017-01-27 14:09:00,13.68028,82.40143,17.1,7.5,Container
419201004,MV Coastal Glory,2017-01-27 14:10:00,13.30691,80.31537,0.1,0.2,Cargo
419301001,MT Sanmar Spirit,2017-01-27 14:10:00,13.24206,80.38263,0,86.1,Tanker
419301003,MT Coromandel King,2017-01-27 14:10:00,13.26184,80.33917,0.4,358.2,Tanker
419301006,MT Triton,2017-01-27 14:10:00,13.2664,80.30833,0,2.3,Tanker
419201005,MV Eastern Star,2017-01-27 14:10:00,12.70901,80.68335,13.8,284.1,Cargo
419201008,MV Chennai Bulk,2017-01-27 14:10:00,12.77145,80.88434,12.3,290.1,Cargo
419501004,Ennore FV-11,2017-01-27 14:10:00,12.67177,80.69821,5.1,146.7,Fishing
538301001,MT Gulf Carrier,2017-01-27 14:11:00,13.07302,80.54921,0,1.5,Tanker
636201001,MV Fortune Bulker,2017-01-27 14:11:00,11.95869,81.51931,14.2,280.1,Cargo
636401001,MV Atlantic Bridge,2017-01-27 14:11:00,17.69047,81.89792,16.4,354.0,Container
419201001,MV Vishakha Star,2017-01-27 14:12:00,13.20388,80.46885,0,0.6,Cargo
419301007,MT Bay Tanker,2017-01-27 14:12:00,13.15019,80.46121,0,3.5,Tanker
558201001,MV Coral Sea,2017-01-27 14:12:00,12.05664,82.21998,13.2,285.4,Cargo
419401003,MV Bay Express,2017-01-27 14:12:00,15.20978,81.86365,14.4,357.4,Container
419201003,MV Ennore Express,2017-01-27 14:13:00,13.27849,80.31979,0.2,359.0,Cargo
419201006,MV KPL Carrier,2017-01-27 14:13:00,13.24791,80.34895,0.1,89.0,Cargo
419201002,MV APJ Kiran,2017-01-27 14:13:00,13.16711,80.50038,0.3,1.9,Cargo
419301004,MT POL Voyager,2017-01-27 14:13:00,13.24387,80.41888,0,358.1,Tanker
419301001,MT Sanmar Spirit,2017-01-27 14:14:00,13.24378,80.38285,0,91.7,Tanker
419301003,MT Coromandel King,2017-01-27 14:14:00,13.26299,80.33892,0,0.6,Tanker
419201010,MV KPL Vishal,2017-01-27 14:14:00,13.44494,79.46032,13.3,292.5,Cargo
419053900,MT Dawn Kanchipuram,2017-01-27 14:15:00,13.41817,80.74651,9.7,321.7,Tanker
419201007,MV Sakthi Pride,2017-01-27 14:15:00,13.25244,80.31772,0,359.6,Cargo
419301002,MT Chennai Petro,2017-01-27 14:15:00,13.10546,80.53062,0.0,2.2,Tanker
419201004,MV Coastal Glory,2017-01-27 14:16:00,13.30746,80.31551,0.2,2.8,Cargo
419301006,MT Triton,2017-01-27 14:16:00,13.26467,80.31061,0,358.9,Tanker
538301001,MT Gulf Carrier,2017-01-27 14:16:00,13.07343,80.55019,0.0,1.7,Tanker
419501001,Chennai FV-01,2017-01-27 14:16:00,13.10189,80.70335,4.4,118.5,Fishing
419501010,North FV-01,2017-01-27 14:16:00,13.54972,81.23354,6.0,59.2,Fishing
419601004,Tug Ennore,2017-01-27 14:16:00,13.25074,80.28233,4.4,150.5,Tug
419201001,MV Vishakha Star,2017-01-27 14:17:00,13.20359,80.46971,0.1,1.2,Cargo
419201009,MV Ennore Pioneer,2017-01-27 14:17:00,12.2645,81.9117,12.8,282.2,Cargo
419301005,MT Coastal Trader,2017-01-27 14:17:00,13.72369,79.89826,10.1,310.4,Tanker
419501009,Kovalam FV-02,2017-01-27 14:17:00,12.71225,80.74614,3.5,103.0,Fishing
419201006,MV KPL Carrier,2017-01-27 14:18:00,13.24714,80.34937,0,90.3,Cargo
419301001,MT Sanmar Spirit,2017-01-27 14:18:00,13.24501,80.38292,0.7,90.3,Tanker
419201002,MV APJ Kiran,2017-01-27 14:18:00,13.16844,80.5015,0.2,357.9,Cargo
419301007,MT Bay Tanker,2017-01-27 14:18:00,13.14979,80.46025,0,2.5,Tanker
419401001,MV Chennai Express,2017-01-27 14:18:00,11.84721,82.53754,14.5,0.3,Container
419201003,MV Ennore Express,2017-01-27 14:19:00,13.27862,80.3185,0,6.0,Cargo
419301003,MT Coromandel King,2017-01-27 14:19:00,13.26076,80.3408,0.0,2.8,Tanker
419201005,MV Eastern Star,2017-01-27 14:19:00,12.71534,80.65269,13.8,287.1,Cargo
419601001,Tug KPL-1,2017-01-27 14:19:00,13.22902,80.29514,4.3,254.8,Tug
419601002,Tug KPL-2,2017-01-27 14:19:00,13.23809,80.30945,4.4,113.6,Tug
419301004,MT POL Voyager,2017-01-27 14:20:00,13.24279,80.42051,0.2,0.4,Tanker
558201001,MV Coral Sea,2017-01-27 14:20:00,12.06309,82.19015,13.5,283.3,Cargo
419201008,MV Chennai Bulk,2017-01-27 14:20:00,12.77958,80.85541,12.9,285.4,Cargo
419401002,MV Coromandel Trade,2017-01-27 14:20:00,13.56996,82.52804,14.0,1.2,Container
566401001,MV Singapore Star,2017-01-27 14:20:00,12.31989,83.38921,15.6,10.8,Container
419501003,Chennai FV-03,2017-01-27 14:20:00,12.99015,79.8085,3.5,231.4,Fishing
419501008,Kovalam FV-01,2017-01-27 14:20:00,12.16623,80.42508,5.0,165.2,Fishing
419601003,Pilot KPL,2017-01-27 14:20:00,13.23647,80.30982,4.2,161.9,Tug
419201004,MV Coastal Glory,2017-01-27 14:21:00,13.3078,80.31535,0.5,359.3,Cargo
419201007,MV Sakthi Pride,2017-01-27 14:21:00,13.25086,80.31811,0,1.4,Cargo
419301006,MT Triton,2017-01-27 14:21:00,13.26612,80.31134,0.1,1.1,Tanker
419301002,MT Chennai Petro,2017-01-27 14:21:00,13.10277,80.53061,0.3,2.4,Tanker
636201001,MV Fortune Bulker,2017-01-27 14:21:00,11.96368,81.48458,13.8,277.8,Cargo
477401001,MV Pacific Highway,2017-01-27 14:21:00,11.85592,82.92189,17.2,9.2,Container
419301001,MT Sanmar Spirit,2017-01-27 14:22:00,13.24389,80.38356,0,93.3,Tanker
419201010,MV KPL Vishal,2017-01-27 14:22:00,13.45287,79.42938,12.8,287.4,Cargo
419501006,Pulicat FV-01,2017-01-27 14:22:00,13.69936,80.64201,4.1,90.0,Fishing
419053900,MT Dawn Kanchipuram,2017-01-27 14:23:00,13.43436,80.73399,10.1,321.5,Tanker
419201002,MV APJ Kiran,2017-01-27 14:23:00,13.16771,80.50001,0.5,355.9,Cargo
419301007,MT Bay Tanker,2017-01-27 14:23:00,13.15081,80.46033,0,359.9,Tanker
538301001,MT Gulf Carrier,2017-01-27 14:23:00,13.0732,80.55115,0.4,358.5,Tanker
419501005,Ennore FV-12,2017-01-27 14:23:00,13.45298,79.72563,5.2,288.6,Fishing
419501007,Pulicat FV-02,2017-01-27 14:23:00,13.5917,79.43457,4.4,265.6,Fishing
419501012,Royapuram FV,2017-01-27 14:23:00,12.60002,80.77445,5.0,135.2,Fishing
419501014,Chennai FV-11,2017-01-27 14:23:00,13.49431,80.01589,3.9,313.3,Fishing
419201003,MV Ennore Express,2017-01-27 14:24:00,13.27897,80.31819,0.1,359.1,Cargo
419201006,MV KPL Carrier,2017-01-27 14:24:00,13.248,80.34856,0.5,89.8,Cargo
419201001,MV Vishakha Star,2017-01-27 14:24:00,13.20418,80.47051,0,2.6,Cargo
419501013,Ennore FV-21,2017-01-27 14:24:00,12.72893,80.35446,4.5,183.0,Fishing
419301003,MT Coromandel King,2017-01-27 14:25:00,13.26195,80.34176,0,359.9,Tanker
419201005,MV Eastern Star,2017-01-27 14:25:00,12.723,80.62398,13.2,280.5,Cargo
419301001,MT Sanmar Spirit,2017-01-27 14:26:00,13.24528,80.38475,0,89.9,Tanker
419301004,MT POL Voyager,2017-01-27 14:26:00,13.24347,80.42034,0,0.4,Tanker
558201001,MV Coral Sea,2017-01-27 14:26:00,12.06855,82.16112,13.7,283.0,Cargo
419201009,MV Ennore Pioneer,2017-01-27 14:26:00,12.27094,81.88306,12.5,279.8,Cargo
357401001,MV Orient Trader,2017-01-27 14:26:00,13.75036,82.40901,16.8,9.5,Container
419301005,MT Coastal Trader,2017-01-27 14:26:00,13.73985,79.879,10.1,313.5,Tanker
419501002,Chennai FV-02,2017-01-27 14:26:00,13.62418,80.79587,5.4,67.5,Fishing
419501011,Marina FV-01,2017-01-27 14:26:00,12.68267,80.61335,3.9,145.4,Fishing
419201004,MV Coastal Glory,2017-01-27 14:27:00,13.30714,80.31458,0.3,1.5,Cargo
419201007,MV Sakthi Pride,2017-01-27 14:27:00,13.2527,80.31884,0,0.7,Cargo
419301006,MT Triton,2017-01-27 14:27:00,13.26518,80.3115,0.2,357.9,Tanker
419301002,MT Chennai Petro,2017-01-27 14:27:00,13.10205,80.52943,0.1,1.2,Tanker
636401001,MV Atlantic Bridge,2017-01-27 14:27:00,17.76154,81.89465,16.4,357.2,Container
419501015,North FV-21,2017-01-27 14:27:00,12.95532,80.35543,3.7,165.3,Fishing
419201006,MV KPL Carrier,2017-01-27 14:28:00,13.24686,80.34858,0.3,87.9,Cargo
419201002,MV APJ Kiran,2017-01-27 14:28:00,13.16962,80.50048,0.7,0.9,Cargo
419301007,MT Bay Tanker,2017-01-27 14:28:00,13.14949,80.46063,0,360.0,Tanker
419401003,MV Bay Express,2017-01-27 14:28:00,15.26869,81.85985,14.0,356.7,Container
419201003,MV Ennore Express,2017-01-27 14:29:00,13.27697,80.32011,0,5.9,Cargo
419301003,MT Coromandel King,2017-01-27 14:29:00,13.26183,80.338,0,3.2,Tanker
419201008,MV Chennai Bulk,2017-01-27 14:29:00,12.78809,80.82881,12.1,286.5,Cargo
419201001,MV Vishakha Star,2017-01-27 14:30:00,13.20371,80.47094,0.1,359.1,Cargo
538301001,MT Gulf Carrier,2017-01-27 14:30:00,13.07395,80.5491,0.3,2.7,Tanker
419201010,MV KPL Vishal,2017-01-27 14:30:00,13.46269,79.40255,13.1,293.5,Cargo
419501004,Ennore FV-11,2017-01-27 14:30:00,12.65107,80.70809,4.5,149.7,Fishing
419201004,MV Coastal Glory,2017-01-27 14:31:00,13.30794,80.31582,0.1,357.6,Cargo
636201001,MV Fortune Bulker,2017-01-27 14:31:00,11.97133,81.45638,14.0,279.2,Cargo
419201006,MV KPL Carrier,2017-01-27 14:32:00,13.24773,80.34833,0,89.9,Cargo
419201007,MV Sakthi Pride,2017-01-27 14:32:00,13.25333,80.31874,0,357.7,Cargo
419301001,MT Sanmar Spirit,2017-01-27 14:32:00,13.24346,80.38366,0,89.9,Tanker
419301002,MT Chennai Petro,2017-01-27 14:32:00,13.10185,80.5294,0,2.6,Tanker
419301004,MT POL Voyager,2017-01-27 14:32:00,13.24303,80.42073,0.2,357.4,Tanker
419201005,MV Eastern Star,2017-01-27 14:32:00,12.73275,80.59207,13.8,288.6,Cargo
558201001,MV Coral Sea,2017-01-27 14:32:00,12.0752,82.12988,13.4,284.7,Cargo
419201009,MV Ennore Pioneer,2017-01-27 14:32:00,12.27541,81.85461,12.8,287.4,Cargo
419501010,North FV-01,2017-01-27 14:32:00,13.56171,81.25977,5.6,58.9,Fishing
419053900,MT Dawn Kanchipuram,2017-01-27 14:33:00,13.45304,80.72027,9.8,324.2,Tanker
419301006,MT Triton,2017-01-27 14:33:00,13.26583,80.31017,0.2,358.7,Tanker
419201002,MV APJ Kiran,2017-01-27 14:33:00,13.16806,80.50052,0.6,358.6,Cargo
419301007,MT Bay Tanker,2017-01-27 14:33:00,13.14955,80.4618,0.0,2.4,Tanker
419401001,MV Chennai Express,2017-01-27 14:33:00,11.91004,82.54051,14.9,4.7,Container
419301003,MT Coromandel King,2017-01-27 14:34:00,13.2618,80.34133,0,1.8,Tanker
419401002,MV Coromandel Trade,2017-01-27 14:34:00,13.63049,82.52927,13.6,5.1,Container
419201003,MV Ennore Express,2017-01-27 14:35:00,13.27967,80.32005,0.2,355.1,Cargo
419201004,MV Coastal Glory,2017-01-27 14:35:00,13.30694,80.31468,0.6,1.0,Cargo
538301001,MT Gulf Carrier,2017-01-27 14:35:00,13.07285,80.55103,0.2,0.9,Tanker
419501001,Chennai FV-01,2017-01-27 14:35:00,13.09358,80.72275,3.9,117.1,Fishing
419201001,MV Vishakha Star,2017-01-27 14:36:00,13.20529,80.46821,0.2,4.1,Cargo
419201010,MV KPL Vishal,2017-01-27 14:36:00,13.47234,79.37401,13.3,292.1,Cargo
419301005,MT Coastal Trader,2017-01-27 14:36:00,13.75399,79.86115,10.2,307.9,Tanker
419501005,Ennore FV-12,2017-01-27 14:36:00,13.4622,79.70076,5.1,289.6,Fishing
419501006,Pulicat FV-01,2017-01-27 14:36:00,13.6978,80.66205,4.1,91.5,Fishing
419201006,MV KPL Carrier,2017-01-27 14:37:00,13.24756,80.34802,0.6,87.5,Cargo
419201007,MV Sakthi Pride,2017-01-27 14:37:00,13.25306,80.31909,0,1.0,Cargo
419301001,MT Sanmar Spirit,2017-01-27 14:37:00,13.24533,80.38314,0.5,90.3,Tanker
419301006,MT Triton,2017-01-27 14:37:00,13.26488,80.30949,0,1.4,Tanker
566401001,MV Singapore Star,2017-01-27 14:37:00,12.38321,83.39793,14.9,9.3,Container
419601003,Pilot KPL,2017-01-27 14:37:00,13.23745,80.29945,4.0,192.6,Tug
419301004,MT POL Voyager,2017-01-27 14:38:00,13.24317,80.41814,0,356.7,Tanker
558201001,MV Coral Sea,2017-01-27 14:38:00,12.08172,82.09953,13.8,281.4,Cargo
636201001,MV Fortune Bulker,2017-01-27 14:38:00,11.9744,81.42662,14.1,280.6,Cargo
419201008,MV Chennai Bulk,2017-01-27 14:38:00,12.79599,80.80388,12.4,289.8,Cargo
419501009,Kovalam FV-02,2017-01-27 14:38:00,12.71036,80.76569,3.6,98.4,Fishing
419601004,Tug Ennore,2017-01-27 14:38:00,13.24928,80.27041,4.1,127.2,Tug
419201004,MV Coastal Glory,2017-01-27 14:39:00,13.30672,80.31514,0,357.7,Cargo
419301002,MT Chennai Petro,2017-01-27 14:39:00,13.10226,80.52993,0.4,2.6,Tanker
419301007,MT Bay Tanker,2017-01-27 14:39:00,13.14873,80.46262,0.3,359.6,Tanker
419201005,MV Eastern Star,2017-01-27 14:39:00,12.73976,80.56065,13.4,284.1,Cargo
477401001,MV Pacific Highway,2017-01-27 14:39:00,11.92832,82.92667,17.1,6.2,Container
419501003,Chennai FV-03,2017-01-27 14:39:00,12.97805,79.79284,3.5,230.1,Fishing
419301003,MT Coromandel King,2017-01-27 14:40:00,13.25994,80.33818,0,359.9,Tanker
419201002,MV APJ Kiran,2017-01-27 14:40:00,13.17078,80.50117,0.5,356.8,Cargo
538301001,MT Gulf Carrier,2017-01-27 14:40:00,13.07387,80.55011,0.3,359.5,Tanker
419201009,MV Ennore Pioneer,2017-01-27 14:40:00,12.28428,81.82582,13.2,281.9,Cargo
419501002,Chennai FV-02,2017-01-27 14:40:00,13.63122,80.82232,5.1,67.0,Fishing
419201003,MV Ennore Express,2017-01-27 14:41:00,13.2804,80.31949,0.0,1.8,Cargo
419501013,Ennore FV-21,2017-01-27 14:41:00,12.70635,80.35083,4.9,186.2,Fishing
419501014,Chennai FV-11,2017-01-27 14:41:00,13.50667,80.0015,4.0,312.6,Fishing
419053900,MT Dawn Kanchipuram,2017-01-27 14:42:00,13.47021,80.70751,9.4,323.2,Tanker
419201007,MV Sakthi Pride,2017-01-27 14:42:00,13.25137,80.31751,0,358.6,Cargo
419201001,MV Vishakha Star,2017-01-27 14:42:00,13.20312,80.46911,0,1.8,Cargo
419601001,Tug KPL-1,2017-01-27 14:42:00,13.22479,80.30906,4.3,22.9,Tug
419201006,MV KPL Carrier,2017-01-27 14:43:00,13.24633,80.34909,0.1,88.3,Cargo
419301001,MT Sanmar Spirit,2017-01-27 14:43:00,13.24312,80.38402,0.4,92.0,Tanker
419301006,MT Triton,2017-01-27 14:43:00,13.26489,80.31039,0,358.1,Tanker
419401003,MV Bay Express,2017-01-27 14:43:00,15.32526,81.85187,13.7,358.2,Container
357401001,MV Orient Trader,2017-01-27 14:43:00,13.81882,82.41701,16.9,3.1,Container
419301005,MT Coastal Trader,2017-01-27 14:43:00,13.76883,79.84471,10.0,315.3,Tanker
419501007,Pulicat FV-02,2017-01-27 14:43:00,13.59129,79.41064,4.4,263.1,Fishing
419501008,Kovalam FV-01,2017-01-27 14:43:00,12.14067,80.43034,4.8,167.5,Fishing
419601002,Tug KPL-2,2017-01-27 14:43:00,13.24674,80.28188,4.4,57.2,Tug
419201004,MV Coastal Glory,2017-01-27 14:44:00,13.3089,80.31442,0,3.4,Cargo
419301002,MT Chennai Petro,2017-01-27 14:44:00,13.10549,80.53007,0.3,0.6,Tanker
419301004,MT POL Voyager,2017-01-27 14:44:00,13.24479,80.41976,0,358.7,Tanker
636201001,MV Fortune Bulker,2017-01-27 14:44:00,11.98236,81.39447,13.8,277.1,Cargo
419201008,MV Chennai Bulk,2017-01-27 14:44:00,12.80419,80.77509,12.2,288.1,Cargo
419201010,MV KPL Vishal,2017-01-27 14:44:00,13.482,79.34707,13.1,291.9,Cargo
419501012,Royapuram FV,2017-01-27 14:44:00,12.58195,80.79113,5.1,142.5,Fishing
419201003,MV Ennore Express,2017-01-27 14:45:00,13.27759,80.31871,0.3,3.0,Cargo
419301003,MT Coromandel King,2017-01-27 14:45:00,13.26274,80.34029,0.2,1.0,Tanker
419201002,MV APJ Kiran,2017-01-27 14:45:00,13.16941,80.50313,0.5,0.3,Cargo
419301007,MT Bay Tanker,2017-01-27 14:45:00,13.1509,80.45879,0,357.3,Tanker
636401001,MV Atlantic Bridge,2017-01-27 14:45:00,17.82876,81.88714,16.0,357.1,Container
538301001,MT Gulf Carrier,2017-01-27 14:46:00,13.07312,80.55014,0.4,6.1,Tanker
419501011,Marina FV-01,2017-01-27 14:46:00,12.66775,80.62729,4.1,141.4,Fishing
419201006,MV KPL Carrier,2017-01-27 14:47:00,13.24698,80.34931,0.2,94.2,Cargo
558201001,MV Coral Sea,2017-01-27 14:47:00,12.08587,82.06935,13.7,281.5,Cargo
419201009,MV Ennore Pioneer,2017-01-27 14:47:00,12.28907,81.7962,12.6,281.4,Cargo
419501004,Ennore FV-11,2017-01-27 14:47:00,12.63139,80.72202,4.9,150.5,Fishing
419201007,MV Sakthi Pride,2017-01-27 14:48:00,13.25236,80.31751,0.1,359.8,Cargo
419301001,MT Sanmar Spirit,2017-01-27 14:48:00,13.24379,80.38407,0.1,89.2,Tanker
419201001,MV Vishakha Star,2017-01-27 14:48:00,13.20416,80.46901,0.1,1.8,Cargo
419201005,MV Eastern Star,2017-01-27 14:48:00,12.74839,80.53272,13.6,283.2,Cargo
419501015,North FV-21,2017-01-27 14:48:00,12.93596,80.35765,4.5,166.3,Fishing
419201004,MV Coastal Glory,2017-01-27 14:49:00,13.30882,80.31493,0,1.1,Cargo
419301003,MT Coromandel King,2017-01-27 14:49:00,13.26275,80.34002,0,359.9,Tanker
419301006,MT Triton,2017-01-27 14:49:00,13.2646,80.3084,0.1,360.0,Tanker
419301002,MT Chennai Petro,2017-01-27 14:49:00,13.10501,80.53101,0.2,0.9,Tanker
566401001,MV Singapore Star,2017-01-27 14:49:00,12.44689,83.40814,15.8,10.4,Container
419501001,Chennai FV-01,2017-01-27 14:49:00,13.08358,80.74081,3.8,121.4,Fishing
419201003,MV Ennore Express,2017-01-27 14:50:00,13.27775,80.32101,0.3,1.2,Cargo
419301004,MT POL Voyager,2017-01-27 14:50:00,13.24354,80.41869,0.0,359.6,Tanker
419301007,MT Bay Tanker,2017-01-27 14:50:00,13.15192,80.45949,0,359.7,Tanker
419501010,North FV-01,2017-01-27 14:50:00,13.5753,81.28551,5.8,60.9,Fishing
419053900,MT Dawn Kanchipuram,2017-01-27 14:51:00,13.487,80.6932,9.5,313.7,Tanker
419201002,MV APJ Kiran,2017-01-27 14:51:00,13.16916,80.49873,0.5,359.8,Cargo
538301001,MT Gulf Carrier,2017-01-27 14:51:00,13.07467,80.54876,0,0.4,Tanker
419401001,MV Chennai Express,2017-01-27 14:51:00,11.97013,82.5425,14.3,4.6,Container
419401002,MV Coromandel Trade,2017-01-27 14:51:00,13.68466,82.53314,13.7,2.7,Container
419301005,MT Coastal Trader,2017-01-27 14:51:00,13.78478,79.82784,9.8,312.2,Tanker
419201006,MV KPL Carrier,2017-01-27 14:52:00,13.24762,80.35095,0.1,94.3,Cargo
419201007,MV Sakthi Pride,2017-01-27 14:52:00,13.25144,80.31812,0,358.9,Cargo
419301001,MT Sanmar Spirit,2017-01-27 14:52:00,13.24545,80.3841,0.3,88.9,Tanker
419201001,MV Vishakha Star,2017-01-27 14:53:00,13.20553,80.46927,0.0,2.1,Cargo
558201001,MV Coral Sea,2017-01-27 14:53:00,12.09533,82.04023,13.3,284.2,Cargo
636201001,MV Fortune Bulker,2017-01-27 14:53:00,11.98742,81.36241,13.8,282.7,Cargo
419201010,MV KPL Vishal,2017-01-27 14:53:00,13.49453,79.31749,13.0,290.0,Cargo
419501006,Pulicat FV-01,2017-01-27 14:53:00,13.69769,80.68255,3.8,90.8,Fishing
419501009,Kovalam FV-02,2017-01-27 14:53:00,12.7059,80.78255,3.8,101.0,Fishing
419201003,MV Ennore Express,2017-01-27 14:54:00,13.2803,80.32019,0,355.7,Cargo
419201004,MV Coastal Glory,2017-01-27 14:54:00,13.30823,80.31503,0,356.9,Cargo
419301003,MT Coromandel King,2017-01-27 14:54:00,13.26345,80.33988,0.2,358.9,Tanker
419301006,MT Triton,2017-01-27 14:54:00,13.26496,80.31049,0,3.5,Tanker
419201008,MV Chennai Bulk,2017-01-27 14:54:00,12.81271,80.74832,12.0,286.2,Cargo
419501005,Ennore FV-12,2017-01-27 14:54:00,13.46947,79.67413,5.1,286.6,Fishing
419501013,Ennore FV-21,2017-01-27 14:54:00,12.6848,80.34918,4.3,186.1,Fishing
419301002,MT Chennai Petro,2017-01-27 14:55:00,13.10506,80.53045,0.2,0.7,Tanker
419301004,MT POL Voyager,2017-01-27 14:55:00,13.24333,80.41967,0.1,357.4,Tanker
419301007,MT Bay Tanker,2017-01-27 14:55:00,13.14986,80.45979,0,2.7,Tanker
477401001,MV Pacific Highway,2017-01-27 14:55:00,11.99891,82.93305,17.2,8.5,Container
419201006,MV KPL Carrier,2017-01-27 14:56:00,13.24808,80.35039,0.1,88.4,Cargo
419201005,MV Eastern Star,2017-01-27 14:56:00,12.7566,80.50135,13.8,284.8,Cargo
419301001,MT Sanmar Spirit,2017-01-27 14:57:00,13.24362,80.38503,0.2,90.4,Tanker
419201009,MV Ennore Pioneer,2017-01-27 14:57:00,12.29619,81.76932,12.9,283.3,Cargo
419201004,MV Coastal Glory,2017-01-27 14:58:00,13.31058,80.31333,0,1.7,Cargo
419201007,MV Sakthi Pride,2017-01-27 14:58:00,13.25099,80.31784,0.1,0.7,Cargo
419301003,MT Coromandel King,2017-01-27 14:58:00,13.26059,80.33993,0,2.5,Tanker
419201002,MV APJ Kiran,2017-01-27 14:58:00,13.16997,80.50055,0.3,1.2,Cargo
538301001,MT Gulf Carrier,2017-01-27 14:58:00,13.07455,80.54794,0.5,357.8,Tanker
419501003,Chennai FV-03,2017-01-27 14:58:00,12.96751,79.7773,3.9,235.0,Fishing
419601001,Tug KPL-1,2017-01-27 14:58:00,13.22784,80.29896,3.4,345.4,Tug
419601004,Tug Ennore,2017-01-27 14:58:00,13.2918,80.28422,4.7,148.8,Tug
419201003,MV Ennore Express,2017-01-27 14:59:00,13.27851,80.31968,0.0,2.7,Cargo
419301006,MT Triton,2017-01-27 14:59:00,13.26401,80.31098,0,0.4,Tanker
419201001,MV Vishakha Star,2017-01-27 14:59:00,13.20534,80.46905,0,358.2,Cargo
419401003,MV Bay Express,2017-01-27 14:59:00,15.38548,81.84691,14.0,354.7,Container
419301005,MT Coastal Trader,2017-01-27 14:59:00,13.7988,79.80961,10.1,309.3,Tanker
419501012,Royapuram FV,2017-01-27 14:59:00,12.56171,80.80635,5.4,140.2,Fishing
419201006,MV KPL Carrier,2017-01-27 15:00:00,13.24836,80.35061,0,86.0,Cargo
419301002,MT Chennai Petro,2017-01-27 15:00:00,13.1057,80.52909,0.2,358.7,Tanker
558201001,MV Coral Sea,2017-01-27 15:00:00,12.09965,82.00909,13.6,283.2,Cargo
636401001,MV Atlantic Bridge,2017-01-27 15:00:00,17.89841,81.88248,16.8,354.6,Container
357401001,MV Orient Trader,2017-01-27 15:00:00,13.88787,82.42462,16.6,4.0,Container
419053900,MT Dawn Kanchipuram,2017-01-27 15:01:00,13.50409,80.6792,9.9,326.0,Tanker
419301001,MT Sanmar Spirit,2017-01-27 15:01:00,13.24466,80.38666,0.4,92.7,Tanker
419301007,MT Bay Tanker,2017-01-27 15:01:00,13.14949,80.46068,0.4,356.9,Tanker
419501002,Chennai FV-02,2017-01-27 15:01:00,13.6427,80.84791,5.1,66.9,Fishing
419301004,MT POL Voyager,2017-01-27 15:02:00,13.24595,80.41922,0.1,359.9,Tanker
419501004,Ennore FV-11,2017-01-27 15:02:00,12.61243,80.73401,4.7,146.8,Fishing
419501014,Chennai FV-11,2017-01-27 15:02:00,13.52133,79.98638,4.2,314.6,Fishing
419601002,Tug KPL-2,2017-01-27 15:02:00,13.21029,80.32308,3.9,309.9,Tug
419601003,Pilot KPL,2017-01-27 15:02:00,13.23992,80.30957,3.2,331.9,Tug
419201003,MV Ennore Express,2017-01-27 15:03:00,13.27984,80.31891,0.1,359.0,Cargo
419201004,MV Coastal Glory,2017-01-27 15:03:00,13.31021,80.31481,0.3,357.2,Cargo
419201002,MV APJ Kiran,2017-01-27 15:03:00,13.17136,80.49961,0.6,1.4,Cargo
636201001,MV Fortune Bulker,2017-01-27 15:03:00,11.99118,81.33029,14.1,284.9,Cargo
419201010,MV KPL Vishal,2017-01-27 15:03:00,13.50305,79.28972,12.9,295.1,Cargo
419501007,Pulicat FV-02,2017-01-27 15:03:00,13.58819,79.39026,4.6,266.3,Fishing
419201006,MV KPL Carrier,2017-01-27 15:04:00,13.24777,80.34954,0.0,88.3,Cargo
419201007,MV Sakthi Pride,2017-01-27 15:04:00,13.2533,80.31821,0.3,359.8,Cargo
419301003,MT Coromandel King,2017-01-27 15:04:00,13.2619,80.34038,0.2,2.2,Tanker
419301006,MT Triton,2017-01-27 15:04:00,13.26595,80.30965,0.1,6.1,Tanker
538301001,MT Gulf Carrier,2017-01-27 15:04:00,13.07525,80.55035,0.1,358.3,Tanker
419201005,MV Eastern Star,2017-01-27 15:04:00,12.76454,80.4724,14.4,286.6,Cargo
419201008,MV Chennai Bulk,2017-01-27 15:04:00,12.82157,80.72191,12.4,285.8,Cargo
419501001,Chennai FV-01,2017-01-27 15:04:00,13.07285,80.75847,4.1,119.9,Fishing
419501011,Marina FV-01,2017-01-27 15:04:00,12.65276,80.64209,4.2,134.2,Fishing
419301001,MT Sanmar Spirit,2017-01-27 15:05:00,13.24478,80.38454,0.7,89.0,Tanker
419201001,MV Vishakha Star,2017-01-27 15:05:00,13.20492,80.4702,0.1,359.6,Cargo
419301005,MT Coastal Trader,2017-01-27 15:05:00,13.81443,79.79162,10.2,315.7,Tanker
419501010,North FV-01,2017-01-27 15:05:00,13.5873,81.31191,6.3,59.5,Fishing
419301002,MT Chennai Petro,2017-01-27 15:06:00,13.10427,80.53128,0,357.3,Tanker
419301007,MT Bay Tanker,2017-01-27 15:06:00,13.14984,80.45981,0.4,0.1,Tanker
558201001,MV Coral Sea,2017-01-27 15:06:00,12.10499,81.97687,13.4,282.8,Cargo
419401002,MV Coromandel Trade,2017-01-27 15:06:00,13.7444,82.53654,13.9,0.5,Container
419501008,Kovalam FV-01,2017-01-27 15:06:00,12.11947,80.43678,4.9,167.3,Fishing
419501009,Kovalam FV-02,2017-01-27 15:06:00,12.70367,80.80159,3.7,102.0,Fishing
419201004,MV Coastal Glory,2017-01-27 15:07:00,13.30809,80.31608,0,1.7,Cargo
419301004,MT POL Voyager,2017-01-27 15:07:00,13.24479,80.42037,0,359.6,Tanker
419201009,MV Ennore Pioneer,2017-01-27 15:07:00,12.30274,81.73957,11.9,283.0,Cargo
566401001,MV Singapore Star,2017-01-27 15:07:00,12.51042,83.41541,15.2,2.4,Container
419201006,MV KPL Carrier,2017-01-27 15:08:00,13.2481,80.35296,0.1,89.4,Cargo
419501005,Ennore FV-12,2017-01-27 15:08:00,13.47824,79.64931,5.2,290.2,Fishing
419201003,MV Ennore Express,2017-01-27 15:09:00,13.28052,80.31955,0,1.9,Cargo
419301006,MT Triton,2017-01-27 15:09:00,13.26467,80.30952,0,1.6,Tanker
538301001,MT Gulf Carrier,2017-01-27 15:09:00,13.0751,80.55082,0,0.1,Tanker
419401001,MV Chennai Express,2017-01-27 15:09:00,12.03206,82.54291,14.4,358.7,Container
419201007,MV Sakthi Pride,2017-01-27 15:10:00,13.25175,80.31718,0.2,357.7,Cargo
419301001,MT Sanmar Spirit,2017-01-27 15:10:00,13.24445,80.38623,0.2,87.6,Tanker
419301003,MT Coromandel King,2017-01-27 15:10:00,13.26196,80.34156,0.2,359.8,Tanker
419201002,MV APJ Kiran,2017-01-27 15:10:00,13.17123,80.49949,0,2.5,Cargo
419501006,Pulicat FV-01,2017-01-27 15:10:00,13.69888,80.70301,3.6,89.5,Fishing
419501013,Ennore FV-21,2017-01-27 15:10:00,12.66162,80.34958,5.2,187.1,Fishing
419053900,MT Dawn Kanchipuram,2017-01-27 15:11:00,13.52329,80.66409,9.6,324.7,Tanker
419201001,MV Vishakha Star,2017-01-27 15:11:00,13.20517,80.46946,0,356.9,Cargo
636201001,MV Fortune Bulker,2017-01-27 15:11:00,11.99694,81.30094,14.3,276.3,Cargo
419201008,MV Chennai Bulk,2017-01-27 15:11:00,12.82848,80.69411,12.3,282.3,Cargo
419201010,MV KPL Vishal,2017-01-27 15:11:00,13.51243,79.26037,13.4,290.1,Cargo
419501015,North FV-21,2017-01-27 15:11:00,12.91568,80.36417,4.3,167.6,Fishing
419201004,MV Coastal Glory,2017-01-27 15:12:00,13.30768,80.3151,0.8,359.3,Cargo
419201006,MV KPL Carrier,2017-01-27 15:12:00,13.24653,80.34939,0.6,91.5,Cargo
419301002,MT Chennai Petro,2017-01-27 15:12:00,13.10413,80.53011,0.2,0.4,Tanker
419301007,MT Bay Tanker,2017-01-27 15:12:00,13.15076,80.46,0,2.9,Tanker
419201003,MV Ennore Express,2017-01-27 15:13:00,13.27824,80.31866,0,1.0,Cargo
419201005,MV Eastern Star,2017-01-27 15:13:00,12.77259,80.43967,13.8,287.4,Cargo
477401001,MV Pacific Highway,2017-01-27 15:13:00,12.06916,82.93918,16.9,8.4,Container
419401003,MV Bay Express,2017-01-27 15:13:00,15.4432,81.83994,14.1,355.5,Container
419201007,MV Sakthi Pride,2017-01-27 15:14:00,13.25216,80.31799,0,0.4,Cargo
419301006,MT Triton,2017-01-27 15:14:00,13.26515,80.31107,0,357.0,Tanker
419301004,MT POL Voyager,2017-01-27 15:14:00,13.24504,80.41773,0,0.3,Tanker
558201001,MV Coral Sea,2017-01-27 15:14:00,12.11164,81.94733,13.3,282.5,Cargo
419301005,MT Coastal Trader,2017-01-27 15:14:00,13.83037,79.77566,10.3,315.4,Tanker
419301001,MT Sanmar Spirit,2017-01-27 15:15:00,13.2437,80.38769,0.8,89.3,Tanker
538301001,MT Gulf Carrier,2017-01-27 15:15:00,13.07471,80.55154,0.1,359.8,Tanker
419501002,Chennai FV-02,2017-01-27 15:15:00,13.64901,80.87304,5.2,71.6,Fishing
419501004,Ennore FV-11,2017-01-27 15:15:00,12.59117,80.74565,4.7,154.7,Fishing
419501012,Royapuram FV,2017-01-27 15:15:00,12.54294,80.82415,5.2,139.9,Fishing
419201006,MV KPL Carrier,2017-01-27 15:16:00,13.24784,80.34952,0.5,91.0,Cargo
419301003,MT Coromandel King,2017-01-27 15:16:00,13.26244,80.34015,0,356.8,Tanker
419201009,MV Ennore Pioneer,2017-01-27 15:16:00,12.30926,81.7115,13.1,281.8,Cargo
357401001,MV Orient Trader,2017-01-27 15:16:00,13.957,82.43276,16.7,1.8,Container
419601002,Tug KPL-2,2017-01-27 15:16:00,13.21241,80.29085,4.6,62.8,Tug
419201003,MV Ennore Express,2017-01-27 15:17:00,13.27932,80.31928,0,357.2,Cargo
419201004,MV Coastal Glory,2017-01-27 15:17:00,13.31083,80.31478,0.1,2.1,Cargo
419201001,MV Vishakha Star,2017-01-27 15:17:00,13.20457,80.47069,0.0,2.1,Cargo
419201002,MV APJ Kiran,2017-01-27 15:17:00,13.16984,80.49988,0.0,358.8,Cargo
636201001,MV Fortune Bulker,2017-01-27 15:17:00,12.00345,81.26947,13.7,280.3,Cargo
419201008,MV Chennai Bulk,2017-01-27 15:17:00,12.83602,80.66785,12.3,283.1,Cargo
636401001,MV Atlantic Bridge,2017-01-27 15:17:00,17.965,81.8741,16.7,353.7,Container
419501003,Chennai FV-03,2017-01-27 15:17:00,12.95481,79.76195,3.7,234.2,Fishing
419301007,MT Bay Tanker,2017-01-27 15:18:00,13.14922,80.46077,0,0.3,Tanker
419501011,Marina FV-01,2017-01-27 15:18:00,12.63625,80.65806,4.2,140.9,Fishing
419601003,Pilot KPL,2017-01-27 15:18:00,13.26996,80.29565,4.0,57.4,Tug
419601004,Tug Ennore,2017-01-27 15:18:00,13.27458,80.28332,3.5,39.4,Tug
419301002,MT Chennai Petro,2017-01-27 15:19:00,13.10412,80.52819,0.2,359.0,Tanker
419501009,Kovalam FV-02,2017-01-27 15:19:00,12.70078,80.82018,3.7,99.3,Fishing
419053900,MT Dawn Kanchipuram,2017-01-27 15:20:00,13.53893,80.65061,10.0,320.0,Tanker
419201007,MV Sakthi Pride,2017-01-27 15:20:00,13.25186,80.31936,0,0.6,Cargo
419301006,MT Triton,2017-01-27 15:20:00,13.26329,80.30912,0,360.0,Tanker
538301001,MT Gulf Carrier,2017-01-27 15:20:00,13.07457,80.55064,0.0,359.0,Tanker
419201005,MV Eastern Star,2017-01-27 15:20:00,12.77926,80.41073,14.0,286.1,Cargo
558201001,MV Coral Sea,2017-01-27 15:20:00,12.11933,81.92061,13.2,279.8,Cargo
419201010,MV KPL Vishal,2017-01-27 15:20:00,13.52227,79.23228,13.5,289.5,Cargo
419201004,MV Coastal Glory,2017-01-27 15:21:00,13.31054,80.3148,0.2,358.5,Cargo
419201006,MV KPL Carrier,2017-01-27 15:21:00,13.24754,80.35127,0.8,90.4,Cargo
419301001,MT Sanmar Spirit,2017-01-27 15:21:00,13.24488,80.38605,0.6,91.8,Tanker
419301003,MT Coromandel King,2017-01-27 15:21:00,13.26489,80.34083,0,0.2,Tanker
419301004,MT POL Voyager,2017-01-27 15:21:00,13.24423,80.41913,0,359.0,Tanker
566401001,MV Singapore Star,2017-01-27 15:21:00,12.57433,83.42518,15.6,5.5,Container
419201003,MV Ennore Express,2017-01-27 15:22:00,13.28059,80.31887,0.2,1.7,Cargo
419201001,MV Vishakha Star,2017-01-27 15:22:00,13.2043,80.47065,0.1,358.7,Cargo
419401002,MV Coromandel Trade,2017-01-27 15:22:00,13.80389,82.54055,13.7,1.6,Container
419301005,MT Coastal Trader,2017-01-27 15:22:00,13.8463,79.7594,10.1,313.0,Tanker
419601001,Tug KPL-1,2017-01-27 15:22:00,13.22177,80.34118,4.3,274.7,Tug
419501014,Chennai FV-11,2017-01-27 15:23:00,13.5358,79.97238,3.8,314.8,Fishing
419201002,MV APJ Kiran,2017-01-27 15:24:00,13.17276,80.49831,0.4,1.3,Cargo
419501013,Ennore FV-21,2017-01-27 15:24:00,12.64031,80.34726,4.7,183.6,Fishing
419201006,MV KPL Carrier,2017-01-27 15:25:00,13.24697,80.35239,0.3,86.2,Cargo
419201007,MV Sakthi Pride,2017-01-27 15:25:00,13.25101,80.31701,0,358.4,Cargo
419301002,MT Chennai Petro,2017-01-27 15:25:00,13.10614,80.5317,0.0,356.3,Tanker
419301007,MT Bay Tanker,2017-01-27 15:25:00,13.15024,80.45958,0.3,357.3,Tanker
419501007,Pulicat FV-02,2017-01-27 15:25:00,13.5867,79.3674,4.2,265.5,Fishing
419201003,MV Ennore Express,2017-01-27 15:26:00,13.28007,80.31876,0.1,1.3,Cargo
419201004,MV Coastal Glory,2017-01-27 15:26:00,13.31022,80.31734,0.2,0.2,Cargo
419301006,MT Triton,2017-01-27 15:26:00,13.26434,80.3088,0.1,0.1,Tanker
636201001,MV Fortune Bulker,2017-01-27 15:26:00,12.00836,81.23766,14.0,281.0,Cargo
419201009,MV Ennore Pioneer,2017-01-27 15:26:00,12.31483,81.68471,12.9,280.7,Cargo
419501001,Chennai FV-01,2017-01-27 15:26:00,13.06187,80.77656,3.6,123.0,Fishing
419501008,Kovalam FV-01,2017-01-27 15:26:00,12.09493,80.44316,5.3,165.0,Fishing
419053900,MT Dawn Kanchipuram,2017-01-27 15:27:00,13.55664,80.63639,10.0,323.5,Tanker
419301001,MT Sanmar Spirit,2017-01-27 15:27:00,13.24481,80.38882,0.5,89.8,Tanker
419301003,MT Coromandel King,2017-01-27 15:27:00,13.264,80.33919,0.2,358.7,Tanker
538301001,MT Gulf Carrier,2017-01-27 15:27:00,13.07532,80.54925,0.0,1.1,Tanker
419201005,MV Eastern Star,2017-01-27 15:27:00,12.78839,80.37866,13.5,283.8,Cargo
419201008,MV Chennai Bulk,2017-01-27 15:27:00,12.8457,80.64138,12.1,285.0,Cargo
419401001,MV Chennai Express,2017-01-27 15:27:00,12.09373,82.54515,15.4,3.0,Container
419501005,Ennore FV-12,2017-01-27 15:27:00,13.48853,79.62679,5.2,286.8,Fishing
419301004,MT POL Voyager,2017-01-27 15:28:00,13.24486,80.42094,0,358.8,Tanker
558201001,MV Coral Sea,2017-01-27 15:28:00,12.12381,81.89053,13.7,282.2,Cargo
419201010,MV KPL Vishal,2017-01-27 15:28:00,13.53355,79.20308,13.4,290.1,Cargo
419501010,North FV-01,2017-01-27 15:28:00,13.60094,81.33999,5.9,61.8,Fishing
419201006,MV KPL Carrier,2017-01-27 15:29:00,13.24682,80.35005,0,91.8,Cargo
419201001,MV Vishakha Star,2017-01-27 15:29:00,13.20424,80.47092,0,357.6,Cargo
419201002,MV APJ Kiran,2017-01-27 15:29:00,13.17154,80.49964,0,359.7,Cargo
357401001,MV Orient Trader,2017-01-27 15:29:00,14.02752,82.44057,17.4,7.3,Container
419301005,MT Coastal Trader,2017-01-27 15:29:00,13.86147,79.74047,10.4,315.3,Tanker
419501006,Pulicat FV-01,2017-01-27 15:29:00,13.70054,80.72246,3.8,87.7,Fishing
419301002,MT Chennai Petro,2017-01-27 15:30:00,13.10657,80.53044,0,355.6,Tanker
477401001,MV Pacific Highway,2017-01-27 15:30:00,12.14272,82.94612,17.0,7.2,Container
419401003,MV Bay Express,2017-01-27 15:30:00,15.50313,81.83568,14.1,354.1,Container
419201003,MV Ennore Express,2017-01-27 15:31:00,13.28248,80.31919,0,5.0,Cargo
419201004,MV Coastal Glory,2017-01-27 15:31:00,13.31129,80.31474,0.6,1.0,Cargo
419201007,MV Sakthi Pride,2017-01-27 15:31:00,13.25192,80.31793,0.0,359.9,Cargo
419301006,MT Triton,2017-01-27 15:31:00,13.26454,80.31,0,359.9,Tanker
419301007,MT Bay Tanker,2017-01-27 15:31:00,13.14804,80.45967,0,359.7,Tanker
419301003,MT Coromandel King,2017-01-27 15:32:00,13.26423,80.33679,0.1,0.9,Tanker
636201001,MV Fortune Bulker,2017-01-27 15:32:00,12.01374,81.20822,13.5,278.8,Cargo
419501011,Marina FV-01,2017-01-27 15:32:00,12.62003,80.66952,4.2,138.6,Fishing
419201006,MV KPL Carrier,2017-01-27 15:33:00,13.24766,80.35193,0,92.3,Cargo
419301001,MT Sanmar Spirit,2017-01-27 15:33:00,13.244,80.38703,0.4,86.1,Tanker
419301004,MT POL Voyager,2017-01-27 15:33:00,13.24656,80.41983,0.2,358.5,Tanker
419201005,MV Eastern Star,2017-01-27 15:33:00,12.79677,80.34784,14.1,284.2,Cargo
419501015,North FV-21,2017-01-27 15:33:00,12.89488,80.37099,4.4,163.6,Fishing
419053900,MT Dawn Kanchipuram,2017-01-27 15:34:00,13.57361,80.62316,10.2,319.1,Tanker
419201001,MV Vishakha Star,2017-01-27 15:34:00,13.2062,80.46966,0.6,357.5,Cargo
419201002,MV APJ Kiran,2017-01-27 15:34:00,13.17292,80.49852,0,4.1,Cargo
538301001,MT Gulf Carrier,2017-01-27 15:34:00,13.07545,80.54759,0.1,359.3,Tanker
558201001,MV Coral Sea,2017-01-27 15:34:00,12.13115,81.86248,13.4,283.4,Cargo
419201009,MV Ennore Pioneer,2017-01-27 15:34:00,12.32156,81.65555,12.9,278.6,Cargo
636401001,MV Atlantic Bridge,2017-01-27 15:34:00,18.03574,81.86882,16.7,359.4,Container
419501003,Chennai FV-03,2017-01-27 15:34:00,12.94429,79.74418,3.6,233.4,Fishing
419201003,MV Ennore Express,2017-01-27 15:35:00,13.28077,80.32062,0.5,358.8,Cargo
419201007,MV Sakthi Pride,2017-01-27 15:35:00,13.25229,80.31833,0,0.4,Cargo
419301002,MT Chennai Petro,2017-01-27 15:35:00,13.10564,80.52915,0.1,1.6,Tanker
419201008,MV Chennai Bulk,2017-01-27 15:35:00,12.85351,80.61522,12.4,286.9,Cargo
419401002,MV Coromandel Trade,2017-01-27 15:35:00,13.85967,82.5425,13.9,3.2,Container
419501012,Royapuram FV,2017-01-27 15:35:00,12.52478,80.84286,5.2,141.4,Fishing
419301003,MT Coromandel King,2017-01-27 15:36:00,13.26359,80.34041,0,358.1,Tanker
419201010,MV KPL Vishal,2017-01-27 15:36:00,13.54287,79.17505,13.3,293.4,Cargo
419501004,Ennore FV-11,2017-01-27 15:36:00,12.57053,80.75956,4.8,147.8,Fishing
419501009,Kovalam FV-02,2017-01-27 15:36:00,12.69782,80.83897,3.5,98.9,Fishing
419601001,Tug KPL-1,2017-01-27 15:36:00,13.22535,80.28898,4.2,52.0,Tug
419201004,MV Coastal Glory,2017-01-27 15:37:00,13.31328,80.31469,0.5,359.4,Cargo
419301006,MT Triton,2017-01-27 15:37:00,13.2641,80.31174,0.1,359.8,Tanker
419301007,MT Bay Tanker,2017-01-27 15:37:00,13.15086,80.46168,0,357.5,Tanker
419501002,Chennai FV-02,2017-01-27 15:37:00,13.65963,80.89883,5.2,72.8,Fishing
419601003,Pilot KPL,2017-01-27 15:37:00,13.25414,80.31012,3.5,21.4,Tug
419201006,MV KPL Carrier,2017-01-27 15:38:00,13.24761,80.35156,0.1,90.1,Cargo
419301004,MT POL Voyager,2017-01-27 15:38:00,13.24642,80.421,0.3,358.9,Tanker
419501014,Chennai FV-11,2017-01-27 15:38:00,13.548,79.95883,4.1,314.9,Fishing
419201007,MV Sakthi Pride,2017-01-27 15:39:00,13.25375,80.31758,0.4,359.1,Cargo
419301001,MT Sanmar Spirit,2017-01-27 15:39:00,13.24345,80.3885,0.6,92.3,Tanker
419201002,MV APJ Kiran,2017-01-27 15:39:00,13.17302,80.50017,0.1,357.4,Cargo
566401001,MV Singapore Star,2017-01-27 15:39:00,12.63665,83.43554,15.5,6.3,Container
419301005,MT Coastal Trader,2017-01-27 15:39:00,13.87545,79.72435,10.8,311.9,Tanker
419501007,Pulicat FV-02,2017-01-27 15:39:00,13.58551,79.34611,4.5,264.1,Fishing
419601004,Tug Ennore,2017-01-27 15:39:00,13.27201,80.29145,4.5,332.1,Tug
419053900,MT Dawn Kanchipuram,2017-01-27 15:40:00,13.59027,80.60949,10.0,322.7,Tanker
419301003,MT Coromandel King,2017-01-27 15:40:00,13.26211,80.33998,0.4,0.9,Tanker
419201009,MV Ennore Pioneer,2017-01-27 15:40:00,12.32904,81.62769,13.0,282.0,Cargo
419501008,Kovalam FV-01,2017-01-27 15:40:00,12.07129,80.44946,4.6,167.8,Fishing
419201003,MV Ennore Express,2017-01-27 15:41:00,13.28008,80.3216,0.3,359.3,Cargo
419201001,MV Vishakha Star,2017-01-27 15:41:00,13.20642,80.47101,0.5,359.5,Cargo
538301001,MT Gulf Carrier,2017-01-27 15:41:00,13.07546,80.55109,0,3.9,Tanker
558201001,MV Coral Sea,2017-01-27 15:41:00,12.13633,81.83141,13.9,280.5,Cargo
636201001,MV Fortune Bulker,2017-01-27 15:41:00,12.0185,81.17598,13.8,283.1,Cargo
419501001,Chennai FV-01,2017-01-27 15:41:00,13.05284,80.79479,4.2,125.3,Fishing
419301002,MT Chennai Petro,2017-01-27 15:42:00,13.10485,80.52898,0,357.7,Tanker
419401001,MV Chennai Express,2017-01-27 15:42:00,12.15598,82.54856,14.4,355.9,Container
477401001,MV Pacific Highway,2017-01-27 15:42:00,12.21413,82.95233,17.0,5.5,Container
419401003,MV Bay Express,2017-01-27 15:42:00,15.56256,81.83094,14.3,352.3,Container
419601002,Tug KPL-2,2017-01-27 15:42:00,13.23887,80.2918,3.8,74.9,Tug
419201004,MV Coastal Glory,2017-01-27 15:43:00,13.30995,80.31439,0.4,0.4,Cargo
419201006,MV KPL Carrier,2017-01-27 15:43:00,13.24846,80.35124,0.3,90.0,Cargo
419201007,MV Sakthi Pride,2017-01-27 15:43:00,13.25354,80.31691,0,0.0,Cargo
419301001,MT Sanmar Spirit,2017-01-27 15:43:00,13.24372,80.38694,0.3,89.7,Tanker
419301006,MT Triton,2017-01-27 15:43:00,13.2644,80.30995,0.5,2.2,Tanker
419301004,MT POL Voyager,2017-01-27 15:43:00,13.24621,80.41961,0.2,357.7,Tanker
419201005,MV Eastern Star,2017-01-27 15:43:00,12.80515,80.31778,13.7,288.9,Cargo
419201010,MV KPL Vishal,2017-01-27 15:43:00,13.55468,79.14663,13.5,288.5,Cargo
419301007,MT Bay Tanker,2017-01-27 15:44:00,13.14997,80.45954,0.1,0.8,Tanker
419301003,MT Coromandel King,2017-01-27 15:45:00,13.26343,80.33951,0.5,358.5,Tanker
419201008,MV Chennai Bulk,2017-01-27 15:45:00,12.85949,80.58661,12.5,285.0,Cargo
357401001,MV Orient Trader,2017-01-27 15:45:00,14.09733,82.44762,16.7,7.3,Container
419501013,Ennore FV-21,2017-01-27 15:45:00,12.61716,80.34673,4.6,182.9,Fishing
419201003,MV Ennore Express,2017-01-27 15:46:00,13.28037,80.32002,0,3.5,Cargo
419201002,MV APJ Kiran,2017-01-27 15:46:00,13.17403,80.50146,0,357.0,Cargo
419201009,MV Ennore Pioneer,2017-01-27 15:46:00,12.33348,81.59872,12.8,284.4,Cargo
419501011,Marina FV-01,2017-01-27 15:46:00,12.60515,80.68397,4.3,139.8,Fishing
419201006,MV KPL Carrier,2017-01-27 15:47:00,13.24723,80.35382,0,91.0,Cargo
419201007,MV Sakthi Pride,2017-01-27 15:47:00,13.25281,80.31816,0.1,357.3,Cargo
419201001,MV Vishakha Star,2017-01-27 15:47:00,13.20707,80.46971,0.1,2.3,Cargo
538301001,MT Gulf Carrier,2017-01-27 15:47:00,13.07724,80.54977,0.0,360.0,Tanker
419301005,MT Coastal Trader,2017-01-27 15:47:00,13.89134,79.70592,10.3,312.6,Tanker
419053900,MT Dawn Kanchipuram,2017-01-27 15:48:00,13.60733,80.597,10.0,322.9,Tanker
419201004,MV Coastal Glory,2017-01-27 15:48:00,13.31375,80.3142,0.4,2.7,Cargo
419301001,MT Sanmar Spirit,2017-01-27 15:48:00,13.2451,80.38922,0,89.3,Tanker
419301004,MT POL Voyager,2017-01-27 15:48:00,13.24743,80.41911,0.5,1.1,Tanker
636201001,MV Fortune Bulker,2017-01-27 15:48:00,12.0234,81.14446,14.1,280.2,Cargo
419501003,Chennai FV-03,2017-01-27 15:48:00,12.93141,79.72978,3.9,232.3,Fishing
419501005,Ennore FV-12,2017-01-27 15:48:00,13.49371,79.60025,5.9,290.6,Fishing
419301003,MT Coromandel King,2017-01-27 15:49:00,13.26229,80.33858,0,1.7,Tanker
419301006,MT Triton,2017-01-27 15:49:00,13.26612,80.30974,0,1.5,Tanker
419301002,MT Chennai Petro,2017-01-27 15:49:00,13.10578,80.52941,0,358.0,Tanker
419501010,North FV-01,2017-01-27 15:49:00,13.61417,81.36503,5.5,63.9,Fishing
419301007,MT Bay Tanker,2017-01-27 15:50:00,13.15109,80.46014,0.5,4.8,Tanker
419201005,MV Eastern Star,2017-01-27 15:50:00,12.81158,80.28981,13.6,282.4,Cargo
558201001,MV Coral Sea,2017-01-27 15:50:00,12.14341,81.79944,13.6,279.5,Cargo
636401001,MV Atlantic Bridge,2017-01-27 15:50:00,18.10283,81.86219,16.6,355.9,Container
419501002,Chennai FV-02,2017-01-27 15:50:00,13.66781,80.92665,5.4,69.2,Fishing
419501006,Pulicat FV-01,2017-01-27 15:50:00,13.69693,80.74132,3.8,91.4,Fishing
419201003,MV Ennore Express,2017-01-27 15:51:00,13.28073,80.32093,0.1,356.8,Cargo
419501015,North FV-21,2017-01-27 15:51:00,12.87352,80.37607,4.4,164.3,Fishing
419201001,MV Vishakha Star,2017-01-27 15:52:00,13.20651,80.47032,0,3.6,Cargo
419201002,MV APJ Kiran,2017-01-27 15:52:00,13.17381,80.50066,0.1,1.6,Cargo
538301001,MT Gulf Carrier,2017-01-27 15:52:00,13.07721,80.54939,0.3,358.5,Tanker
419201010,MV KPL Vishal,2017-01-27 15:52:00,13.56343,79.1195,13.4,288.3,Cargo
419401002,MV Coromandel Trade,2017-01-27 15:52:00,13.91643,82.54653,13.9,1.8,Container
566401001,MV Singapore Star,2017-01-27 15:52:00,12.69842,83.44536,15.2,7.2,Container
419501009,Kovalam FV-02,2017-01-27 15:52:00,12.69396,80.85591,3.8,103.7,Fishing
419201006,MV KPL Carrier,2017-01-27 15:53:00,13.24708,80.35332,0.1,92.3,Cargo
419201007,MV Sakthi Pride,2017-01-27 15:53:00,13.25335,80.31944,0,2.1,Cargo
419301004,MT POL Voyager,2017-01-27 15:53:00,13.24733,80.41846,0.3,358.2,Tanker
419201008,MV Chennai Bulk,2017-01-27 15:53:00,12.86922,80.55822,12.5,287.5,Cargo
419201009,MV Ennore Pioneer,2017-01-27 15:53:00,12.34039,81.57208,13.0,283.8,Cargo
419501004,Ennore FV-11,2017-01-27 15:53:00,12.55062,80.77047,4.5,149.4,Fishing
419201004,MV Coastal Glory,2017-01-27 15:54:00,13.31347,80.31435,0.4,0.8,Cargo
419301001,MT Sanmar Spirit,2017-01-27 15:54:00,13.24519,80.38799,0.0,91.0,Tanker
419301003,MT Coromandel King,2017-01-27 15:55:00,13.26536,80.33972,0,1.8,Tanker
419301006,MT Triton,2017-01-27 15:55:00,13.26563,80.31103,0,0.7,Tanker
419301002,MT Chennai Petro,2017-01-27 15:55:00,13.10697,80.53133,0.4,359.4,Tanker
419401001,MV Chennai Express,2017-01-27 15:55:00,12.21688,82.54878,14.4,2.7,Container
419053900,MT Dawn Kanchipuram,2017-01-27 15:56:00,13.6245,80.58299,10.1,322.1,Tanker
419201003,MV Ennore Express,2017-01-27 15:56:00,13.28327,80.32004,0.2,360.0,Cargo
419301007,MT Bay Tanker,2017-01-27 15:56:00,13.15015,80.45986,0.3,0.8,Tanker
636201001,MV Fortune Bulker,2017-01-27 15:56:00,12.02692,81.11375,14.0,282.8,Cargo
419501014,Chennai FV-11,2017-01-27 15:56:00,13.56498,79.94572,4.2,313.9,Fishing
419201002,MV APJ Kiran,2017-01-27 15:57:00,13.17251,80.49855,0.6,5.3,Cargo
419201005,MV Eastern Star,2017-01-27 15:57:00,12.81818,80.2572,13.8,287.5,Cargo
419301005,MT Coastal Trader,2017-01-27 15:57:00,13.90604,79.691,10.2,314.2,Tanker
419601002,Tug KPL-2,2017-01-27 15:57:00,13.25146,80.31198,4.5,180.9,Tug
419601004,Tug Ennore,2017-01-27 15:57:00,13.25394,80.29812,4.9,200.7,Tug
419201004,MV Coastal Glory,2017-01-27 15:58:00,13.31346,80.31488,0.3,354.4,Cargo
419201007,MV Sakthi Pride,2017-01-27 15:58:00,13.2517,80.31773,0.0,358.4,Cargo
419301001,MT Sanmar Spirit,2017-01-27 15:58:00,13.24274,80.39013,0.1,91.5,Tanker
419301004,MT POL Voyager,2017-01-27 15:58:00,13.24805,80.41983,0,359.2,Tanker
558201001,MV Coral Sea,2017-01-27 15:58:00,12.1505,81.7698,12.9,280.6,Cargo
419501012,Royapuram FV,2017-01-27 15:58:00,12.50714,80.85671,5.2,135.9,Fishing
419201006,MV KPL Carrier,2017-01-27 15:59:00,13.24781,80.35213,0.3,88.5,Cargo
419201001,MV Vishakha Star,2017-01-27 15:59:00,13.20802,80.46885,0,360.0,Cargo
538301001,MT Gulf Carrier,2017-01-27 15:59:00,13.07624,80.54972,0.2,2.5,Tanker
477401001,MV Pacific Highway,2017-01-27 15:59:00,12.28469,82.9587,16.5,1.5,Container
419501007,Pulicat FV-02,2017-01-27 15:59:00,13.58267,79.3265,4.3,264.6,Fishing
419301003,MT Coromandel King,2017-01-27 16:00:00,13.2633,80.34029,0.0,1.0,Tanker
419201010,MV KPL Vishal,2017-01-27 16:00:00,13.57272,79.09038,13.5,287.9,Cargo
419401003,MV Bay Express,2017-01-27 16:00:00,15.62052,81.82524,14.8,356.1,Container
419501001,Chennai FV-01,2017-01-27 16:00:00,13.04026,80.81278,4.3,118.7,Fishing
419501013,Ennore FV-21,2017-01-27 16:00:00,12.59544,80.3438,4.6,184.2,Fishing
419301006,MT Triton,2017-01-27 16:01:00,13.26475,80.30971,0,0.4,Tanker
419301002,MT Chennai Petro,2017-01-27 16:01:00,13.10701,80.53056,0.3,359.8,Tanker
419301007,MT Bay Tanker,2017-01-27 16:01:00,13.14958,80.46113,0,359.8,Tanker
419501008,Kovalam FV-01,2017-01-27 16:01:00,12.04823,80.45465,4.9,170.1,Fishing
419601003,Pilot KPL,2017-01-27 16:01:00,13.28164,80.30555,3.9,336.0,Tug
419201003,MV Ennore Express,2017-01-27 16:02:00,13.28136,80.32019,0.1,359.5,Cargo
419201008,MV Chennai Bulk,2017-01-27 16:02:00,12.87614,80.53172,12.2,287.7,Cargo
419201009,MV Ennore Pioneer,2017-01-27 16:02:00,12.34733,81.5404,13.0,281.8,Cargo
357401001,MV Orient Trader,2017-01-27 16:02:00,14.16727,82.45555,16.8,4.1,Container
419501003,Chennai FV-03,2017-01-27 16:02:00,12.92156,79.71468,3.7,229.0,Fishing
419053900,MT Dawn Kanchipuram,2017-01-27 16:03:00,13.64154,80.56805,9.8,323.9,Tanker
419201004,MV Coastal Glory,2017-01-27 16:03:00,13.3144,80.31623,0,359.9,Cargo
636201001,MV Fortune Bulker,2017-01-27 16:03:00,12.0354,81.08257,13.9,275.6,Cargo
419201007,MV Sakthi Pride,2017-01-27 16:04:00,13.25142,80.3184,0,3.3,Cargo
419301001,MT Sanmar Spirit,2017-01-27 16:04:00,13.24466,80.38863,0.3,87.9,Tanker
419301003,MT Coromandel King,2017-01-27 16:04:00,13.26455,80.33956,0.7,0.9,Tanker
419201001,MV Vishakha Star,2017-01-27 16:04:00,13.20628,80.47123,0.2,0.6,Cargo
419201002,MV APJ Kiran,2017-01-27 16:04:00,13.17484,80.49997,0,1.4,Cargo
419301004,MT POL Voyager,2017-01-27 16:04:00,13.24644,80.41985,0.1,359.9,Tanker
419401002,MV Coromandel Trade,2017-01-27 16:04:00,13.97623,82.54895,14.4,1.8,Container
419601001,Tug KPL-1,2017-01-27 16:04:00,13.25005,80.27721,4.1,74.3,Tug
419201006,MV KPL Carrier,2017-01-27 16:05:00,13.2469,80.35221,0,91.5,Cargo
538301001,MT Gulf Carrier,2017-01-27 16:05:00,13.07689,80.54789,0.2,355.0,Tanker
419301005,MT Coastal Trader,2017-01-27 16:05:00,13.92134,79.67184,10.2,314.7,Tanker
419501005,Ennore FV-12,2017-01-27 16:05:00,13.50374,79.57531,5.3,288.0,Fishing
419301006,MT Triton,2017-01-27 16:06:00,13.26367,80.31019,0,356.7,Tanker
419201005,MV Eastern Star,2017-01-27 16:06:00,12.8258,80.22821,14.3,285.8,Cargo
558201001,MV Coral Sea,2017-01-27 16:06:00,12.15526,81.73985,13.1,282.0,Cargo
636401001,MV Atlantic Bridge,2017-01-27 16:06:00,18.17139,81.85665,16.1,356.4,Container
419501006,Pulicat FV-01,2017-01-27 16:06:00,13.69739,80.76213,3.9,89.6,Fishing
419501009,Kovalam FV-02,2017-01-27 16:06:00,12.68758,80.87467,3.6,101.9,Fishing
419501011,Marina FV-01,2017-01-27 16:06:00,12.58947,80.69811,4.3,141.3,Fishing
419201003,MV Ennore Express,2017-01-27 16:07:00,13.2811,80.31977,0,359.8,Cargo
419301002,MT Chennai Petro,2017-01-27 16:07:00,13.10694,80.53037,0.1,4.3,Tanker
419501015,North FV-21,2017-01-27 16:07:00,12.85526,80.3807,4.4,165.0,Fishing
419201004,MV Coastal Glory,2017-01-27 16:08:00,13.31614,80.31403,0.3,356.1,Cargo
419301003,MT Coromandel King,2017-01-27 16:08:00,13.26325,80.34032,0.4,358.6,Tanker
419301007,MT Bay Tanker,2017-01-27 16:08:00,13.15077,80.4598,0.0,2.4,Tanker
419201008,MV Chennai Bulk,2017-01-27 16:08:00,12.88589,80.50736,12.6,290.2,Cargo
419401001,MV Chennai Express,2017-01-27 16:08:00,12.27938,82.55243,15.0,1.7,Container
419053900,MT Dawn Kanchipuram,2017-01-27 16:09:00,13.65694,80.55585,9.3,324.6,Tanker
419201006,MV KPL Carrier,2017-01-27 16:09:00,13.24598,80.35308,0.3,88.6,Cargo
419201007,MV Sakthi Pride,2017-01-27 16:09:00,13.25289,80.31732,0,359.7,Cargo
419301001,MT Sanmar Spirit,2017-01-27 16:09:00,13.24337,80.38776,0.5,88.1,Tanker
419301004,MT POL Voyager,2017-01-27 16:09:00,13.2459,80.41906,0.4,0.7,Tanker
419201009,MV Ennore Pioneer,2017-01-27 16:09:00,12.35349,81.51334,12.8,281.9,Cargo
419201002,MV APJ Kiran,2017-01-27 16:10:00,13.17468,80.49983,0,357.6,Cargo
419201010,MV KPL Vishal,2017-01-27 16:10:00,13.58351,79.06257,13.5,290.3,Cargo
566401001,MV Singapore Star,2017-01-27 16:10:00,12.76055,83.45382,14.9,9.7,Container
419501010,North FV-01,2017-01-27 16:10:00,13.62782,81.39229,6.1,65.1,Fishing
419301006,MT Triton,2017-01-27 16:11:00,13.26418,80.31015,0,357.8,Tanker
419201001,MV Vishakha Star,2017-01-27 16:11:00,13.20601,80.46985,0.1,357.3,Cargo
538301001,MT Gulf Carrier,2017-01-27 16:11:00,13.07687,80.55135,0,358.3,Tanker
419201003,MV Ennore Express,2017-01-27 16:12:00,13.28323,80.31838,0,357.0,Cargo
419301002,MT Chennai Petro,2017-01-27 16:12:00,13.10525,80.52967,0.1,357.8,Tanker
419201005,MV Eastern Star,2017-01-27 16:12:00,12.83589,80.19535,14.1,282.1,Cargo
419301005,MT Coastal Trader,2017-01-27 16:12:00,13.93767,79.65532,10.1,309.5,Tanker
419501002,Chennai FV-02,2017-01-27 16:12:00,13.67729,80.94974,5.2,67.8,Fishing
419301007,MT Bay Tanker,2017-01-27 16:13:00,13.15015,80.45997,0,356.4,Tanker
636201001,MV Fortune Bulker,2017-01-27 16:13:00,12.03957,81.05248,13.7,282.0,Cargo
419201004,MV Coastal Glory,2017-01-27 16:14:00,13.31294,80.31621,0.4,3.3,Cargo
419201007,MV Sakthi Pride,2017-01-27 16:14:00,13.25178,80.31922,0,2.7,Cargo
419301001,MT Sanmar Spirit,2017-01-27 16:14:00,13.24386,80.38799,0.0,93.2,Tanker
419301003,MT Coromandel King,2017-01-27 16:14:00,13.2642,80.34018,0.3,1.2,Tanker
558201001,MV Coral Sea,2017-01-27 16:14:00,12.1611,81.70898,13.9,280.5,Cargo
419401003,MV Bay Express,2017-01-27 16:14:00,15.67785,81.81941,14.2,353.8,Container
419501001,Chennai FV-01,2017-01-27 16:14:00,13.02893,80.83026,4.5,122.6,Fishing
419201006,MV KPL Carrier,2017-01-27 16:15:00,13.24741,80.35362,0.0,93.0,Cargo
419301006,MT Triton,2017-01-27 16:15:00,13.26548,80.31045,0,356.7,Tanker
419201003,MV Ennore Express,2017-01-27 16:16:00,13.28155,80.32008,0.0,359.1,Cargo
419201001,MV Vishakha Star,2017-01-27 16:16:00,13.20817,80.47013,0.3,359.2,Cargo
419301004,MT POL Voyager,2017-01-27 16:16:00,13.24693,80.41933,0.0,360.0,Tanker
538301001,MT Gulf Carrier,2017-01-27 16:16:00,13.07651,80.55076,0,359.3,Tanker
419201008,MV Chennai Bulk,2017-01-27 16:16:00,12.89441,80.47926,12.4,283.0,Cargo
477401001,MV Pacific Highway,2017-01-27 16:16:00,12.35672,82.96521,16.9,3.5,Container
419501004,Ennore FV-11,2017-01-27 16:16:00,12.52898,80.7833,4.4,151.7,Fishing
419501007,Pulicat FV-02,2017-01-27 16:16:00,13.58135,79.30192,4.2,265.8,Fishing
419501013,Ennore FV-21,2017-01-27 16:16:00,12.57136,80.34121,4.6,182.7,Fishing
419053900,MT Dawn Kanchipuram,2017-01-27 16:17:00,13.67607,80.54244,10.1,320.5,Tanker
419201002,MV APJ Kiran,2017-01-27 16:17:00,13.17511,80.4989,0.1,359.5,Cargo
419201009,MV Ennore Pioneer,2017-01-27 16:17:00,12.35953,81.48526,12.8,283.6,Cargo
419201010,MV KPL Vishal,2017-01-27 16:17:00,13.59518,79.0325,12.7,286.2,Cargo
357401001,MV Orient Trader,2017-01-27 16:17:00,14.23567,82.46455,16.5,8.8,Container
419501014,Chennai FV-11,2017-01-27 16:17:00,13.57694,79.92936,3.9,315.0,Fishing
419601002,Tug KPL-2,2017-01-27 16:17:00,13.21267,80.29425,4.2,286.3,Tug
419301001,MT Sanmar Spirit,2017-01-27 16:19:00,13.24471,80.39192,0.2,89.5,Tanker
419301006,MT Triton,2017-01-27 16:19:00,13.2648,80.31082,0,1.9,Tanker
419301002,MT Chennai Petro,2017-01-27 16:19:00,13.10712,80.52919,0.2,358.3,Tanker
419201005,MV Eastern Star,2017-01-27 16:19:00,12.84402,80.1655,13.6,285.3,Cargo
419301005,MT Coastal Trader,2017-01-27 16:19:00,13.9505,79.63771,10.0,309.7,Tanker
419201004,MV Coastal Glory,2017-01-27 16:20:00,13.31504,80.31479,0,359.5,Cargo
419201007,MV Sakthi Pride,2017-01-27 16:20:00,13.25203,80.31879,0.4,2.1,Cargo
419301003,MT Coromandel King,2017-01-27 16:20:00,13.26472,80.34022,0.1,1.6,Tanker
419301007,MT Bay Tanker,2017-01-27 16:20:00,13.15109,80.4588,0.2,358.5,Tanker
419501005,Ennore FV-12,2017-01-27 16:20:00,13.51104,79.5515,4.8,293.0,Fishing
419501012,Royapuram FV,2017-01-27 16:20:00,12.48629,80.87377,4.7,136.9,Fishing
419601001,Tug KPL-1,2017-01-27 16:20:00,13.24857,80.31063,4.5,88.5,Tug
419201003,MV Ennore Express,2017-01-27 16:21:00,13.28321,80.32031,0.5,2.1,Cargo
419201006,MV KPL Carrier,2017-01-27 16:21:00,13.24811,80.35222,0.2,91.2,Cargo
636201001,MV Fortune Bulker,2017-01-27 16:21:00,12.0463,81.02042,14.3,281.6,Cargo
419401002,MV Coromandel Trade,2017-01-27 16:21:00,14.03298,82.55234,13.9,3.1,Container
419501003,Chennai FV-03,2017-01-27 16:21:00,12.90863,79.69893,3.8,230.5,Fishing
419501008,Kovalam FV-01,2017-01-27 16:21:00,12.02346,80.46305,4.6,168.3,Fishing
419501009,Kovalam FV-02,2017-01-27 16:21:00,12.68579,80.89296,3.3,100.6,Fishing
419501015,North FV-21,2017-01-27 16:21:00,12.83656,80.38474,3.9,163.0,Fishing
419201001,MV Vishakha Star,2017-01-27 16:22:00,13.2082,80.46914,0,0.8,Cargo
419201002,MV APJ Kiran,2017-01-27 16:22:00,13.1746,80.50095,0.4,354.1,Cargo
558201001,MV Coral Sea,2017-01-27 16:22:00,12.16838,81.68021,13.7,283.5,Cargo
419301001,MT Sanmar Spirit,2017-01-27 16:23:00,13.24322,80.39024,0.1,91.3,Tanker
419301006,MT Triton,2017-01-27 16:23:00,13.26446,80.3107,0.2,356.6,Tanker
419301004,MT POL Voyager,2017-01-27 16:23:00,13.24821,80.41957,0.6,0.1,Tanker
538301001,MT Gulf Carrier,2017-01-27 16:23:00,13.07603,80.55014,0.1,358.5,Tanker
419201009,MV Ennore Pioneer,2017-01-27 16:23:00,12.36637,81.45692,12.9,281.2,Cargo
419601003,Pilot KPL,2017-01-27 16:23:00,13.27097,80.32463,4.2,200.2,Tug
419601004,Tug Ennore,2017-01-27 16:23:00,13.26017,80.29605,4.2,38.6,Tug
419201004,MV Coastal Glory,2017-01-27 16:24:00,13.31539,80.31575,0.7,359.6,Cargo
419301003,MT Coromandel King,2017-01-27 16:24:00,13.26461,80.34022,0.0,356.0,Tanker
419301002,MT Chennai Petro,2017-01-27 16:24:00,13.10726,80.53048,0,3.0,Tanker
419401001,MV Chennai Express,2017-01-27 16:24:00,12.34089,82.55499,14.4,3.6,Container
636401001,MV Atlantic Bridge,2017-01-27 16:24:00,18.23658,81.8497,16.6,355.5,Container
419501006,Pulicat FV-01,2017-01-27 16:24:00,13.69848,80.78062,4.0,89.5,Fishing
419201003,MV Ennore Express,2017-01-27 16:25:00,13.28202,80.32071,0.1,359.7,Cargo
419201008,MV Chennai Bulk,2017-01-27 16:25:00,12.90191,80.4518,11.8,288.4,Cargo
419201006,MV KPL Carrier,2017-01-27 16:26:00,13.24693,80.35315,0.5,88.0,Cargo
419201007,MV Sakthi Pride,2017-01-27 16:26:00,13.25157,80.31928,0,358.2,Cargo
419201005,MV Eastern Star,2017-01-27 16:26:00,12.85263,80.13761,14.0,286.1,Cargo
419501010,North FV-01,2017-01-27 16:26:00,13.64122,81.41996,5.7,62.1,Fishing
419053900,MT Dawn Kanchipuram,2017-01-27 16:27:00,13.69234,80.52694,10.3,321.2,Tanker
419301001,MT Sanmar Spirit,2017-01-27 16:27:00,13.24428,80.39222,0.0,87.7,Tanker
419301007,MT Bay Tanker,2017-01-27 16:27:00,13.14928,80.45978,0.0,357.3,Tanker
419201010,MV KPL Vishal,2017-01-27 16:27:00,13.60265,79.0074,13.3,290.4,Cargo
419501011,Marina FV-01,2017-01-27 16:27:00,12.57247,80.71216,4.0,138.3,Fishing
419301006,MT Triton,2017-01-27 16:28:00,13.26528,80.30983,0.1,359.2,Tanker
419201002,MV APJ Kiran,2017-01-27 16:28:00,13.17579,80.50059,0.1,0.2,Cargo
419301004,MT POL Voyager,2017-01-27 16:28:00,13.24959,80.4207,0.1,1.1,Tanker
558201001,MV Coral Sea,2017-01-27 16:28:00,12.17404,81.64926,13.3,280.6,Cargo
636201001,MV Fortune Bulker,2017-01-27 16:28:00,12.05073,80.99033,14.2,278.6,Cargo
566401001,MV Singapore Star,2017-01-27 16:28:00,12.82548,83.46141,15.3,2.9,Container
419201003,MV Ennore Express,2017-01-27 16:29:00,13.28136,80.32008,0.2,1.1,Cargo
419201001,MV Vishakha Star,2017-01-27 16:29:00,13.20803,80.4707,0,3.8,Cargo
419301002,MT Chennai Petro,2017-01-27 16:29:00,13.10826,80.52963,0,359.3,Tanker
538301001,MT Gulf Carrier,2017-01-27 16:29:00,13.07708,80.54973,0,358.1,Tanker
477401001,MV Pacific Highway,2017-01-27 16:29:00,12.42665,82.97285,17.3,1.6,Container
357401001,MV Orient Trader,2017-01-27 16:29:00,14.30538,82.47038,16.4,4.3,Container
419301005,MT Coastal Trader,2017-01-27 16:29:00,13.96626,79.6195,9.7,315.2,Tanker
419501007,Pulicat FV-02,2017-01-27 16:29:00,13.57842,79.28158,4.4,265.2,Fishing
419201004,MV Coastal Glory,2017-01-27 16:30:00,13.31547,80.31582,0,359.8,Cargo
419201006,MV KPL Carrier,2017-01-27 16:30:00,13.24859,80.3543,0,89.6,Cargo
419201007,MV Sakthi Pride,2017-01-27 16:30:00,13.2527,80.31941,0.2,359.1,Cargo
419301003,MT Coromandel King,2017-01-27 16:30:00,13.26586,80.33964,0,359.1,Tanker
419401003,MV Bay Express,2017-01-27 16:30:00,15.73745,81.81598,13.9,352.3,Container
419501002,Chennai FV-02,2017-01-27 16:30:00,13.6841,80.97694,5.7,72.1,Fishing
419201008,MV Chennai Bulk,2017-01-27 16:31:00,12.90876,80.42382,12.3,289.2,Cargo
419301006,MT Triton,2017-01-27 16:32:00,13.26346,80.31012,0,4.3,Tanker
419501004,Ennore FV-11,2017-01-27 16:32:00,12.51004,80.79473,4.6,148.2,Fishing
419301001,MT Sanmar Spirit,2017-01-27 16:33:00,13.24453,80.39086,0.2,95.1,Tanker
419201002,MV APJ Kiran,2017-01-27 16:33:00,13.17538,80.50029,0.6,359.6,Cargo
419201009,MV Ennore Pioneer,2017-01-27 16:33:00,12.37277,81.42876,12.6,280.2,Cargo
419401002,MV Coromandel Trade,2017-01-27 16:33:00,14.09316,82.55441,13.9,6.0,Container
419501012,Royapuram FV,2017-01-27 16:33:00,12.46894,80.89166,5.5,138.9,Fishing
419201006,MV KPL Carrier,2017-01-27 16:34:00,13.24785,80.35392,0.8,94.8,Cargo
419201007,MV Sakthi Pride,2017-01-27 16:34:00,13.252,80.31815,0,359.9,Cargo
419201001,MV Vishakha Star,2017-01-27 16:34:00,13.20811,80.47198,0,2.1,Cargo
419301004,MT POL Voyager,2017-01-27 16:34:00,13.2454,80.41962,0,358.3,Tanker
419301007,MT Bay Tanker,2017-01-27 16:34:00,13.14966,80.46033,0.2,6.0,Tanker
419501015,North FV-21,2017-01-27 16:34:00,12.81564,80.39111,3.9,168.5,Fishing
419053900,MT Dawn Kanchipuram,2017-01-27 16:35:00,13.71035,80.51348,9.6,324.3,Tanker
419201003,MV Ennore Express,2017-01-27 16:35:00,13.28148,80.31934,0.2,0.6,Cargo
419301002,MT Chennai Petro,2017-01-27 16:35:00,13.10779,80.5298,0.0,358.5,Tanker
419201005,MV Eastern Star,2017-01-27 16:35:00,12.85995,80.10575,13.7,281.8,Cargo
558201001,MV Coral Sea,2017-01-27 16:35:00,12.18038,81.61968,13.5,284.3,Cargo
419501001,Chennai FV-01,2017-01-27 16:35:00,13.02041,80.8495,3.9,122.8,Fishing
419201004,MV Coastal Glory,2017-01-27 16:36:00,13.3146,80.31348,0.2,0.8,Cargo
419301003,MT Coromandel King,2017-01-27 16:36:00,13.26705,80.33833,0,357.9,Tanker
538301001,MT Gulf Carrier,2017-01-27 16:36:00,13.07652,80.5495,0.4,359.1,Tanker
419201010,MV KPL Vishal,2017-01-27 16:36:00,13.61322,78.97587,13.0,291.2,Cargo
419501009,Kovalam FV-02,2017-01-27 16:36:00,12.68214,80.91037,3.9,101.1,Fishing
419301001,MT Sanmar Spirit,2017-01-27 16:37:00,13.24445,80.3921,0.6,90.9,Tanker
419501005,Ennore FV-12,2017-01-27 16:37:00,13.51985,79.5256,5.1,289.5,Fishing
419501014,Chennai FV-11,2017-01-27 16:37:00,13.59187,79.91579,4.0,319.1,Fishing
419301006,MT Triton,2017-01-27 16:38:00,13.2658,80.31034,0.2,3.2,Tanker
419201002,MV APJ Kiran,2017-01-27 16:38:00,13.17641,80.50026,0.0,359.1,Cargo
636201001,MV Fortune Bulker,2017-01-27 16:38:00,12.05645,80.95919,14.2,278.9,Cargo
419401001,MV Chennai Express,2017-01-27 16:38:00,12.40114,82.55744,15.1,359.7,Container
636401001,MV Atlantic Bridge,2017-01-27 16:38:00,18.30706,81.84348,16.8,351.1,Container
419501003,Chennai FV-03,2017-01-27 16:38:00,12.897,79.68448,3.8,229.3,Fishing
419601003,Pilot KPL,2017-01-27 16:38:00,13.25477,80.3246,3.6,184.9,Tug
419201003,MV Ennore Express,2017-01-27 16:39:00,13.28303,80.31945,0.5,358.7,Cargo
419201006,MV KPL Carrier,2017-01-27 16:39:00,13.24806,80.35453,0,89.0,Cargo
419301007,MT Bay Tanker,2017-01-27 16:39:00,13.14962,80.46067,0,358.9,Tanker
419201008,MV Chennai Bulk,2017-01-27 16:39:00,12.91676,80.39605,12.0,284.4,Cargo
419201009,MV Ennore Pioneer,2017-01-27 16:39:00,12.37897,81.40019,12.9,284.3,Cargo
419301005,MT Coastal Trader,2017-01-27 16:39:00,13.98323,79.60012,10.3,310.0,Tanker
419501013,Ennore FV-21,2017-01-27 16:39:00,12.54978,80.34143,4.3,182.2,Fishing
419201007,MV Sakthi Pride,2017-01-27 16:40:00,13.25245,80.31714,0.1,0.5,Cargo
419201001,MV Vishakha Star,2017-01-27 16:40:00,13.20666,80.47099,0.3,0.2,Cargo
419501008,Kovalam FV-01,2017-01-27 16:40:00,12.00108,80.46895,4.6,166.2,Fishing
419301003,MT Coromandel King,2017-01-27 16:41:00,13.26366,80.34011,0.5,2.6,Tanker
419301002,MT Chennai Petro,2017-01-27 16:41:00,13.10741,80.53007,0.1,1.1,Tanker
419301004,MT POL Voyager,2017-01-27 16:41:00,13.24938,80.42049,0.3,2.2,Tanker
419501011,Marina FV-01,2017-01-27 16:41:00,12.55488,80.7265,4.6,140.5,Fishing
419601004,Tug Ennore,2017-01-27 16:41:00,13.25496,80.29395,3.8,27.6,Tug
419053900,MT Dawn Kanchipuram,2017-01-27 16:42:00,13.72776,80.49936,9.6,323.4,Tanker
419201004,MV Coastal Glory,2017-01-27 16:42:00,13.3158,80.31518,0.2,0.9,Cargo
419301006,MT Triton,2017-01-27 16:42:00,13.26576,80.30957,0.5,1.1,Tanker
538301001,MT Gulf Carrier,2017-01-27 16:42:00,13.0791,80.55036,0,358.5,Tanker
419201005,MV Eastern Star,2017-01-27 16:42:00,12.86776,80.07363,14.0,284.8,Cargo
558201001,MV Coral Sea,2017-01-27 16:42:00,12.18745,81.59007,13.4,279.4,Cargo
419201010,MV KPL Vishal,2017-01-27 16:42:00,13.62486,78.94869,13.4,288.4,Cargo
357401001,MV Orient Trader,2017-01-27 16:42:00,14.37538,82.47756,17.1,7.4,Container
419501010,North FV-01,2017-01-27 16:42:00,13.65278,81.44698,5.6,60.5,Fishing
419201006,MV KPL Carrier,2017-01-27 16:43:00,13.24786,80.35476,0.0,89.4,Cargo
419301001,MT Sanmar Spirit,2017-01-27 16:43:00,13.24204,80.39204,0.1,88.6,Tanker
419601001,Tug KPL-1,2017-01-27 16:43:00,13.23,80.28279,4.1,203.9,Tug
419601002,Tug KPL-2,2017-01-27 16:43:00,13.23608,80.3287,4.7,33.4,Tug
419201007,MV Sakthi Pride,2017-01-27 16:44:00,13.24982,80.31832,0.0,357.2,Cargo
419201002,MV APJ Kiran,2017-01-27 16:44:00,13.17748,80.49958,0,1.3,Cargo
419201003,MV Ennore Express,2017-01-27 16:45:00,13.28223,80.32019,0,357.6,Cargo
419201001,MV Vishakha Star,2017-01-27 16:45:00,13.20804,80.46902,0,2.2,Cargo
566401001,MV Singapore Star,2017-01-27 16:45:00,12.88731,83.47026,15.6,9.8,Container
419301005,MT Coastal Trader,2017-01-27 16:45:00,13.99696,79.58494,10.5,314.4,Tanker
419201004,MV Coastal Glory,2017-01-27 16:46:00,13.31582,80.31589,0.2,357.9,Cargo
419301007,MT Bay Tanker,2017-01-27 16:46:00,13.15008,80.45892,0.1,358.6,Tanker
419201008,MV Chennai Bulk,2017-01-27 16:46:00,12.92522,80.36954,12.4,289.7,Cargo
419201009,MV Ennore Pioneer,2017-01-27 16:46:00,12.3853,81.37317,13.1,282.0,Cargo
419501007,Pulicat FV-02,2017-01-27 16:46:00,13.57698,79.25963,4.4,262.1,Fishing
419301003,MT Coromandel King,2017-01-27 16:47:00,13.26624,80.34134,0,357.3,Tanker
419301006,MT Triton,2017-01-27 16:47:00,13.26501,80.31071,0,0.6,Tanker
419301002,MT Chennai Petro,2017-01-27 16:47:00,13.10728,80.53016,0,1.7,Tanker
419301004,MT POL Voyager,2017-01-27 16:47:00,13.24848,80.42073,0.1,2.8,Tanker
477401001,MV Pacific Highway,2017-01-27 16:47:00,12.50082,82.97733,17.2,5.9,Container
419501006,Pulicat FV-01,2017-01-27 16:47:00,13.69854,80.8028,3.6,92.2,Fishing
419201007,MV Sakthi Pride,2017-01-27 16:48:00,13.25151,80.31643,0,0.5,Cargo
419301001,MT Sanmar Spirit,2017-01-27 16:48:00,13.24401,80.39263,0.2,88.1,Tanker
538301001,MT Gulf Carrier,2017-01-27 16:48:00,13.07923,80.54839,0.1,360.0,Tanker
636201001,MV Fortune Bulker,2017-01-27 16:48:00,12.06098,80.92734,13.9,281.2,Cargo
419401003,MV Bay Express,2017-01-27 16:48:00,15.79335,81.80976,14.0,353.1,Container
419201003,MV Ennore Express,2017-01-27 16:49:00,13.28113,80.32046,0.3,358.9,Cargo
419201006,MV KPL Carrier,2017-01-27 16:49:00,13.25065,80.35316,0.4,91.5,Cargo
419201002,MV APJ Kiran,2017-01-27 16:49:00,13.17685,80.49994,0.3,356.5,Cargo
419401002,MV Coromandel Trade,2017-01-27 16:50:00,14.1496,82.5573,13.7,2.4,Container
419501002,Chennai FV-02,2017-01-27 16:50:00,13.69371,81.00208,5.0,69.9,Fishing
419053900,MT Dawn Kanchipuram,2017-01-27 16:51:00,13.74479,80.48565,10.2,319.4,Tanker
419301003,MT Coromandel King,2017-01-27 16:51:00,13.26641,80.34035,0,0.3,Tanker
419401001,MV Chennai Express,2017-01-27 16:51:00,12.46381,82.55751,14.5,3.4,Container
419501004,Ennore FV-11,2017-01-27 16:51:00,12.49059,80.80635,4.9,150.1,Fishing
419501005,Ennore FV-12,2017-01-27 16:51:00,13.52703,79.50302,5.6,289.4,Fishing
419201004,MV Coastal Glory,2017-01-27 16:52:00,13.31516,80.31357,0.4,359.4,Cargo
419301006,MT Triton,2017-01-27 16:52:00,13.26616,80.31114,0,0.2,Tanker
419201001,MV Vishakha Star,2017-01-27 16:52:00,13.20771,80.47252,0.0,2.7,Cargo
419301002,MT Chennai Petro,2017-01-27 16:52:00,13.10829,80.53022,0.2,1.6,Tanker
419201005,MV Eastern Star,2017-01-27 16:52:00,12.87606,80.04504,13.7,282.4,Cargo
558201001,MV Coral Sea,2017-01-27 16:52:00,12.19296,81.56159,13.3,279.7,Cargo
419201010,MV KPL Vishal,2017-01-27 16:52:00,13.63561,78.91918,13.1,293.2,Cargo
636401001,MV Atlantic Bridge,2017-01-27 16:52:00,18.3771,81.83666,16.7,353.6,Container
419501003,Chennai FV-03,2017-01-27 16:52:00,12.88654,79.6696,3.7,233.5,Fishing
419201003,MV Ennore Express,2017-01-27 16:53:00,13.28266,80.32023,0.1,357.6,Cargo
419201006,MV KPL Carrier,2017-01-27 16:53:00,13.24689,80.35585,0.2,88.8,Cargo
419201007,MV Sakthi Pride,2017-01-27 16:53:00,13.25198,80.31769,0.1,0.0,Cargo
419301007,MT Bay Tanker,2017-01-27 16:53:00,13.15052,80.46018,0.2,2.1,Tanker
419301005,MT Coastal Trader,2017-01-27 16:53:00,14.01208,79.56737,10.3,315.0,Tanker
419501015,North FV-21,2017-01-27 16:53:00,12.79604,80.39657,4.6,164.2,Fishing
419301001,MT Sanmar Spirit,2017-01-27 16:54:00,13.24373,80.39173,0,91.8,Tanker
419201002,MV APJ Kiran,2017-01-27 16:54:00,13.17875,80.49947,0.4,0.4,Cargo
419301004,MT POL Voyager,2017-01-27 16:54:00,13.24608,80.42088,0.3,0.6,Tanker
636201001,MV Fortune Bulker,2017-01-27 16:54:00,12.06747,80.89517,14.1,279.8,Cargo
419201008,MV Chennai Bulk,2017-01-27 16:54:00,12.93418,80.34284,12.3,289.1,Cargo
419501009,Kovalam FV-02,2017-01-27 16:54:00,12.67861,80.92898,3.7,99.6,Fishing
419501012,Royapuram FV,2017-01-27 16:54:00,12.45037,80.90812,4.8,142.6,Fishing
538301001,MT Gulf Carrier,2017-01-27 16:55:00,13.07814,80.54979,0.5,359.6,Tanker
419501010,North FV-01,2017-01-27 16:55:00,13.66633,81.47116,6.2,60.2,Fishing
419301003,MT Coromandel King,2017-01-27 16:56:00,13.2657,80.34003,0.1,359.5,Tanker
419201009,MV Ennore Pioneer,2017-01-27 16:56:00,12.39279,81.34393,12.8,285.7,Cargo
419501014,Chennai FV-11,2017-01-27 16:56:00,13.60377,79.90188,4.0,316.6,Fishing
419201004,MV Coastal Glory,2017-01-27 16:57:00,13.31496,80.31523,0.1,359.2,Cargo
419201006,MV KPL Carrier,2017-01-27 16:57:00,13.2482,80.35363,0.4,97.1,Cargo
419201001,MV Vishakha Star,2017-01-27 16:57:00,13.20889,80.46737,0.3,357.1,Cargo
419301006,MT Triton,2017-01-27 16:58:00,13.26395,80.31087,0.4,359.3,Tanker
419201005,MV Eastern Star,2017-01-27 16:58:00,12.88172,80.01415,14.0,284.3,Cargo
558201001,MV Coral Sea,2017-01-27 16:58:00,12.19968,81.52941,13.9,281.8,Cargo
419501001,Chennai FV-01,2017-01-27 16:58:00,13.01078,80.86791,4.2,125.4,Fishing
419201003,MV Ennore Express,2017-01-27 16:59:00,13.28258,80.31976,0,359.3,Cargo
419201007,MV Sakthi Pride,2017-01-27 16:59:00,13.25223,80.3178,0,358.7,Cargo
419301002,MT Chennai Petro,2017-01-27 16:59:00,13.10846,80.53093,0.3,0.4,Tanker
419301004,MT POL Voyager,2017-01-27 16:59:00,13.24902,80.41994,0,358.3,Tanker
419301007,MT Bay Tanker,2017-01-27 16:59:00,13.15014,80.45906,0,359.4,Tanker
357401001,MV Orient Trader,2017-01-27 16:59:00,14.4455,82.48515,17.1,7.2,Container
419501013,Ennore FV-21,2017-01-27 16:59:00,12.5274,80.33798,4.4,188.2,Fishing
419601004,Tug Ennore,2017-01-27 16:59:00,13.27461,80.27391,4.1,209.4,Tug
419053900,MT Dawn Kanchipuram,2017-01-27 17:00:00,13.76265,80.47218,9.8,320.3,Tanker
419301001,MT Sanmar Spirit,2017-01-27 17:00:00,13.24444,80.39239,0,87.4,Tanker
419201002,MV APJ Kiran,2017-01-27 17:00:00,13.17689,80.50204,0,4.1,Cargo
419301005,MT Coastal Trader,2017-01-27 17:00:00,14.02805,79.54908,10.5,311.0,Tanker
419501008,Kovalam FV-01,2017-01-27 17:00:00,11.9794,80.47286,4.8,165.8,Fishing
419601001,Tug KPL-1,2017-01-27 17:00:00,13.23153,80.25305,4.6,218.8,Tug
419301003,MT Coromandel King,2017-01-27 17:01:00,13.26631,80.34068,0.3,0.6,Tanker
538301001,MT Gulf Carrier,2017-01-27 17:01:00,13.07778,80.54948,0.0,4.2,Tanker
419601003,Pilot KPL,2017-01-27 17:01:00,13.25485,80.30936,4.1,198.9,Tug
419201004,MV Coastal Glory,2017-01-27 17:02:00,13.31596,80.31438,0.2,2.1,Cargo
419201006,MV KPL Carrier,2017-01-27 17:02:00,13.24819,80.35467,0.3,91.1,Cargo
419201001,MV Vishakha Star,2017-01-27 17:02:00,13.2091,80.46825,0.1,0.6,Cargo
419201008,MV Chennai Bulk,2017-01-27 17:02:00,12.94089,80.31615,12.4,286.5,Cargo
419201010,MV KPL Vishal,2017-01-27 17:02:00,13.64359,78.89175,13.2,288.3,Cargo
419401002,MV Coromandel Trade,2017-01-27 17:02:00,14.20749,82.56055,14.0,3.0,Container
419201007,MV Sakthi Pride,2017-01-27 17:03:00,13.25158,80.31858,0,0.2,Cargo
419301006,MT Triton,2017-01-27 17:03:00,13.26471,80.30942,0.1,1.1,Tanker
566401001,MV Singapore Star,2017-01-27 17:03:00,12.94936,83.48205,15.3,10.4,Container
419501007,Pulicat FV-02,2017-01-27 17:03:00,13.57795,79.23619,4.1,267.5,Fishing
419601002,Tug KPL-2,2017-01-27 17:03:00,13.26369,80.31006,4.4,312.0,Tug
419201003,MV Ennore Express,2017-01-27 17:04:00,13.28112,80.32034,0,359.7,Cargo
419301001,MT Sanmar Spirit,2017-01-27 17:04:00,13.24391,80.39233,0,92.2,Tanker
419301002,MT Chennai Petro,2017-01-27 17:04:00,13.1087,80.52909,0.0,2.1,Tanker
419301007,MT Bay Tanker,2017-01-27 17:04:00,13.15132,80.46027,0,358.2,Tanker
419201005,MV Eastern Star,2017-01-27 17:04:00,12.8913,79.98447,13.6,279.6,Cargo
558201001,MV Coral Sea,2017-01-27 17:04:00,12.20633,81.5009,13.7,286.6,Cargo
636201001,MV Fortune Bulker,2017-01-27 17:04:00,12.07239,80.8652,13.5,282.4,Cargo
419501011,Marina FV-01,2017-01-27 17:04:00,12.54163,80.74058,4.8,140.3,Fishing
419401001,MV Chennai Express,2017-01-27 17:05:00,12.52602,82.56139,15.2,359.4,Container
477401001,MV Pacific Highway,2017-01-27 17:05:00,12.57237,82.98598,16.8,4.1,Container
419401003,MV Bay Express,2017-01-27 17:05:00,15.85327,81.80508,14.0,355.9,Container
419201006,MV KPL Carrier,2017-01-27 17:06:00,13.2485,80.35324,0,87.6,Cargo
419301003,MT Coromandel King,2017-01-27 17:06:00,13.26629,80.34078,0.2,0.1,Tanker
419201002,MV APJ Kiran,2017-01-27 17:06:00,13.17758,80.4994,0.4,2.3,Cargo
419301004,MT POL Voyager,2017-01-27 17:06:00,13.24832,80.42025,0.3,359.5,Tanker
419201009,MV Ennore Pioneer,2017-01-27 17:06:00,12.39689,81.31574,12.7,283.9,Cargo
419501004,Ennore FV-11,2017-01-27 17:06:00,12.46886,80.81822,4.4,146.2,Fishing
419501005,Ennore FV-12,2017-01-27 17:06:00,13.53684,79.47678,5.0,289.7,Fishing
419501006,Pulicat FV-01,2017-01-27 17:06:00,13.69902,80.82305,4.0,93.1,Fishing
419201004,MV Coastal Glory,2017-01-27 17:07:00,13.31669,80.315,0.4,1.7,Cargo
419201001,MV Vishakha Star,2017-01-27 17:07:00,13.2074,80.47113,0.4,356.3,Cargo
538301001,MT Gulf Carrier,2017-01-27 17:07:00,13.07972,80.55005,0.2,2.7,Tanker
419501002,Chennai FV-02,2017-01-27 17:07:00,13.70436,81.0285,5.2,69.6,Fishing
419201003,MV Ennore Express,2017-01-27 17:08:00,13.28284,80.32009,0.3,2.3,Cargo
419201007,MV Sakthi Pride,2017-01-27 17:09:00,13.25291,80.31788,0.2,1.3,Cargo
419301006,MT Triton,2017-01-27 17:09:00,13.2642,80.31142,0,2.6,Tanker
419301007,MT Bay Tanker,2017-01-27 17:09:00,13.15195,80.45916,0.4,0.4,Tanker
419501009,Kovalam FV-02,2017-01-27 17:09:00,12.67681,80.9477,3.9,97.4,Fishing
419053900,MT Dawn Kanchipuram,2017-01-27 17:10:00,13.77953,80.45766,9.8,324.1,Tanker
419201006,MV KPL Carrier,2017-01-27 17:10:00,13.24868,80.35552,0,89.6,Cargo
419301001,MT Sanmar Spirit,2017-01-27 17:10:00,13.24522,80.39236,0.4,91.7,Tanker
558201001,MV Coral Sea,2017-01-27 17:10:00,12.21179,81.47011,13.4,278.1,Cargo
636401001,MV Atlantic Bridge,2017-01-27 17:10:00,18.44498,81.8314,17.1,358.4,Container
419301005,MT Coastal Trader,2017-01-27 17:10:00,14.04329,79.53288,10.4,316.5,Tanker
419301003,MT Coromandel King,2017-01-27 17:11:00,13.26618,80.33844,0,2.6,Tanker
419301002,MT Chennai Petro,2017-01-27 17:11:00,13.10756,80.52891,0.1,358.2,Tanker
636201001,MV Fortune Bulker,2017-01-27 17:11:00,12.07889,80.83384,13.7,280.6,Cargo
419201004,MV Coastal Glory,2017-01-27 17:12:00,13.31746,80.31627,0,358.6,Cargo
419201001,MV Vishakha Star,2017-01-27 17:12:00,13.21012,80.47013,0.2,2.3,Cargo
419301004,MT POL Voyager,2017-01-27 17:12:00,13.24773,80.41899,0.2,358.3,Tanker
419201008,MV Chennai Bulk,2017-01-27 17:12:00,12.94881,80.2893,11.9,285.3,Cargo
419201010,MV KPL Vishal,2017-01-27 17:12:00,13.65441,78.86295,13.3,289.2,Cargo
419501003,Chennai FV-03,2017-01-27 17:12:00,12.8749,79.65287,4.0,227.6,Fishing
419501010,North FV-01,2017-01-27 17:12:00,13.68071,81.49867,5.9,62.2,Fishing
419501012,Royapuram FV,2017-01-27 17:12:00,12.43096,80.92389,4.9,138.7,Fishing
419501013,Ennore FV-21,2017-01-27 17:12:00,12.50492,80.33613,4.5,186.8,Fishing
419201007,MV Sakthi Pride,2017-01-27 17:13:00,13.25152,80.31958,0,357.4,Cargo
419201002,MV APJ Kiran,2017-01-27 17:13:00,13.177,80.50092,0,355.9,Cargo
419201009,MV Ennore Pioneer,2017-01-27 17:13:00,12.40247,81.28634,12.7,282.2,Cargo
419201003,MV Ennore Express,2017-01-27 17:14:00,13.2837,80.31864,0,357.2,Cargo
419301007,MT Bay Tanker,2017-01-27 17:14:00,13.14972,80.45849,0,3.8,Tanker
538301001,MT Gulf Carrier,2017-01-27 17:14:00,13.07767,80.54893,0.3,0.0,Tanker
419201005,MV Eastern Star,2017-01-27 17:14:00,12.90005,79.95484,13.6,282.3,Cargo
357401001,MV Orient Trader,2017-01-27 17:14:00,14.51634,82.49307,16.8,5.2,Container
419501015,North FV-21,2017-01-27 17:14:00,12.77455,80.40152,3.9,160.5,Fishing
419301006,MT Triton,2017-01-27 17:15:00,13.26539,80.30928,0.1,1.2,Tanker
419201006,MV KPL Carrier,2017-01-27 17:16:00,13.24808,80.35464,0.2,90.2,Cargo
419301001,MT Sanmar Spirit,2017-01-27 17:16:00,13.2455,80.39291,0.2,88.9,Tanker
419601003,Pilot KPL,2017-01-27 17:16:00,13.24856,80.3241,3.7,54.0,Tug
419301003,MT Coromandel King,2017-01-27 17:17:00,13.26518,80.33991,0,358.9,Tanker
419301002,MT Chennai Petro,2017-01-27 17:17:00,13.1075,80.52896,0.1,357.3,Tanker
419401003,MV Bay Express,2017-01-27 17:17:00,15.9112,81.79868,14.4,355.2,Container
419301005,MT Coastal Trader,2017-01-27 17:17:00,14.05654,79.51576,10.3,313.7,Tanker
419201003,MV Ennore Express,2017-01-27 17:18:00,13.28264,80.31929,0.0,0.3,Cargo
419201004,MV Coastal Glory,2017-01-27 17:18:00,13.31734,80.31459,0.7,357.6,Cargo
419301004,MT POL Voyager,2017-01-27 17:18:00,13.25004,80.41943,0.2,1.2,Tanker
419501001,Chennai FV-01,2017-01-27 17:18:00,12.99876,80.88668,4.3,119.4,Fishing
419501011,Marina FV-01,2017-01-27 17:18:00,12.52522,80.75337,4.0,139.6,Fishing
419501014,Chennai FV-11,2017-01-27 17:18:00,13.61832,79.88752,3.9,312.8,Fishing
419601002,Tug KPL-2,2017-01-27 17:18:00,13.22448,80.29682,3.7,158.3,Tug
419201007,MV Sakthi Pride,2017-01-27 17:19:00,13.25115,80.31704,0,358.2,Cargo
419301006,MT Triton,2017-01-27 17:19:00,13.26554,80.309,0,359.8,Tanker
419201001,MV Vishakha Star,2017-01-27 17:19:00,13.20992,80.46942,0.4,0.8,Cargo
419301007,MT Bay Tanker,2017-01-27 17:19:00,13.15039,80.46017,0,5.6,Tanker
538301001,MT Gulf Carrier,2017-01-27 17:19:00,13.07734,80.54987,0.1,2.8,Tanker
558201001,MV Coral Sea,2017-01-27 17:19:00,12.21849,81.43908,13.6,279.6,Cargo
477401001,MV Pacific Highway,2017-01-27 17:19:00,12.64125,82.99222,17.1,4.6,Container
419401002,MV Coromandel Trade,2017-01-27 17:19:00,14.26559,82.56541,13.8,7.5,Container
419053900,MT Dawn Kanchipuram,2017-01-27 17:20:00,13.79674,80.44505,10.2,322.2,Tanker
419201002,MV APJ Kiran,2017-01-27 17:20:00,13.17908,80.49988,0.2,359.0,Cargo
636201001,MV Fortune Bulker,2017-01-27 17:20:00,12.08241,80.80251,14.0,282.1,Cargo
419201008,MV Chennai Bulk,2017-01-27 17:20:00,12.9568,80.26176,12.7,293.3,Cargo
419501007,Pulicat FV-02,2017-01-27 17:20:00,13.57434,79.21556,4.3,265.9,Fishing
419601001,Tug KPL-1,2017-01-27 17:20:00,13.23668,80.26623,4.0,244.4,Tug
566401001,MV Singapore Star,2017-01-27 17:21:00,13.01399,83.48917,15.4,11.5,Container
419601004,Tug Ennore,2017-01-27 17:21:00,13.28114,80.30553,4.1,287.7,Tug
419201003,MV Ennore Express,2017-01-27 17:22:00,13.28356,80.31924,0.0,0.3,Cargo
419201006,MV KPL Carrier,2017-01-27 17:22:00,13.24829,80.35548,0.5,89.4,Cargo
419301001,MT Sanmar Spirit,2017-01-27 17:22:00,13.24446,80.39375,0.7,90.1,Tanker
419201010,MV KPL Vishal,2017-01-27 17:22:00,13.66362,78.83507,13.3,289.8,Cargo
419401001,MV Chennai Express,2017-01-27 17:22:00,12.58799,82.56395,14.5,4.0,Container
419501008,Kovalam FV-01,2017-01-27 17:22:00,11.95364,80.48,4.8,164.7,Fishing
419201007,MV Sakthi Pride,2017-01-27 17:23:00,13.25431,80.31759,0,359.5,Cargo
419301003,MT Coromandel King,2017-01-27 17:23:00,13.26672,80.33965,0.1,359.3,Tanker
419301006,MT Triton,2017-01-27 17:23:00,13.26413,80.31116,0,1.7,Tanker
419301002,MT Chennai Petro,2017-01-27 17:23:00,13.10803,80.53074,0,0.1,Tanker
419301004,MT POL Voyager,2017-01-27 17:23:00,13.2484,80.4195,0.1,0.2,Tanker
419201005,MV Eastern Star,2017-01-27 17:23:00,12.90683,79.92374,13.8,284.6,Cargo
419201009,MV Ennore Pioneer,2017-01-27 17:23:00,12.41097,81.25797,12.9,283.0,Cargo
419501002,Chennai FV-02,2017-01-27 17:23:00,13.71133,81.05348,5.3,74.7,Fishing
419501004,Ennore FV-11,2017-01-27 17:23:00,12.44832,80.83004,4.6,147.5,Fishing
419201004,MV Coastal Glory,2017-01-27 17:24:00,13.31631,80.31548,0.2,359.2,Cargo
419201001,MV Vishakha Star,2017-01-27 17:24:00,13.20855,80.4702,0.3,0.7,Cargo
538301001,MT Gulf Carrier,2017-01-27 17:24:00,13.08007,80.54893,0,359.3,Tanker
419501005,Ennore FV-12,2017-01-27 17:25:00,13.54533,79.4532,4.9,288.2,Fishing
419501009,Kovalam FV-02,2017-01-27 17:25:00,12.67341,80.96492,3.5,99.7,Fishing
419053900,MT Dawn Kanchipuram,2017-01-27 17:26:00,13.81279,80.43074,9.8,323.2,Tanker
419201003,MV Ennore Express,2017-01-27 17:26:00,13.28512,80.32201,0.1,2.6,Cargo
419201002,MV APJ Kiran,2017-01-27 17:26:00,13.17906,80.49782,0.4,357.4,Cargo
419301007,MT Bay Tanker,2017-01-27 17:26:00,13.14876,80.45948,0,356.5,Tanker
558201001,MV Coral Sea,2017-01-27 17:26:00,12.22415,81.41118,13.4,279.9,Cargo
636201001,MV Fortune Bulker,2017-01-27 17:26:00,12.08659,80.77183,13.7,281.2,Cargo
419201006,MV KPL Carrier,2017-01-27 17:27:00,13.24778,80.35428,0.1,88.8,Cargo
419301001,MT Sanmar Spirit,2017-01-27 17:27:00,13.24381,80.3936,0.0,88.8,Tanker
419301005,MT Coastal Trader,2017-01-27 17:27:00,14.07287,79.49879,10.0,311.2,Tanker
419501003,Chennai FV-03,2017-01-27 17:27:00,12.86285,79.63864,4.0,234.0,Fishing
419501010,North FV-01,2017-01-27 17:27:00,13.69347,81.525,5.4,61.7,Fishing
419201007,MV Sakthi Pride,2017-01-27 17:28:00,13.25166,80.319,0,1.2,Cargo
419301002,MT Chennai Petro,2017-01-27 17:28:00,13.10827,80.53015,0,0.8,Tanker
419301004,MT POL Voyager,2017-01-27 17:28:00,13.24904,80.41884,0,359.6,Tanker
419201010,MV KPL Vishal,2017-01-27 17:28:00,13.67577,78.80476,12.9,289.5,Cargo
636401001,MV Atlantic Bridge,2017-01-27 17:28:00,18.51403,81.82421,16.0,356.4,Container
419301003,MT Coromandel King,2017-01-27 17:29:00,13.26419,80.3411,0.2,1.8,Tanker
419301006,MT Triton,2017-01-27 17:29:00,13.26561,80.31003,0,359.8,Tanker
419201005,MV Eastern Star,2017-01-27 17:29:00,12.91493,79.89266,13.8,279.9,Cargo
419201008,MV Chennai Bulk,2017-01-27 17:29:00,12.96492,80.23539,12.5,288.7,Cargo
419501006,Pulicat FV-01,2017-01-27 17:29:00,13.69915,80.84358,4.1,89.8,Fishing
235008000,BW Maple,2017-01-27 17:30:00,13.23153,80.31801,10.9,151.1,Tanker
419201004,MV Coastal Glory,2017-01-27 17:30:00,13.31636,80.3149,0.1,357.5,Cargo
419501012,Royapuram FV,2017-01-27 17:30:00,12.41267,80.94156,4.7,137.6,Fishing
419501013,Ennore FV-21,2017-01-27 17:30:00,12.4823,80.33648,4.8,185.9,Fishing
419201006,MV KPL Carrier,2017-01-27 17:31:00,13.246,80.35633,0.4,88.1,Cargo
419301001,MT Sanmar Spirit,2017-01-27 17:31:00,13.24237,80.39423,0,90.6,Tanker
419201001,MV Vishakha Star,2017-01-27 17:31:00,13.20849,80.47104,0.1,359.2,Cargo
538301001,MT Gulf Carrier,2017-01-27 17:31:00,13.07923,80.54993,0.2,359.4,Tanker
419201009,MV Ennore Pioneer,2017-01-27 17:31:00,12.41717,81.23042,12.9,280.4,Cargo
419201003,MV Ennore Express,2017-01-27 17:32:00,13.28428,80.31994,0.2,2.9,Cargo
419301007,MT Bay Tanker,2017-01-27 17:32:00,13.14946,80.45957,0,356.4,Tanker
558201001,MV Coral Sea,2017-01-27 17:32:00,12.22901,81.38174,13.4,281.3,Cargo
357401001,MV Orient Trader,2017-01-27 17:32:00,14.58507,82.50029,17.0,6.1,Container
419053900,MT Dawn Kanchipuram,2017-01-27 17:33:00,13.82936,80.41704,10.1,317.8,Tanker
419201002,MV APJ Kiran,2017-01-27 17:33:00,13.17866,80.50139,0.1,358.5,Cargo
419301004,MT POL Voyager,2017-01-27 17:33:00,13.24937,80.42063,0.1,2.1,Tanker
419401002,MV Coromandel Trade,2017-01-27 17:33:00,14.32347,82.56883,13.8,359.7,Container
566401001,MV Singapore Star,2017-01-27 17:33:00,13.07935,83.49948,15.2,10.7,Container
419301005,MT Coastal Trader,2017-01-27 17:33:00,14.08797,79.4793,10.6,312.6,Tanker
419201004,MV Coastal Glory,2017-01-27 17:34:00,13.3189,80.31387,0.6,2.3,Cargo
419201007,MV Sakthi Pride,2017-01-27 17:34:00,13.25191,80.319,0,359.4,Cargo
419301003,MT Coromandel King,2017-01-27 17:34:00,13.2669,80.34007,0,1.6,Tanker
419301002,MT Chennai Petro,2017-01-27 17:34:00,13.10817,80.52996,0.7,358.0,Tanker
419201010,MV KPL Vishal,2017-01-27 17:34:00,13.6832,78.77786,13.3,289.3,Cargo
477401001,MV Pacific Highway,2017-01-27 17:34:00,12.71146,82.99713,17.4,5.5,Container
419401003,MV Bay Express,2017-01-27 17:34:00,15.96955,81.79344,14.2,358.4,Container
419501011,Marina FV-01,2017-01-27 17:34:00,12.50852,80.76894,4.0,141.4,Fishing
419201006,MV KPL Carrier,2017-01-27 17:35:00,13.24843,80.35531,0,86.8,Cargo
419301006,MT Triton,2017-01-27 17:35:00,13.26486,80.30964,0.2,358.8,Tanker
419501001,Chennai FV-01,2017-01-27 17:35:00,12.98953,80.90354,4.0,118.1,Fishing
419301001,MT Sanmar Spirit,2017-01-27 17:36:00,13.24445,80.39554,0.0,88.5,Tanker
419201001,MV Vishakha Star,2017-01-27 17:36:00,13.20918,80.47073,0.4,357.2,Cargo
636201001,MV Fortune Bulker,2017-01-27 17:36:00,12.09339,80.73978,13.9,279.8,Cargo
419201008,MV Chennai Bulk,2017-01-27 17:36:00,12.9735,80.20854,12.1,286.7,Cargo
419501007,Pulicat FV-02,2017-01-27 17:36:00,13.57352,79.1926,4.4,264.7,Fishing
419501015,North FV-21,2017-01-27 17:36:00,12.75717,80.40616,3.7,165.6,Fishing
419201003,MV Ennore Express,2017-01-27 17:37:00,13.28433,80.31878,0,357.6,Cargo
419301007,MT Bay Tanker,2017-01-27 17:37:00,13.14933,80.46019,0,358.4,Tanker
538301001,MT Gulf Carrier,2017-01-27 17:37:00,13.07789,80.55117,0,3.6,Tanker
419401001,MV Chennai Express,2017-01-27 17:37:00,12.65007,82.56451,14.7,3.6,Container
419601004,Tug Ennore,2017-01-27 17:37:00,13.24447,80.28491,3.8,130.3,Tug
419201002,MV APJ Kiran,2017-01-27 17:38:00,13.17966,80.50094,0.1,1.5,Cargo
419201005,MV Eastern Star,2017-01-27 17:38:00,12.92521,79.8632,14.1,285.4,Cargo
419501002,Chennai FV-02,2017-01-27 17:38:00,13.72123,81.07982,5.0,71.7,Fishing
419501009,Kovalam FV-02,2017-01-27 17:38:00,12.66922,80.982,4.0,99.1,Fishing
419501014,Chennai FV-11,2017-01-27 17:38:00,13.63281,79.87367,3.5,311.9,Fishing
419053900,MT Dawn Kanchipuram,2017-01-27 17:39:00,13.84757,80.40282,9.8,321.9,Tanker
419201004,MV Coastal Glory,2017-01-27 17:39:00,13.319,80.3148,0.3,357.3,Cargo
419201006,MV KPL Carrier,2017-01-27 17:39:00,13.24735,80.35574,0.2,93.1,Cargo
419201007,MV Sakthi Pride,2017-01-27 17:39:00,13.25354,80.31697,0.1,359.8,Cargo
419301002,MT Chennai Petro,2017-01-27 17:39:00,13.10874,80.53014,0.0,0.2,Tanker
419301004,MT POL Voyager,2017-01-27 17:39:00,13.24889,80.42112,0.1,2.1,Tanker
419201009,MV Ennore Pioneer,2017-01-27 17:39:00,12.42348,81.2014,13.2,281.9,Cargo
235008000,BW Maple,2017-01-27 17:40:00,13.20893,80.32654,11.0,154.7,Tanker
419301003,MT Coromandel King,2017-01-27 17:40:00,13.2652,80.33915,0.3,0.3,Tanker
419201010,MV KPL Vishal,2017-01-27 17:40:00,13.694,78.74926,13.0,291.2,Cargo
419601003,Pilot KPL,2017-01-27 17:40:00,13.26955,80.31192,4.5,203.1,Tug
419301006,MT Triton,2017-01-27 17:41:00,13.26512,80.30813,0.5,358.9,Tanker
558201001,MV Coral Sea,2017-01-27 17:41:00,12.23594,81.35016,13.1,282.5,Cargo
419301005,MT Coastal Trader,2017-01-27 17:41:00,14.10191,79.46328,10.9,314.1,Tanker
419201003,MV Ennore Express,2017-01-27 17:42:00,13.28287,80.32102,0,0.4,Cargo
419301001,MT Sanmar Spirit,2017-01-27 17:42:00,13.24439,80.395,0,91.4,Tanker
419201001,MV Vishakha Star,2017-01-27 17:42:00,13.20943,80.46886,0.4,3.4,Cargo
636401001,MV Atlantic Bridge,2017-01-27 17:42:00,18.58184,81.81837,16.5,358.4,Container
419501004,Ennore FV-11,2017-01-27 17:42:00,12.42793,80.84232,4.9,149.2,Fishing
419601002,Tug KPL-2,2017-01-27 17:42:00,13.22579,80.30271,4.4,203.2,Tug
419301007,MT Bay Tanker,2017-01-27 17:43:00,13.1498,80.45998,0,1.6,Tanker
538301001,MT Gulf Carrier,2017-01-27 17:43:00,13.07974,80.54977,0.1,358.7,Tanker
419501008,Kovalam FV-01,2017-01-27 17:43:00,11.93088,80.48551,4.6,162.8,Fishing
419501010,North FV-01,2017-01-27 17:43:00,13.70461,81.55304,5.5,63.5,Fishing
419201004,MV Coastal Glory,2017-01-27 17:44:00,13.31933,80.3159,0.2,358.6,Cargo
419201007,MV Sakthi Pride,2017-01-27 17:44:00,13.25152,80.31756,0.2,1.8,Cargo
419201002,MV APJ Kiran,2017-01-27 17:44:00,13.17892,80.49976,0.3,359.0,Cargo
419301002,MT Chennai Petro,2017-01-27 17:44:00,13.10915,80.53073,0,4.9,Tanker
419601001,Tug KPL-1,2017-01-27 17:44:00,13.24502,80.31701,4.4,244.2,Tug
419201006,MV KPL Carrier,2017-01-27 17:45:00,13.2474,80.35483,0.4,95.4,Cargo
419301003,MT Coromandel King,2017-01-27 17:45:00,13.2646,80.34066,0.3,356.0,Tanker
419301004,MT POL Voyager,2017-01-27 17:45:00,13.24938,80.41932,0,359.1,Tanker
419401002,MV Coromandel Trade,2017-01-27 17:45:00,14.38191,82.57109,14.0,5.3,Container
419501005,Ennore FV-12,2017-01-27 17:45:00,13.55186,79.42681,5.1,285.8,Fishing
419201003,MV Ennore Express,2017-01-27 17:46:00,13.28494,80.31959,0.4,1.6,Cargo
419301006,MT Triton,2017-01-27 17:46:00,13.26457,80.30978,0,357.3,Tanker
636201001,MV Fortune Bulker,2017-01-27 17:46:00,12.09874,80.71063,13.9,279.5,Cargo
419201008,MV Chennai Bulk,2017-01-27 17:46:00,12.98049,80.18096,12.3,286.2,Cargo
419201001,MV Vishakha Star,2017-01-27 17:47:00,13.20945,80.46906,0.4,2.4,Cargo
558201001,MV Coral Sea,2017-01-27 17:47:00,12.24235,81.31965,13.2,279.5,Cargo
235008000,BW Maple,2017-01-27 17:48:00,13.18905,80.33912,11.2,149.6,Tanker
419301001,MT Sanmar Spirit,2017-01-27 17:48:00,13.24462,80.39483,0.0,89.5,Tanker
419201005,MV Eastern Star,2017-01-27 17:48:00,12.93108,79.8322,14.1,285.7,Cargo
419201009,MV Ennore Pioneer,2017-01-27 17:48:00,12.42937,81.17162,12.7,285.3,Cargo
419501003,Chennai FV-03,2017-01-27 17:48:00,12.85142,79.62218,3.3,228.1,Fishing
419501006,Pulicat FV-01,2017-01-27 17:48:00,13.69891,80.86356,3.8,91.5,Fishing
419053900,MT Dawn Kanchipuram,2017-01-27 17:49:00,13.86405,80.3887,9.9,323.1,Tanker
419201004,MV Coastal Glory,2017-01-27 17:49:00,13.3186,80.31549,0,357.0,Cargo
419201010,MV KPL Vishal,2017-01-27 17:49:00,13.70554,78.72116,13.3,288.3,Cargo
477401001,MV Pacific Highway,2017-01-27 17:49:00,12.78458,83.00406,17.2,2.3,Container
357401001,MV Orient Trader,2017-01-27 17:49:00,14.65317,82.50796,16.9,3.0,Container
419301005,MT Coastal Trader,2017-01-27 17:49:00,14.11819,79.44527,10.4,311.2,Tanker
419201007,MV Sakthi Pride,2017-01-27 17:50:00,13.2514,80.32025,0.2,358.6,Cargo
419301003,MT Coromandel King,2017-01-27 17:50:00,13.26675,80.34021,0,0.1,Tanker
419201002,MV APJ Kiran,2017-01-27 17:50:00,13.17968,80.50115,0.1,0.5,Cargo
419301002,MT Chennai Petro,2017-01-27 17:50:00,13.11021,80.53013,0,1.6,Tanker
419301007,MT Bay Tanker,2017-01-27 17:50:00,13.15022,80.46002,0.1,0.7,Tanker
538301001,MT Gulf Carrier,2017-01-27 17:50:00,13.07985,80.55113,0.2,4.5,Tanker
566401001,MV Singapore Star,2017-01-27 17:50:00,13.14027,83.5091,15.5,7.9,Container
419201006,MV KPL Carrier,2017-01-27 17:51:00,13.24863,80.35556,0.3,91.7,Cargo
419301006,MT Triton,2017-01-27 17:51:00,13.26332,80.31062,0,360.0,Tanker
419301004,MT POL Voyager,2017-01-27 17:51:00,13.24996,80.42066,0,357.0,Tanker
419501007,Pulicat FV-02,2017-01-27 17:51:00,13.57069,79.17135,4.3,265.9,Fishing
419201003,MV Ennore Express,2017-01-27 17:52:00,13.28492,80.31858,0.3,1.9,Cargo
419301001,MT Sanmar Spirit,2017-01-27 17:52:00,13.24339,80.39393,0.3,90.6,Tanker
419401003,MV Bay Express,2017-01-27 17:52:00,16.0273,81.78738,14.0,358.5,Container
419501002,Chennai FV-02,2017-01-27 17:52:00,13.73002,81.10432,5.2,68.7,Fishing
419501013,Ennore FV-21,2017-01-27 17:52:00,12.45981,80.33422,4.4,186.1,Fishing
419201001,MV Vishakha Star,2017-01-27 17:53:00,13.21001,80.47058,0.1,356.2,Cargo
419501012,Royapuram FV,2017-01-27 17:53:00,12.39266,80.95858,5.1,140.6,Fishing
419201004,MV Coastal Glory,2017-01-27 17:54:00,13.31824,80.31462,0.1,0.5,Cargo
419201005,MV Eastern Star,2017-01-27 17:54:00,12.9388,79.80171,14.2,285.3,Cargo
558201001,MV Coral Sea,2017-01-27 17:54:00,12.24843,81.29188,13.8,282.4,Cargo
419201009,MV Ennore Pioneer,2017-01-27 17:54:00,12.43772,81.14563,13.1,283.0,Cargo
419401001,MV Chennai Express,2017-01-27 17:54:00,12.71304,82.56857,14.7,359.8,Container
419501011,Marina FV-01,2017-01-27 17:54:00,12.49338,80.78436,3.8,143.0,Fishing
419201006,MV KPL Carrier,2017-01-27 17:55:00,13.24734,80.35559,0,90.2,Cargo
419201002,MV APJ Kiran,2017-01-27 17:55:00,13.18073,80.4993,0.3,1.3,Cargo
538301001,MT Gulf Carrier,2017-01-27 17:55:00,13.08016,80.55092,0.1,356.7,Tanker
636201001,MV Fortune Bulker,2017-01-27 17:55:00,12.10418,80.67859,14.0,277.8,Cargo
419201008,MV Chennai Bulk,2017-01-27 17:55:00,12.9898,80.15495,12.3,290.3,Cargo
419301005,MT Coastal Trader,2017-01-27 17:55:00,14.1339,79.42899,10.2,314.9,Tanker
419501004,Ennore FV-11,2017-01-27 17:55:00,12.40988,80.85684,4.7,150.1,Fishing
419201007,MV Sakthi Pride,2017-01-27 17:56:00,13.25096,80.31934,0,358.9,Cargo
419301003,MT Coromandel King,2017-01-27 17:56:00,13.26601,80.33889,0.3,359.3,Tanker
419301006,MT Triton,2017-01-27 17:56:00,13.26424,80.30992,0.2,1.2,Tanker
419301007,MT Bay Tanker,2017-01-27 17:56:00,13.14961,80.46017,0,0.6,Tanker
419501015,North FV-21,2017-01-27 17:56:00,12.73551,80.4142,4.0,165.6,Fishing
419201003,MV Ennore Express,2017-01-27 17:57:00,13.28508,80.32067,0,359.1,Cargo
419301002,MT Chennai Petro,2017-01-27 17:57:00,13.10872,80.52948,0.2,3.4,Tanker
419401002,MV Coromandel Trade,2017-01-27 17:57:00,14.43857,82.57302,13.9,2.9,Container
419501001,Chennai FV-01,2017-01-27 17:57:00,12.98142,80.92288,3.8,120.4,Fishing
419501010,North FV-01,2017-01-27 17:57:00,13.71908,81.57782,6.0,61.3,Fishing
419601003,Pilot KPL,2017-01-27 17:57:00,13.24201,80.33106,4.2,262.6,Tug
419053900,MT Dawn Kanchipuram,2017-01-27 17:58:00,13.88077,80.37515,10.1,322.9,Tanker
235008000,BW Maple,2017-01-27 17:58:00,13.16538,80.3502,10.7,149.9,Tanker
419201004,MV Coastal Glory,2017-01-27 17:58:00,13.32031,80.31452,0.2,358.4,Cargo
419301001,MT Sanmar Spirit,2017-01-27 17:58:00,13.24307,80.39598,0.4,89.7,Tanker
419201001,MV Vishakha Star,2017-01-27 17:58:00,13.21153,80.47168,0,2.5,Cargo
419301004,MT POL Voyager,2017-01-27 17:58:00,13.25029,80.42052,0.5,358.4,Tanker
419201010,MV KPL Vishal,2017-01-27 17:59:00,13.71343,78.69312,13.4,291.2,Cargo
419601002,Tug KPL-2,2017-01-27 17:59:00,13.2179,80.32093,4.4,104.3,Tug
636401001,MV Atlantic Bridge,2017-01-27 18:00:00,18.65003,81.81017,16.3,355.3,Container
419501005,Ennore FV-12,2017-01-27 18:00:00,13.56213,79.40271,5.1,291.6,Fishing
419501009,Kovalam FV-02,2017-01-27 18:00:00,12.66589,81.00082,3.9,101.2,Fishing
419501014,Chennai FV-11,2017-01-27 18:00:00,13.64519,79.85921,3.8,316.5,Fishing
419601001,Tug KPL-1,2017-01-27 18:00:00,13.18628,80.27788,4.2,64.7,Tug
419201003,MV Ennore Express,2017-01-27 18:01:00,13.28614,80.31934,0.1,4.1,Cargo
419201006,MV KPL Carrier,2017-01-27 18:01:00,13.24968,80.35739,0,89.6,Cargo
357401001,MV Orient Trader,2017-01-27 18:01:00,14.72453,82.51623,16.9,5.0,Container
419601004,Tug Ennore,2017-01-27 18:01:00,13.267,80.27451,4.7,301.7,Tug
419201007,MV Sakthi Pride,2017-01-27 18:02:00,13.25126,80.31764,0,359.3,Cargo
419301003,MT Coromandel King,2017-01-27 18:02:00,13.26613,80.34137,0.1,0.0,Tanker
419301006,MT Triton,2017-01-27 18:02:00,13.26419,80.30908,0,360.0,Tanker
419201002,MV APJ Kiran,2017-01-27 18:02:00,13.17996,80.50098,0.3,357.9,Cargo
419301002,MT Chennai Petro,2017-01-27 18:02:00,13.10789,80.52997,0,356.3,Tanker
419301007,MT Bay Tanker,2017-01-27 18:02:00,13.14885,80.45902,0.4,0.5,Tanker
538301001,MT Gulf Carrier,2017-01-27 18:02:00,13.07985,80.54876,0.5,2.0,Tanker
419201009,MV Ennore Pioneer,2017-01-27 18:02:00,12.4426,81.11792,12.8,280.2,Cargo
477401001,MV Pacific Highway,2017-01-27 18:02:00,12.85757,83.00972,17.0,4.6,Container
558201001,MV Coral Sea,2017-01-27 18:03:00,12.25576,81.2592,13.7,279.8,Cargo
636201001,MV Fortune Bulker,2017-01-27 18:03:00,12.10888,80.6476,14.4,282.0,Cargo
419201008,MV Chennai Bulk,2017-01-27 18:03:00,12.99833,80.12805,12.5,288.0,Cargo
419301005,MT Coastal Trader,2017-01-27 18:03:00,14.14874,79.41033,10.3,317.6,Tanker
419201004,MV Coastal Glory,2017-01-27 18:04:00,13.31751,80.31535,0.0,1.3,Cargo
419301001,MT Sanmar Spirit,2017-01-27 18:04:00,13.24471,80.39512,0.9,88.7,Tanker
419201001,MV Vishakha Star,2017-01-27 18:04:00,13.20925,80.46917,0,3.8,Cargo
419201005,MV Eastern Star,2017-01-27 18:04:00,12.94568,79.77154,13.9,282.1,Cargo
419053900,MT Dawn Kanchipuram,2017-01-27 18:05:00,13.89853,80.3603,10.3,321.7,Tanker
419301004,MT POL Voyager,2017-01-27 18:05:00,13.25064,80.42019,0.4,356.8,Tanker
419201010,MV KPL Vishal,2017-01-27 18:05:00,13.72383,78.6657,13.1,285.7,Cargo
235008000,BW Maple,2017-01-27 18:06:00,13.14428,80.36251,11.2,155.0,Tanker
419201003,MV Ennore Express,2017-01-27 18:06:00,13.2841,80.31882,0,1.9,Cargo
419301003,MT Coromandel King,2017-01-27 18:06:00,13.26709,80.33899,0.1,2.9,Tanker
419301006,MT Triton,2017-01-27 18:06:00,13.26604,80.30878,0,1.0,Tanker
566401001,MV Singapore Star,2017-01-27 18:06:00,13.20447,83.51601,15.5,5.4,Container
419501008,Kovalam FV-01,2017-01-27 18:06:00,11.90915,80.49089,4.6,165.3,Fishing
419201006,MV KPL Carrier,2017-01-27 18:07:00,13.24888,80.35807,0,91.3,Cargo
419501007,Pulicat FV-02,2017-01-27 18:07:00,13.56899,79.14866,4.1,269.7,Fishing
419501013,Ennore FV-21,2017-01-27 18:07:00,12.43709,80.3323,4.4,184.2,Fishing
419201007,MV Sakthi Pride,2017-01-27 18:08:00,13.25153,80.31712,0,354.5,Cargo
419301002,MT Chennai Petro,2017-01-27 18:08:00,13.10979,80.53039,0.1,358.4,Tanker
419301007,MT Bay Tanker,2017-01-27 18:08:00,13.14818,80.45952,0,359.9,Tanker
538301001,MT Gulf Carrier,2017-01-27 18:08:00,13.07888,80.55092,0,358.6,Tanker
419501003,Chennai FV-03,2017-01-27 18:08:00,12.83935,79.60599,4.0,234.8,Fishing
419501006,Pulicat FV-01,2017-01-27 18:08:00,13.6979,80.88376,3.8,85.9,Fishing
419201004,MV Coastal Glory,2017-01-27 18:09:00,13.31914,80.31559,0,1.8,Cargo
419201002,MV APJ Kiran,2017-01-27 18:09:00,13.17903,80.50114,0.2,359.0,Cargo
558201001,MV Coral Sea,2017-01-27 18:09:00,12.26129,81.22924,13.5,283.8,Cargo
419201009,MV Ennore Pioneer,2017-01-27 18:09:00,12.44952,81.08864,12.7,282.4,Cargo
419401001,MV Chennai Express,2017-01-27 18:09:00,12.77113,82.57026,14.9,6.6,Container
419201003,MV Ennore Express,2017-01-27 18:10:00,13.28395,80.31973,0.0,359.7,Cargo
419301001,MT Sanmar Spirit,2017-01-27 18:10:00,13.24522,80.39465,0.3,89.7,Tanker
419301004,MT POL Voyager,2017-01-27 18:10:00,13.25067,80.41994,0,2.2,Tanker
419201008,MV Chennai Bulk,2017-01-27 18:10:00,13.00548,80.09996,12.3,286.4,Cargo
419401003,MV Bay Express,2017-01-27 18:10:00,16.08783,81.78172,14.5,353.6,Container
419301003,MT Coromandel King,2017-01-27 18:11:00,13.26825,80.33897,0,355.9,Tanker
419301006,MT Triton,2017-01-27 18:11:00,13.2663,80.31043,0.3,4.4,Tanker
419201001,MV Vishakha Star,2017-01-27 18:11:00,13.21069,80.47154,0.1,358.7,Cargo
419201005,MV Eastern Star,2017-01-27 18:11:00,12.95476,79.74097,13.5,286.9,Cargo
636201001,MV Fortune Bulker,2017-01-27 18:11:00,12.11436,80.61587,13.7,281.3,Cargo
419201010,MV KPL Vishal,2017-01-27 18:11:00,13.73526,78.6368,13.0,293.0,Cargo
419201007,MV Sakthi Pride,2017-01-27 18:12:00,13.25241,80.31696,0.5,358.0,Cargo
419501012,Royapuram FV,2017-01-27 18:12:00,12.37291,80.97502,5.2,139.0,Fishing
419201006,MV KPL Carrier,2017-01-27 18:13:00,13.24916,80.35662,0,88.2,Cargo
419301002,MT Chennai Petro,2017-01-27 18:13:00,13.10921,80.52805,0,358.6,Tanker
419301007,MT Bay Tanker,2017-01-27 18:13:00,13.15072,80.45931,0,356.9,Tanker
538301001,MT Gulf Carrier,2017-01-27 18:13:00,13.07977,80.55061,0.0,358.6,Tanker
419301005,MT Coastal Trader,2017-01-27 18:13:00,14.16417,79.39397,10.2,315.1,Tanker
419501002,Chennai FV-02,2017-01-27 18:13:00,13.73858,81.12874,5.6,69.4,Fishing
419501004,Ennore FV-11,2017-01-27 18:13:00,12.3882,80.86756,4.4,148.5,Fishing
419201004,MV Coastal Glory,2017-01-27 18:14:00,13.32113,80.31534,0,0.9,Cargo
419501010,North FV-01,2017-01-27 18:14:00,13.73228,81.60625,6.2,62.9,Fishing
419501014,Chennai FV-11,2017-01-27 18:14:00,13.65967,79.84772,4.3,315.5,Fishing
419053900,MT Dawn Kanchipuram,2017-01-27 18:15:00,13.91648,80.34728,9.7,323.1,Tanker
419301001,MT Sanmar Spirit,2017-01-27 18:15:00,13.24443,80.39792,0.4,91.0,Tanker
419301003,MT Coromandel King,2017-01-27 18:15:00,13.26918,80.33981,0.4,0.7,Tanker
419301006,MT Triton,2017-01-27 18:15:00,13.26461,80.30981,0.1,1.9,Tanker
235008000,BW Maple,2017-01-27 18:16:00,13.12159,80.37418,11.4,156.7,Tanker
419201003,MV Ennore Express,2017-01-27 18:16:00,13.28384,80.32093,0,3.5,Cargo
419201002,MV APJ Kiran,2017-01-27 18:16:00,13.1811,80.50117,0.4,359.2,Cargo
419501005,Ennore FV-12,2017-01-27 18:16:00,13.57014,79.37779,4.4,289.2,Fishing
419501009,Kovalam FV-02,2017-01-27 18:16:00,12.66177,81.01747,3.9,104.0,Fishing
419501011,Marina FV-01,2017-01-27 18:16:00,12.47732,80.79638,3.9,140.1,Fishing
419501015,North FV-21,2017-01-27 18:16:00,12.71588,80.41802,3.7,168.0,Fishing
419201007,MV Sakthi Pride,2017-01-27 18:17:00,13.2514,80.31928,0.1,358.8,Cargo
419201001,MV Vishakha Star,2017-01-27 18:17:00,13.21112,80.47004,0.4,4.2,Cargo
419301004,MT POL Voyager,2017-01-27 18:17:00,13.25081,80.4192,0.5,359.2,Tanker
419201005,MV Eastern Star,2017-01-27 18:17:00,12.9611,79.71035,13.4,283.3,Cargo
419201008,MV Chennai Bulk,2017-01-27 18:17:00,13.01349,80.07254,12.2,286.4,Cargo
419201009,MV Ennore Pioneer,2017-01-27 18:17:00,12.45437,81.05841,13.0,279.0,Cargo
419601003,Pilot KPL,2017-01-27 18:17:00,13.26792,80.34587,3.7,86.9,Tug
419601004,Tug Ennore,2017-01-27 18:17:00,13.25327,80.28942,4.0,83.0,Tug
419201004,MV Coastal Glory,2017-01-27 18:18:00,13.32222,80.3158,0.3,0.4,Cargo
419301007,MT Bay Tanker,2017-01-27 18:18:00,13.15117,80.45908,0.2,0.3,Tanker
477401001,MV Pacific Highway,2017-01-27 18:18:00,12.92761,83.01767,17.6,7.7,Container
357401001,MV Orient Trader,2017-01-27 18:18:00,14.79383,82.52421,16.8,9.1,Container
419501001,Chennai FV-01,2017-01-27 18:18:00,12.96814,80.94168,4.1,123.6,Fishing
419201006,MV KPL Carrier,2017-01-27 18:19:00,13.24891,80.35626,0.1,95.7,Cargo
419301001,MT Sanmar Spirit,2017-01-27 18:19:00,13.24487,80.39698,0.6,88.5,Tanker
419301002,MT Chennai Petro,2017-01-27 18:19:00,13.10969,80.52973,0.1,0.8,Tanker
558201001,MV Coral Sea,2017-01-27 18:19:00,12.26767,81.19977,13.5,281.3,Cargo
419201010,MV KPL Vishal,2017-01-27 18:19:00,13.74411,78.60817,12.9,286.3,Cargo
419601001,Tug KPL-1,2017-01-27 18:19:00,13.22104,80.2945,4.4,161.2,Tug
419601002,Tug KPL-2,2017-01-27 18:19:00,13.23871,80.27879,4.7,67.2,Tug
419301003,MT Coromandel King,2017-01-27 18:20:00,13.26732,80.34096,0.1,358.5,Tanker
419301006,MT Triton,2017-01-27 18:20:00,13.26439,80.30897,0,358.2,Tanker
538301001,MT Gulf Carrier,2017-01-27 18:20:00,13.08004,80.55087,0.4,0.6,Tanker
636201001,MV Fortune Bulker,2017-01-27 18:20:00,12.12118,80.58424,13.6,279.0,Cargo
419201003,MV Ennore Express,2017-01-27 18:21:00,13.28411,80.32024,0.1,359.1,Cargo
566401001,MV Singapore Star,2017-01-27 18:21:00,13.26622,83.52538,15.4,9.8,Container
235008000,BW Maple,2017-01-27 18:22:00,13.10009,80.38623,10.9,155.7,Tanker
419201004,MV Coastal Glory,2017-01-27 18:22:00,13.32072,80.31483,0.2,3.7,Cargo
419301004,MT POL Voyager,2017-01-27 18:22:00,13.25107,80.42009,0.2,1.5,Tanker
419201006,MV KPL Carrier,2017-01-27 18:23:00,13.24906,80.35551,0.1,90.1,Cargo
419201007,MV Sakthi Pride,2017-01-27 18:23:00,13.2521,80.31714,0.1,0.7,Cargo
419301001,MT Sanmar Spirit,2017-01-27 18:23:00,13.24445,80.39678,0,92.2,Tanker
419201001,MV Vishakha Star,2017-01-27 18:23:00,13.20919,80.47016,0.1,357.4,Cargo
419201002,MV APJ Kiran,2017-01-27 18:23:00,13.18302,80.50102,0,2.9,Cargo
419201009,MV Ennore Pioneer,2017-01-27 18:23:00,12.46209,81.03245,12.9,281.6,Cargo
419301005,MT Coastal Trader,2017-01-27 18:23:00,14.17702,79.37579,10.3,310.6,Tanker
419501008,Kovalam FV-01,2017-01-27 18:23:00,11.88474,80.498,4.7,171.6,Fishing
419053900,MT Dawn Kanchipuram,2017-01-27 18:24:00,13.93218,80.3351,9.8,318.3,Tanker
419301006,MT Triton,2017-01-27 18:24:00,13.26531,80.31096,0,357.2,Tanker
419301007,MT Bay Tanker,2017-01-27 18:24:00,13.15013,80.46067,0,358.3,Tanker
419201003,MV Ennore Express,2017-01-27 18:25:00,13.28602,80.32074,0.1,2.3,Cargo
419301003,MT Coromandel King,2017-01-27 18:25:00,13.26886,80.3406,0,0.3,Tanker
419301002,MT Chennai Petro,2017-01-27 18:25:00,13.10857,80.52914,0,359.7,Tanker
419201005,MV Eastern Star,2017-01-27 18:25:00,12.96998,79.68135,13.8,281.2,Cargo
419201008,MV Chennai Bulk,2017-01-27 18:25:00,13.02156,80.04654,12.2,293.8,Cargo
419401001,MV Chennai Express,2017-01-27 18:25:00,12.8327,82.57417,14.9,2.3,Container
558201001,MV Coral Sea,2017-01-27 18:26:00,12.27352,81.16918,13.7,279.2,Cargo
636201001,MV Fortune Bulker,2017-01-27 18:26:00,12.12522,80.55316,13.6,281.4,Cargo
419501006,Pulicat FV-01,2017-01-27 18:26:00,13.69846,80.90209,3.9,93.5,Fishing
419501012,Royapuram FV,2017-01-27 18:26:00,12.35398,80.9918,4.7,139.6,Fishing
419201004,MV Coastal Glory,2017-01-27 18:27:00,13.32012,80.31435,0,0.6,Cargo
419301001,MT Sanmar Spirit,2017-01-27 18:27:00,13.24382,80.39697,0,92.0,Tanker
538301001,MT Gulf Carrier,2017-01-27 18:27:00,13.07893,80.54965,0.5,355.0,Tanker
419501003,Chennai FV-03,2017-01-27 18:27:00,12.82739,79.59197,3.7,232.1,Fishing
419201006,MV KPL Carrier,2017-01-27 18:28:00,13.24817,80.35883,0.3,93.5,Cargo
419301006,MT Triton,2017-01-27 18:28:00,13.26411,80.30906,0,359.6,Tanker
419201002,MV APJ Kiran,2017-01-27 18:28:00,13.18328,80.50046,0.1,3.1,Cargo
419301004,MT POL Voyager,2017-01-27 18:28:00,13.2505,80.41918,0.0,2.3,Tanker
419201010,MV KPL Vishal,2017-01-27 18:28:00,13.75391,78.5787,12.9,290.7,Cargo
419401003,MV Bay Express,2017-01-27 18:28:00,16.14752,81.77733,14.2,357.1,Container
419501007,Pulicat FV-02,2017-01-27 18:28:00,13.56783,79.12488,4.2,265.6,Fishing
419501010,North FV-01,2017-01-27 18:28:00,13.74664,81.63316,5.8,65.2,Fishing
235008000,BW Maple,2017-01-27 18:29:00,13.07738,80.39724,11.0,152.8,Tanker
419201007,MV Sakthi Pride,2017-01-27 18:29:00,13.25236,80.31823,0,359.3,Cargo
419301005,MT Coastal Trader,2017-01-27 18:29:00,14.19513,79.36019,10.2,308.3,Tanker
419501009,Kovalam FV-02,2017-01-27 18:29:00,12.65926,81.03673,3.9,99.0,Fishing
419501013,Ennore FV-21,2017-01-27 18:29:00,12.41468,80.33047,4.5,184.7,Fishing
419501014,Chennai FV-11,2017-01-27 18:29:00,13.67417,79.83223,3.8,313.9,Fishing
419201003,MV Ennore Express,2017-01-27 18:30:00,13.28566,80.31968,0,3.6,Cargo
419201001,MV Vishakha Star,2017-01-27 18:30:00,13.2094,80.46827,0.1,355.4,Cargo
419301002,MT Chennai Petro,2017-01-27 18:30:00,13.1114,80.52979,0,358.9,Tanker
419301007,MT Bay Tanker,2017-01-27 18:30:00,13.14974,80.46007,0,358.0,Tanker
419501015,North FV-21,2017-01-27 18:30:00,12.69621,80.42414,4.2,166.1,Fishing
419053900,MT Dawn Kanchipuram,2017-01-27 18:31:00,13.94866,80.32067,10.0,321.5,Tanker
419301003,MT Coromandel King,2017-01-27 18:31:00,13.26833,80.34021,0.7,355.8,Tanker
419201004,MV Coastal Glory,2017-01-27 18:32:00,13.32046,80.31555,0.5,357.9,Cargo
419301001,MT Sanmar Spirit,2017-01-27 18:32:00,13.24612,80.39717,0.6,90.1,Tanker
419301006,MT Triton,2017-01-27 18:32:00,13.26388,80.30954,0.3,359.8,Tanker
538301001,MT Gulf Carrier,2017-01-27 18:32:00,13.08011,80.54815,0.3,3.1,Tanker
558201001,MV Coral Sea,2017-01-27 18:32:00,12.28041,81.13977,13.1,280.3,Cargo
419201008,MV Chennai Bulk,2017-01-27 18:32:00,13.0286,80.01903,12.4,285.6,Cargo
419201009,MV Ennore Pioneer,2017-01-27 18:32:00,12.46826,81.00174,12.8,284.2,Cargo
419501002,Chennai FV-02,2017-01-27 18:32:00,13.74705,81.15567,5.3,69.1,Fishing
419201006,MV KPL Carrier,2017-01-27 18:33:00,13.24828,80.35707,0.4,94.2,Cargo
419201002,MV APJ Kiran,2017-01-27 18:33:00,13.18195,80.50075,0.4,2.2,Cargo
357401001,MV Orient Trader,2017-01-27 18:33:00,14.86408,82.53199,16.8,8.3,Container
419201007,MV Sakthi Pride,2017-01-27 18:34:00,13.25167,80.31992,0.1,358.9,Cargo
419301004,MT POL Voyager,2017-01-27 18:34:00,13.25137,80.42091,0.0,0.9,Tanker
419201005,MV Eastern Star,2017-01-27 18:34:00,12.97865,79.65039,13.8,286.2,Cargo
419201010,MV KPL Vishal,2017-01-27 18:34:00,13.76342,78.55066,13.0,289.5,Cargo
477401001,MV Pacific Highway,2017-01-27 18:34:00,12.99939,83.02293,17.1,359.9,Container
419501004,Ennore FV-11,2017-01-27 18:34:00,12.36729,80.88112,5.3,152.6,Fishing
235008000,BW Maple,2017-01-27 18:35:00,13.05641,80.40838,10.7,154.6,Tanker
419201003,MV Ennore Express,2017-01-27 18:35:00,13.28736,80.3209,0,359.5,Cargo
419201001,MV Vishakha Star,2017-01-27 18:35:00,13.21129,80.47023,0.5,0.6,Cargo
419301005,MT Coastal Trader,2017-01-27 18:35:00,14.20838,79.3412,10.2,309.7,Tanker
419201004,MV Coastal Glory,2017-01-27 18:36:00,13.32144,80.3144,0.3,0.1,Cargo
419301003,MT Coromandel King,2017-01-27 18:36:00,13.26939,80.34048,0.1,1.9,Tanker
419301002,MT Chennai Petro,2017-01-27 18:36:00,13.11191,80.53067,0.4,359.6,Tanker
419301007,MT Bay Tanker,2017-01-27 18:36:00,13.14948,80.46085,0.3,358.2,Tanker
636201001,MV Fortune Bulker,2017-01-27 18:36:00,12.13078,80.52138,14.0,275.8,Cargo
419501001,Chennai FV-01,2017-01-27 18:36:00,12.95872,80.959,4.2,119.8,Fishing
419501005,Ennore FV-12,2017-01-27 18:37:00,13.57896,79.35279,5.1,288.9,Fishing
419301001,MT Sanmar Spirit,2017-01-27 18:38:00,13.24277,80.39768,0.3,93.7,Tanker
419301006,MT Triton,2017-01-27 18:38:00,13.26428,80.31031,0,0.7,Tanker
419601001,Tug KPL-1,2017-01-27 18:38:00,13.25619,80.31036,4.3,258.3,Tug
419201006,MV KPL Carrier,2017-01-27 18:39:00,13.24729,80.35666,0.3,87.8,Cargo
419301004,MT POL Voyager,2017-01-27 18:39:00,13.25158,80.41929,0.7,358.0,Tanker
538301001,MT Gulf Carrier,2017-01-27 18:39:00,13.08096,80.55061,0.1,0.0,Tanker
419501008,Kovalam FV-01,2017-01-27 18:39:00,11.86342,80.50331,4.8,168.3,Fishing
419501011,Marina FV-01,2017-01-27 18:39:00,12.46148,80.81117,4.0,140.0,Fishing
419053900,MT Dawn Kanchipuram,2017-01-27 18:40:00,13.96703,80.30623,9.7,320.1,Tanker
419201003,MV Ennore Express,2017-01-27 18:40:00,13.28648,80.31917,0,0.1,Cargo
419201007,MV Sakthi Pride,2017-01-27 18:40:00,13.25228,80.31836,0.0,2.8,Cargo
419201002,MV APJ Kiran,2017-01-27 18:40:00,13.18162,80.49901,0.0,358.7,Cargo
558201001,MV Coral Sea,2017-01-27 18:40:00,12.28606,81.10977,13.6,283.6,Cargo
419201009,MV Ennore Pioneer,2017-01-27 18:40:00,12.47462,80.97398,12.8,282.5,Cargo
419201010,MV KPL Vishal,2017-01-27 18:40:00,13.77327,78.52395,13.8,291.0,Cargo
419501012,Royapuram FV,2017-01-27 18:40:00,12.33616,81.00861,5.0,138.7,Fishing
419201004,MV Coastal Glory,2017-01-27 18:41:00,13.32187,80.31486,0.1,359.0,Cargo
419301003,MT Coromandel King,2017-01-27 18:41:00,13.26771,80.34033,0.0,0.7,Tanker
419201001,MV Vishakha Star,2017-01-27 18:41:00,13.21054,80.47016,0.3,359.6,Cargo
419301002,MT Chennai Petro,2017-01-27 18:41:00,13.11191,80.53126,0.4,356.8,Tanker
419301007,MT Bay Tanker,2017-01-27 18:41:00,13.14836,80.46013,0,1.4,Tanker
419201008,MV Chennai Bulk,2017-01-27 18:41:00,13.03768,79.99266,12.5,286.0,Cargo
419301006,MT Triton,2017-01-27 18:42:00,13.26287,80.31102,0.1,358.3,Tanker
419401003,MV Bay Express,2017-01-27 18:42:00,16.20519,81.77293,14.4,356.3,Container
419501006,Pulicat FV-01,2017-01-27 18:42:00,13.69747,80.92146,3.5,91.8,Fishing
419601002,Tug KPL-2,2017-01-27 18:42:00,13.20975,80.31733,3.8,165.0,Tug
419601003,Pilot KPL,2017-01-27 18:42:00,13.23879,80.31008,3.9,282.0,Tug
235008000,BW Maple,2017-01-27 18:43:00,13.03551,80.42145,11.3,151.8,Tanker
419201006,MV KPL Carrier,2017-01-27 18:43:00,13.24907,80.35746,0,90.9,Cargo
419201005,MV Eastern Star,2017-01-27 18:43:00,12.98594,79.62018,14.1,286.5,Cargo
636201001,MV Fortune Bulker,2017-01-27 18:43:00,12.13758,80.49108,13.6,279.7,Cargo
419401001,MV Chennai Express,2017-01-27 18:43:00,12.89623,82.57516,14.8,1.3,Container
419301005,MT Coastal Trader,2017-01-27 18:43:00,14.22485,79.32383,9.9,309.4,Tanker
419501009,Kovalam FV-02,2017-01-27 18:43:00,12.65591,81.05424,3.7,98.0,Fishing
419501013,Ennore FV-21,2017-01-27 18:43:00,12.39293,80.32781,4.6,185.2,Fishing
419301001,MT Sanmar Spirit,2017-01-27 18:44:00,13.24375,80.39777,0.3,94.0,Tanker
419601004,Tug Ennore,2017-01-27 18:44:00,13.26405,80.28298,5.0,348.4,Tug
419301003,MT Coromandel King,2017-01-27 18:45:00,13.26823,80.33996,0.3,357.0,Tanker
538301001,MT Gulf Carrier,2017-01-27 18:45:00,13.08308,80.54941,0.1,2.0,Tanker
357401001,MV Orient Trader,2017-01-27 18:45:00,14.93163,82.53782,17.0,2.9,Container
419201003,MV Ennore Express,2017-01-27 18:46:00,13.28641,80.31843,0,1.2,Cargo
419201007,MV Sakthi Pride,2017-01-27 18:46:00,13.25108,80.31883,0.3,359.3,Cargo
419201002,MV APJ Kiran,2017-01-27 18:46:00,13.18281,80.50171,0,0.2,Cargo
419301002,MT Chennai Petro,2017-01-27 18:46:00,13.11104,80.53084,0.2,1.2,Tanker
419301004,MT POL Voyager,2017-01-27 18:46:00,13.25106,80.42097,0.1,1.9,Tanker
419501015,North FV-21,2017-01-27 18:46:00,12.67697,80.4302,4.0,168.4,Fishing
419201004,MV Coastal Glory,2017-01-27 18:47:00,13.32342,80.31385,0.0,0.1,Cargo
419201006,MV KPL Carrier,2017-01-27 18:47:00,13.24765,80.35887,0,89.2,Cargo
419301006,MT Triton,2017-01-27 18:47:00,13.26572,80.31036,0.1,1.5,Tanker
419301007,MT Bay Tanker,2017-01-27 18:47:00,13.14894,80.46109,0.1,358.2,Tanker
419501004,Ennore FV-11,2017-01-27 18:47:00,12.34729,80.89263,4.8,146.8,Fishing
419201001,MV Vishakha Star,2017-01-27 18:48:00,13.21116,80.47056,0.2,358.8,Cargo
419201009,MV Ennore Pioneer,2017-01-27 18:48:00,12.48083,80.94738,12.4,281.6,Cargo
419301001,MT Sanmar Spirit,2017-01-27 18:49:00,13.24363,80.39802,0.5,89.2,Tanker
636201001,MV Fortune Bulker,2017-01-27 18:49:00,12.14148,80.46036,14.1,275.0,Cargo
477401001,MV Pacific Highway,2017-01-27 18:49:00,13.06878,83.02901,16.7,3.6,Container
419501003,Chennai FV-03,2017-01-27 18:49:00,12.8161,79.57551,3.5,234.0,Fishing
419501010,North FV-01,2017-01-27 18:49:00,13.75948,81.65926,5.8,63.9,Fishing
419053900,MT Dawn Kanchipuram,2017-01-27 18:50:00,13.98547,80.2915,9.4,319.3,Tanker
419201003,MV Ennore Express,2017-01-27 18:50:00,13.28629,80.31999,0.1,357.8,Cargo
419301003,MT Coromandel King,2017-01-27 18:50:00,13.26869,80.33925,0.4,360.0,Tanker
538301001,MT Gulf Carrier,2017-01-27 18:50:00,13.08043,80.55042,0.3,1.4,Tanker
558201001,MV Coral Sea,2017-01-27 18:50:00,12.29323,81.0806,13.3,278.6,Cargo
419201010,MV KPL Vishal,2017-01-27 18:50:00,13.78595,78.49473,13.2,287.9,Cargo
419301005,MT Coastal Trader,2017-01-27 18:50:00,14.2376,79.30721,10.4,308.2,Tanker
419501014,Chennai FV-11,2017-01-27 18:50:00,13.68833,79.81845,3.8,313.5,Fishing
235008000,BW Maple,2017-01-27 18:51:00,13.01149,80.43131,10.9,153.0,Tanker
419201007,MV Sakthi Pride,2017-01-27 18:51:00,13.25298,80.3166,0.2,0.7,Cargo
419201005,MV Eastern Star,2017-01-27 18:51:00,12.99515,79.59099,13.8,289.3,Cargo
419201008,MV Chennai Bulk,2017-01-27 18:51:00,13.04649,79.96433,12.3,287.0,Cargo
419501002,Chennai FV-02,2017-01-27 18:52:00,13.75815,81.18212,5.3,72.3,Fishing
419201004,MV Coastal Glory,2017-01-27 18:53:00,13.32305,80.31588,0.4,1.4,Cargo
419201006,MV KPL Carrier,2017-01-27 18:53:00,13.24904,80.35771,0,87.8,Cargo
419301006,MT Triton,2017-01-27 18:53:00,13.26403,80.30965,0,358.0,Tanker
419201002,MV APJ Kiran,2017-01-27 18:53:00,13.183,80.50106,0.3,2.6,Cargo
419301002,MT Chennai Petro,2017-01-27 18:53:00,13.10965,80.52901,0.3,4.1,Tanker
419301004,MT POL Voyager,2017-01-27 18:53:00,13.25173,80.42143,0,355.7,Tanker
419301001,MT Sanmar Spirit,2017-01-27 18:54:00,13.24392,80.39841,0.5,92.9,Tanker
419301007,MT Bay Tanker,2017-01-27 18:54:00,13.15019,80.45888,0,357.1,Tanker
419201007,MV Sakthi Pride,2017-01-27 18:55:00,13.25113,80.31694,0,357.2,Cargo
419301003,MT Coromandel King,2017-01-27 18:55:00,13.2673,80.3403,0,358.1,Tanker
419201001,MV Vishakha Star,2017-01-27 18:55:00,13.2112,80.46905,0.1,1.2,Cargo
419201009,MV Ennore Pioneer,2017-01-27 18:55:00,12.4866,80.91934,13.2,281.8,Cargo
419501001,Chennai FV-01,2017-01-27 18:55:00,12.94937,80.97821,4.3,119.1,Fishing
419201003,MV Ennore Express,2017-01-27 18:56:00,13.28605,80.32033,0,359.0,Cargo
538301001,MT Gulf Carrier,2017-01-27 18:56:00,13.08193,80.55015,0,0.6,Tanker
419401001,MV Chennai Express,2017-01-27 18:56:00,12.95899,82.5777,15.0,6.1,Container
419501005,Ennore FV-12,2017-01-27 18:56:00,13.58509,79.32605,4.5,288.7,Fishing
419501011,Marina FV-01,2017-01-27 18:56:00,12.44703,80.82403,4.5,139.8,Fishing
419053900,MT Dawn Kanchipuram,2017-01-27 18:57:00,14.00328,80.27888,9.7,320.3,Tanker
558201001,MV Coral Sea,2017-01-27 18:57:00,12.29839,81.05068,13.8,281.2,Cargo
419401003,MV Bay Express,2017-01-27 18:57:00,16.26189,81.76784,14.5,354.3,Container
419601003,Pilot KPL,2017-01-27 18:57:00,13.26601,80.31892,4.0,151.5,Tug
419301006,MT Triton,2017-01-27 18:58:00,13.26437,80.31095,0,0.2,Tanker
636201001,MV Fortune Bulker,2017-01-27 18:58:00,12.1476,80.42894,13.5,279.5,Cargo
419501006,Pulicat FV-01,2017-01-27 18:58:00,13.69832,80.94221,4.2,90.1,Fishing
419501012,Royapuram FV,2017-01-27 18:58:00,12.31665,81.02416,4.8,138.4,Fishing
419601002,Tug KPL-2,2017-01-27 18:58:00,13.25486,80.31683,3.8,93.5,Tug
235008000,BW Maple,2017-01-27 18:59:00,12.98967,80.44391,11.3,155.0,Tanker
419201004,MV Coastal Glory,2017-01-27 18:59:00,13.3225,80.31492,0.4,4.2,Cargo
419201006,MV KPL Carrier,2017-01-27 18:59:00,13.24689,80.35581,0,89.6,Cargo
419301001,MT Sanmar Spirit,2017-01-27 18:59:00,13.24282,80.3987,0.1,92.7,Tanker
419301004,MT POL Voyager,2017-01-27 18:59:00,13.25293,80.42045,0,0.4,Tanker
419501008,Kovalam FV-01,2017-01-27 18:59:00,11.83968,80.51056,4.4,165.4,Fishing
419201003,MV Ennore Express,2017-01-27 19:00:00,13.28709,80.31763,0,0.1,Cargo
419201002,MV APJ Kiran,2017-01-27 19:00:00,13.18307,80.50135,0.3,1.5,Cargo
419301002,MT Chennai Petro,2017-01-27 19:00:00,13.1114,80.5294,0,2.3,Tanker
419301007,MT Bay Tanker,2017-01-27 19:00:00,13.14915,80.45938,0,357.5,Tanker
419201005,MV Eastern Star,2017-01-27 19:00:00,13.00248,79.55816,13.7,283.8,Cargo
419201008,MV Chennai Bulk,2017-01-27 19:00:00,13.05438,79.93885,12.2,285.0,Cargo
419301005,MT Coastal Trader,2017-01-27 19:00:00,14.25349,79.29054,10.6,314.7,Tanker
419501004,Ennore FV-11,2017-01-27 19:00:00,12.32673,80.90311,4.7,148.2,Fishing
419201007,MV Sakthi Pride,2017-01-27 19:01:00,13.25234,80.31845,0.2,1.2,Cargo
419301003,MT Coromandel King,2017-01-27 19:01:00,13.26825,80.3406,0.2,358.4,Tanker
419201001,MV Vishakha Star,2017-01-27 19:01:00,13.21055,80.47014,0.3,1.1,Cargo
477401001,MV Pacific Highway,2017-01-27 19:01:00,13.14146,83.03855,17.1,6.0,Container
419601001,Tug KPL-1,2017-01-27 19:01:00,13.24186,80.26883,4.2,105.2,Tug
419201009,MV Ennore Pioneer,2017-01-27 19:02:00,12.49478,80.88821,12.5,283.2,Cargo
357401001,MV Orient Trader,2017-01-27 19:02:00,15.00374,82.54694,16.7,0.3,Container
419501009,Kovalam FV-02,2017-01-27 19:02:00,12.65157,81.07204,3.5,96.7,Fishing
419501013,Ennore FV-21,2017-01-27 19:02:00,12.36939,80.32513,4.5,182.6,Fishing
419201006,MV KPL Carrier,2017-01-27 19:03:00,13.24739,80.3577,0.5,89.0,Cargo
419301001,MT Sanmar Spirit,2017-01-27 19:03:00,13.24438,80.39759,0,94.7,Tanker
419301006,MT Triton,2017-01-27 19:03:00,13.26485,80.30889,0.0,1.0,Tanker
538301001,MT Gulf Carrier,2017-01-27 19:03:00,13.08269,80.55039,0.3,357.9,Tanker
419601004,Tug Ennore,2017-01-27 19:03:00,13.27626,80.27978,3.4,336.7,Tug
419053900,MT Dawn Kanchipuram,2017-01-27 19:04:00,14.01739,80.26437,9.3,322.1,Tanker
419201003,MV Ennore Express,2017-01-27 19:04:00,13.28769,80.31859,0,355.1,Cargo
419301004,MT POL Voyager,2017-01-27 19:04:00,13.25098,80.41959,0,2.7,Tanker
558201001,MV Coral Sea,2017-01-27 19:04:00,12.305,81.01905,13.0,281.2,Cargo
419501010,North FV-01,2017-01-27 19:04:00,13.77131,81.68453,6.1,64.0,Fishing
419201004,MV Coastal Glory,2017-01-27 19:05:00,13.32207,80.31539,0.2,358.0,Cargo
419201007,MV Sakthi Pride,2017-01-27 19:05:00,13.25205,80.31859,0,359.3,Cargo
419501015,North FV-21,2017-01-27 19:05:00,12.65727,80.43558,4.1,161.6,Fishing
419301002,MT Chennai Petro,2017-01-27 19:06:00,13.11188,80.52951,0.0,359.6,Tanker
419201005,MV Eastern Star,2017-01-27 19:06:00,13.01004,79.52827,13.9,285.4,Cargo
636201001,MV Fortune Bulker,2017-01-27 19:06:00,12.15235,80.39811,13.8,276.9,Cargo
235008000,BW Maple,2017-01-27 19:07:00,12.96897,80.45269,11.2,158.7,Tanker
419301003,MT Coromandel King,2017-01-27 19:07:00,13.26763,80.33941,0.2,358.7,Tanker
419201001,MV Vishakha Star,2017-01-27 19:07:00,13.21258,80.46971,0.2,357.9,Cargo
419201002,MV APJ Kiran,2017-01-27 19:07:00,13.18389,80.50122,0,3.7,Cargo
419301007,MT Bay Tanker,2017-01-27 19:07:00,13.14906,80.46102,0,0.3,Tanker
419301005,MT Coastal Trader,2017-01-27 19:07:00,14.27174,79.27214,10.0,312.9,Tanker
419501002,Chennai FV-02,2017-01-27 19:07:00,13.76563,81.20683,5.1,68.1,Fishing
419201003,MV Ennore Express,2017-01-27 19:09:00,13.28615,80.32056,0.1,357.8,Cargo
419201006,MV KPL Carrier,2017-01-27 19:09:00,13.2483,80.3583,0,90.2,Cargo
419201007,MV Sakthi Pride,2017-01-27 19:09:00,13.25175,80.31915,0,0.3,Cargo
419301001,MT Sanmar Spirit,2017-01-27 19:09:00,13.24312,80.39957,0,87.7,Tanker
419301006,MT Triton,2017-01-27 19:09:00,13.26538,80.30986,0,358.6,Tanker
419201008,MV Chennai Bulk,2017-01-27 19:09:00,13.0611,79.91018,12.6,284.1,Cargo
419501003,Chennai FV-03,2017-01-27 19:09:00,12.80554,79.55995,3.8,229.9,Fishing
538301001,MT Gulf Carrier,2017-01-27 19:10:00,13.08119,80.55133,0,5.9,Tanker
419201009,MV Ennore Pioneer,2017-01-27 19:10:00,12.4999,80.86118,12.4,285.6,Cargo
419401003,MV Bay Express,2017-01-27 19:10:00,16.32303,81.76238,13.8,354.0,Container
419201004,MV Coastal Glory,2017-01-27 19:11:00,13.32388,80.31564,0.6,358.4,Cargo
419301003,MT Coromandel King,2017-01-27 19:11:00,13.26856,80.34024,0.3,2.4,Tanker
419301004,MT POL Voyager,2017-01-27 19:11:00,13.25193,80.41902,0.3,359.7,Tanker
419201001,MV Vishakha Star,2017-01-27 19:12:00,13.21305,80.46986,0.2,2.7,Cargo
419201002,MV APJ Kiran,2017-01-27 19:12:00,13.18419,80.50151,0.2,358.0,Cargo
419301002,MT Chennai Petro,2017-01-27 19:12:00,13.11108,80.5303,0.2,4.3,Tanker
558201001,MV Coral Sea,2017-01-27 19:12:00,12.3119,80.99003,13.5,281.5,Cargo
636201001,MV Fortune Bulker,2017-01-27 19:12:00,12.15648,80.36598,13.1,279.0,Cargo
419501008,Kovalam FV-01,2017-01-27 19:12:00,11.8164,80.5163,5.0,162.9,Fishing
419053900,MT Dawn Kanchipuram,2017-01-27 19:13:00,14.0355,80.25074,9.9,319.0,Tanker
419201007,MV Sakthi Pride,2017-01-27 19:13:00,13.25311,80.31807,0,359.5,Cargo
419301007,MT Bay Tanker,2017-01-27 19:13:00,13.15105,80.45903,0,358.3,Tanker
419401001,MV Chennai Express,2017-01-27 19:13:00,13.01822,82.57824,14.9,6.3,Container
419301005,MT Coastal Trader,2017-01-27 19:13:00,14.28542,79.25578,10.4,311.6,Tanker
419501001,Chennai FV-01,2017-01-27 19:13:00,12.93856,80.9959,4.2,120.1,Fishing
419201003,MV Ennore Express,2017-01-27 19:14:00,13.28512,80.32071,0,0.5,Cargo
419201006,MV KPL Carrier,2017-01-27 19:14:00,13.24683,80.35875,0,94.0,Cargo
419301006,MT Triton,2017-01-27 19:14:00,13.2638,80.30827,0.1,359.2,Tanker
419301001,MT Sanmar Spirit,2017-01-27 19:15:00,13.2461,80.39862,0.5,90.5,Tanker
419201005,MV Eastern Star,2017-01-27 19:15:00,13.01995,79.49762,13.6,286.0,Cargo
419201008,MV Chennai Bulk,2017-01-27 19:15:00,13.06968,79.88326,12.7,287.1,Cargo
419501005,Ennore FV-12,2017-01-27 19:15:00,13.59343,79.30316,5.2,288.0,Fishing
419501012,Royapuram FV,2017-01-27 19:16:00,12.29738,81.04223,4.7,138.8,Fishing
235008000,BW Maple,2017-01-27 19:17:00,12.94718,80.4657,11.0,152.0,Tanker
419201004,MV Coastal Glory,2017-01-27 19:17:00,13.32444,80.31426,0.4,0.2,Cargo
419301003,MT Coromandel King,2017-01-27 19:17:00,13.26837,80.33961,0,0.1,Tanker
538301001,MT Gulf Carrier,2017-01-27 19:17:00,13.08075,80.54911,0.1,359.9,Tanker
357401001,MV Orient Trader,2017-01-27 19:17:00,15.07258,82.5533,16.8,3.6,Container
419501009,Kovalam FV-02,2017-01-27 19:17:00,12.64992,81.09049,3.4,105.8,Fishing
419201007,MV Sakthi Pride,2017-01-27 19:18:00,13.25065,80.31849,0,358.7,Cargo
419301006,MT Triton,2017-01-27 19:18:00,13.26516,80.30954,0.4,357.7,Tanker
419301002,MT Chennai Petro,2017-01-27 19:18:00,13.1114,80.53069,0.1,359.9,Tanker
419301004,MT POL Voyager,2017-01-27 19:18:00,13.2516,80.41888,0.9,358.3,Tanker
419301007,MT Bay Tanker,2017-01-27 19:18:00,13.1511,80.46016,0.0,2.4,Tanker
419501006,Pulicat FV-01,2017-01-27 19:18:00,13.69787,80.96318,3.8,96.2,Fishing
419601002,Tug KPL-2,2017-01-27 19:18:00,13.25256,80.29314,5.0,359.9,Tug
419201003,MV Ennore Express,2017-01-27 19:19:00,13.2874,80.31863,0.1,0.2,Cargo
419201006,MV KPL Carrier,2017-01-27 19:19:00,13.24764,80.35744,0.0,87.9,Cargo
419201001,MV Vishakha Star,2017-01-27 19:19:00,13.21353,80.47046,0.2,356.1,Cargo
419201002,MV APJ Kiran,2017-01-27 19:19:00,13.18412,80.5004,0.3,0.5,Cargo
477401001,MV Pacific Highway,2017-01-27 19:19:00,13.21376,83.04337,17.1,4.1,Container
419501011,Marina FV-01,2017-01-27 19:19:00,12.43087,80.83655,4.5,140.5,Fishing
419601004,Tug Ennore,2017-01-27 19:19:00,13.25491,80.28635,4.0,7.7,Tug
636201001,MV Fortune Bulker,2017-01-27 19:20:00,12.16399,80.33611,13.8,278.8,Cargo
419201009,MV Ennore Pioneer,2017-01-27 19:20:00,12.50615,80.83308,12.4,282.0,Cargo
419301001,MT Sanmar Spirit,2017-01-27 19:21:00,13.24426,80.40122,0.1,90.6,Tanker
419501002,Chennai FV-02,2017-01-27 19:21:00,13.77576,81.23196,5.0,69.1,Fishing
419501013,Ennore FV-21,2017-01-27 19:21:00,12.3468,80.32399,4.5,185.0,Fishing
419201005,MV Eastern Star,2017-01-27 19:22:00,13.02567,79.46819,14.0,282.6,Cargo
558201001,MV Coral Sea,2017-01-27 19:22:00,12.31822,80.95914,13.7,282.9,Cargo
419401003,MV Bay Express,2017-01-27 19:22:00,16.37964,81.75773,13.7,354.3,Container
419301005,MT Coastal Trader,2017-01-27 19:22:00,14.29783,79.239,10.3,310.1,Tanker
419501003,Chennai FV-03,2017-01-27 19:22:00,12.7926,79.54659,3.6,230.5,Fishing
419053900,MT Dawn Kanchipuram,2017-01-27 19:23:00,14.05325,80.23576,10.1,324.1,Tanker
419201004,MV Coastal Glory,2017-01-27 19:23:00,13.32467,80.31436,0,0.5,Cargo
419301003,MT Coromandel King,2017-01-27 19:23:00,13.27019,80.33913,0.1,357.8,Tanker
419301006,MT Triton,2017-01-27 19:23:00,13.26472,80.31068,0.3,358.7,Tanker
419301004,MT POL Voyager,2017-01-27 19:23:00,13.25245,80.42016,0,0.9,Tanker
538301001,MT Gulf Carrier,2017-01-27 19:23:00,13.08374,80.55034,0,359.5,Tanker
235008000,BW Maple,2017-01-27 19:24:00,12.92468,80.47845,11.3,153.6,Tanker
419201007,MV Sakthi Pride,2017-01-27 19:24:00,13.25112,80.31707,0,356.8,Cargo
419201001,MV Vishakha Star,2017-01-27 19:24:00,13.2119,80.47095,0.1,0.8,Cargo
419201002,MV APJ Kiran,2017-01-27 19:24:00,13.18573,80.50029,0,4.9,Cargo
419301002,MT Chennai Petro,2017-01-27 19:24:00,13.11177,80.53121,0,0.5,Tanker
419301007,MT Bay Tanker,2017-01-27 19:24:00,13.15086,80.46076,0.4,0.2,Tanker
419601001,Tug KPL-1,2017-01-27 19:24:00,13.21874,80.29925,3.6,235.1,Tug
419601003,Pilot KPL,2017-01-27 19:24:00,13.25014,80.3239,3.7,151.2,Tug
419201003,MV Ennore Express,2017-01-27 19:25:00,13.28801,80.32097,0.4,359.0,Cargo
419201006,MV KPL Carrier,2017-01-27 19:25:00,13.2476,80.35727,0.2,87.4,Cargo
419201008,MV Chennai Bulk,2017-01-27 19:25:00,13.07741,79.85523,12.6,288.2,Cargo
419301001,MT Sanmar Spirit,2017-01-27 19:26:00,13.24524,80.39946,0.3,93.4,Tanker
419201009,MV Ennore Pioneer,2017-01-27 19:26:00,12.51276,80.80389,12.1,281.3,Cargo
419301006,MT Triton,2017-01-27 19:27:00,13.26347,80.30948,0,355.2,Tanker
419401001,MV Chennai Express,2017-01-27 19:27:00,13.08122,82.58147,14.6,0.1,Container
419501015,North FV-21,2017-01-27 19:27:00,12.63723,80.44023,4.1,163.3,Fishing
419201004,MV Coastal Glory,2017-01-27 19:28:00,13.32447,80.31607,0.1,2.4,Cargo
419301003,MT Coromandel King,2017-01-27 19:28:00,13.26952,80.33878,0,357.7,Tanker
419301004,MT POL Voyager,2017-01-27 19:28:00,13.25284,80.42002,0.3,2.8,Tanker
419201001,MV Vishakha Star,2017-01-27 19:29:00,13.21398,80.46932,0.1,358.6,Cargo
419201002,MV APJ Kiran,2017-01-27 19:29:00,13.18563,80.49848,0.3,2.3,Cargo
538301001,MT Gulf Carrier,2017-01-27 19:29:00,13.0826,80.54991,0.5,0.3,Tanker
419201003,MV Ennore Express,2017-01-27 19:30:00,13.2868,80.31902,0,359.4,Cargo
419201007,MV Sakthi Pride,2017-01-27 19:30:00,13.25088,80.31903,0.3,359.7,Cargo
419301001,MT Sanmar Spirit,2017-01-27 19:30:00,13.24383,80.40001,0,84.7,Tanker
419301002,MT Chennai Petro,2017-01-27 19:30:00,13.11095,80.52912,0.5,0.2,Tanker
419201005,MV Eastern Star,2017-01-27 19:30:00,13.03288,79.43706,13.5,283.5,Cargo
636201001,MV Fortune Bulker,2017-01-27 19:30:00,12.1674,80.30598,14.2,282.2,Cargo
419201006,MV KPL Carrier,2017-01-27 19:31:00,13.24916,80.35829,0,87.0,Cargo
419301007,MT Bay Tanker,2017-01-27 19:31:00,13.14934,80.46047,0.1,357.7,Tanker
558201001,MV Coral Sea,2017-01-27 19:31:00,12.32393,80.93011,13.9,283.2,Cargo
419201008,MV Chennai Bulk,2017-01-27 19:31:00,13.08607,79.82949,12.5,284.3,Cargo
419501001,Chennai FV-01,2017-01-27 19:31:00,12.92876,81.01207,3.7,123.1,Fishing
419501008,Kovalam FV-01,2017-01-27 19:31:00,11.79283,80.52313,4.7,166.1,Fishing
235008000,BW Maple,2017-01-27 19:32:00,12.90285,80.49046,10.9,150.0,Tanker
419301005,MT Coastal Trader,2017-01-27 19:32:00,14.316,79.22014,10.1,309.3,Tanker
419501009,Kovalam FV-02,2017-01-27 19:32:00,12.64468,81.10898,3.3,99.3,Fishing
419053900,MT Dawn Kanchipuram,2017-01-27 19:33:00,14.06879,80.22443,10.2,321.0,Tanker
419201004,MV Coastal Glory,2017-01-27 19:33:00,13.32586,80.31534,0.2,356.8,Cargo
419301003,MT Coromandel King,2017-01-27 19:33:00,13.26848,80.33998,0.0,0.2,Tanker
419301006,MT Triton,2017-01-27 19:33:00,13.2643,80.31099,0.1,359.4,Tanker
419201007,MV Sakthi Pride,2017-01-27 19:34:00,13.2525,80.31856,0.0,357.4,Cargo
419301004,MT POL Voyager,2017-01-27 19:34:00,13.2526,80.42163,0.2,2.6,Tanker
419501002,Chennai FV-02,2017-01-27 19:34:00,13.78373,81.25908,5.2,74.0,Fishing
419501011,Marina FV-01,2017-01-27 19:34:00,12.41317,80.85256,4.1,140.9,Fishing
419501012,Royapuram FV,2017-01-27 19:34:00,12.27963,81.05995,4.9,135.3,Fishing
419201003,MV Ennore Express,2017-01-27 19:35:00,13.28637,80.32011,0.4,3.8,Cargo
419201002,MV APJ Kiran,2017-01-27 19:35:00,13.18595,80.50005,0.1,0.5,Cargo
419201009,MV Ennore Pioneer,2017-01-27 19:35:00,12.51925,80.77581,13.2,285.5,Cargo
419501005,Ennore FV-12,2017-01-27 19:35:00,13.60153,79.27779,5.0,292.0,Fishing
419301001,MT Sanmar Spirit,2017-01-27 19:36:00,13.24523,80.39993,0.3,90.8,Tanker
419201001,MV Vishakha Star,2017-01-27 19:36:00,13.21144,80.47058,0.1,0.4,Cargo
419301007,MT Bay Tanker,2017-01-27 19:36:00,13.15033,80.45855,0.0,4.6,Tanker
538301001,MT Gulf Carrier,2017-01-27 19:36:00,13.08242,80.54829,0.6,3.5,Tanker
419601004,Tug Ennore,2017-01-27 19:36:00,13.25469,80.30306,3.9,106.5,Tug
419201006,MV KPL Carrier,2017-01-27 19:37:00,13.24843,80.35879,0.2,90.5,Cargo
419301002,MT Chennai Petro,2017-01-27 19:37:00,13.11188,80.53081,0.3,357.6,Tanker
558201001,MV Coral Sea,2017-01-27 19:37:00,12.33043,80.90049,13.4,279.2,Cargo
636201001,MV Fortune Bulker,2017-01-27 19:37:00,12.17596,80.27312,13.8,277.3,Cargo
477401001,MV Pacific Highway,2017-01-27 19:37:00,13.28302,83.04755,17.1,4.8,Container
419301003,MT Coromandel King,2017-01-27 19:38:00,13.26996,80.34065,0,1.6,Tanker
419501006,Pulicat FV-01,2017-01-27 19:38:00,13.69703,80.98239,3.7,88.9,Fishing
419601003,Pilot KPL,2017-01-27 19:38:00,13.2343,80.28102,3.9,211.8,Tug
419201004,MV Coastal Glory,2017-01-27 19:39:00,13.32641,80.31529,0.5,359.8,Cargo
419301006,MT Triton,2017-01-27 19:39:00,13.26647,80.3096,0,359.3,Tanker
419201005,MV Eastern Star,2017-01-27 19:39:00,13.04327,79.40616,13.6,282.9,Cargo
419401001,MV Chennai Express,2017-01-27 19:39:00,13.14129,82.58072,15.0,3.1,Container
419401003,MV Bay Express,2017-01-27 19:39:00,16.43711,81.75066,14.3,351.7,Container
419601001,Tug KPL-1,2017-01-27 19:39:00,13.23697,80.2771,4.2,132.2,Tug
419201007,MV Sakthi Pride,2017-01-27 19:40:00,13.25314,80.31758,0.0,354.9,Cargo
419601002,Tug KPL-2,2017-01-27 19:40:00,13.22788,80.32364,4.0,29.6,Tug
235008000,BW Maple,2017-01-27 19:41:00,12.87984,80.49937,11.2,149.7,Tanker
419201003,MV Ennore Express,2017-01-27 19:41:00,13.28689,80.32104,0.0,1.7,Cargo
419201002,MV APJ Kiran,2017-01-27 19:41:00,13.186,80.50028,0,1.4,Cargo
419301004,MT POL Voyager,2017-01-27 19:41:00,13.25322,80.41955,0.1,359.7,Tanker
419201008,MV Chennai Bulk,2017-01-27 19:41:00,13.09264,79.80265,12.7,285.6,Cargo
419201009,MV Ennore Pioneer,2017-01-27 19:41:00,12.52631,80.74796,13.1,281.4,Cargo
419501013,Ennore FV-21,2017-01-27 19:41:00,12.32477,80.32509,4.6,181.2,Fishing
419053900,MT Dawn Kanchipuram,2017-01-27 19:42:00,14.08761,80.20833,9.6,323.1,Tanker
419301001,MT Sanmar Spirit,2017-01-27 19:42:00,13.24424,80.40113,0.2,93.8,Tanker
419201001,MV Vishakha Star,2017-01-27 19:42:00,13.21356,80.46931,0,1.7,Cargo
419301005,MT Coastal Trader,2017-01-27 19:42:00,14.32961,79.20317,10.2,311.9,Tanker
419201006,MV KPL Carrier,2017-01-27 19:43:00,13.24822,80.35968,0.2,87.8,Cargo
419301007,MT Bay Tanker,2017-01-27 19:43:00,13.1493,80.45987,0,356.5,Tanker
538301001,MT Gulf Carrier,2017-01-27 19:43:00,13.08399,80.55189,0.3,358.1,Tanker
419301003,MT Coromandel King,2017-01-27 19:44:00,13.27095,80.3401,0.1,358.0,Tanker
419301002,MT Chennai Petro,2017-01-27 19:44:00,13.11175,80.53006,0.8,2.6,Tanker
558201001,MV Coral Sea,2017-01-27 19:44:00,12.33558,80.86845,13.5,281.2,Cargo
419501008,Kovalam FV-01,2017-01-27 19:44:00,11.76747,80.52759,4.2,163.8,Fishing
419201004,MV Coastal Glory,2017-01-27 19:45:00,13.32433,80.31426,0.2,0.0,Cargo
419201007,MV Sakthi Pride,2017-01-27 19:45:00,13.25206,80.31733,0.1,2.9,Cargo
419301006,MT Triton,2017-01-27 19:45:00,13.26511,80.31006,0.1,359.2,Tanker
636201001,MV Fortune Bulker,2017-01-27 19:45:00,12.17966,80.24227,13.8,280.3,Cargo
419501015,North FV-21,2017-01-27 19:45:00,12.61789,80.44366,4.0,166.8,Fishing
419201002,MV APJ Kiran,2017-01-27 19:46:00,13.18706,80.50006,0.1,0.5,Cargo
419501009,Kovalam FV-02,2017-01-27 19:46:00,12.64173,81.12619,3.5,98.3,Fishing
419201003,MV Ennore Express,2017-01-27 19:47:00,13.2892,80.31911,0.4,358.5,Cargo
419201001,MV Vishakha Star,2017-01-27 19:47:00,13.21157,80.47126,0.3,356.4,Cargo
419201005,MV Eastern Star,2017-01-27 19:47:00,13.05076,79.37734,13.6,287.4,Cargo
419301001,MT Sanmar Spirit,2017-01-27 19:48:00,13.2423,80.40196,0.3,93.2,Tanker
419301004,MT POL Voyager,2017-01-27 19:48:00,13.2546,80.42131,0.4,1.4,Tanker
419501001,Chennai FV-01,2017-01-27 19:48:00,12.91703,81.02989,4.4,119.9,Fishing
419201006,MV KPL Carrier,2017-01-27 19:49:00,13.24706,80.35931,0.5,88.6,Cargo
419201007,MV Sakthi Pride,2017-01-27 19:49:00,13.25129,80.31815,0.1,358.9,Cargo
419301003,MT Coromandel King,2017-01-27 19:49:00,13.26888,80.33887,0,0.3,Tanker
419301006,MT Triton,2017-01-27 19:49:00,13.26606,80.31027,0.3,356.4,Tanker
419301007,MT Bay Tanker,2017-01-27 19:49:00,13.14998,80.45938,0,2.0,Tanker
538301001,MT Gulf Carrier,2017-01-27 19:49:00,13.08139,80.54984,0.2,359.7,Tanker
419301002,MT Chennai Petro,2017-01-27 19:50:00,13.11161,80.5309,0.1,3.3,Tanker
558201001,MV Coral Sea,2017-01-27 19:50:00,12.34243,80.8411,13.8,284.1,Cargo
419201008,MV Chennai Bulk,2017-01-27 19:50:00,13.10185,79.77403,12.4,285.5,Cargo
419301005,MT Coastal Trader,2017-01-27 19:50:00,14.34688,79.18652,10.4,314.1,Tanker
419053900,MT Dawn Kanchipuram,2017-01-27 19:51:00,14.10566,80.19642,9.7,320.0,Tanker
235008000,BW Maple,2017-01-27 19:51:00,12.85913,80.51274,10.9,154.3,Tanker
419201004,MV Coastal Glory,2017-01-27 19:51:00,13.3254,80.31469,0.4,359.4,Cargo
419201002,MV APJ Kiran,2017-01-27 19:51:00,13.18602,80.49969,0.1,359.9,Cargo
419201009,MV Ennore Pioneer,2017-01-27 19:51:00,12.53255,80.71869,12.8,285.0,Cargo
477401001,MV Pacific Highway,2017-01-27 19:51:00,13.35704,83.05636,17.2,4.2,Container
419501002,Chennai FV-02,2017-01-27 19:51:00,13.79097,81.28495,4.7,68.9,Fishing
419201001,MV Vishakha Star,2017-01-27 19:52:00,13.21238,80.47065,0.7,2.0,Cargo
419501005,Ennore FV-12,2017-01-27 19:52:00,13.61014,79.25365,5.3,291.6,Fishing
419201003,MV Ennore Express,2017-01-27 19:53:00,13.28798,80.31863,0.1,0.6,Cargo
419201006,MV KPL Carrier,2017-01-27 19:53:00,13.24693,80.35895,0.1,91.6,Cargo
419301001,MT Sanmar Spirit,2017-01-27 19:53:00,13.24409,80.40174,0.2,88.5,Tanker
419301003,MT Coromandel King,2017-01-27 19:53:00,13.26951,80.3407,0,2.9,Tanker
419301006,MT Triton,2017-01-27 19:53:00,13.26348,80.31047,0,3.3,Tanker
419301004,MT POL Voyager,2017-01-27 19:53:00,13.25323,80.41954,0.1,0.3,Tanker
419201007,MV Sakthi Pride,2017-01-27 19:54:00,13.25204,80.31777,0.0,0.1,Cargo
636201001,MV Fortune Bulker,2017-01-27 19:54:00,12.18464,80.21224,13.9,278.3,Cargo
419201004,MV Coastal Glory,2017-01-27 19:55:00,13.32534,80.31468,0.4,3.1,Cargo
419301002,MT Chennai Petro,2017-01-27 19:55:00,13.11414,80.52994,0.3,358.4,Tanker
419301007,MT Bay Tanker,2017-01-27 19:55:00,13.14953,80.45771,0,359.4,Tanker
538301001,MT Gulf Carrier,2017-01-27 19:55:00,13.08118,80.54948,0.0,359.0,Tanker
419401003,MV Bay Express,2017-01-27 19:55:00,16.49638,81.74615,14.1,348.5,Container
419501011,Marina FV-01,2017-01-27 19:55:00,12.39749,80.86593,3.8,139.3,Fishing
419201005,MV Eastern Star,2017-01-27 19:56:00,13.05741,79.34734,13.8,284.8,Cargo
558201001,MV Coral Sea,2017-01-27 19:56:00,12.34922,80.80938,13.5,284.6,Cargo
419401001,MV Chennai Express,2017-01-27 19:56:00,13.20219,82.58556,15.1,0.4,Container
419501006,Pulicat FV-01,2017-01-27 19:56:00,13.69789,81.0036,3.7,87.9,Fishing
419501012,Royapuram FV,2017-01-27 19:56:00,12.26033,81.07451,4.6,134.2,Fishing
419601001,Tug KPL-1,2017-01-27 19:56:00,13.21887,80.27992,3.9,223.2,Tug
419601002,Tug KPL-2,2017-01-27 19:56:00,13.23129,80.29575,3.8,287.7,Tug
235008000,BW Maple,2017-01-27 19:57:00,12.83812,80.52418,11.3,152.7,Tanker
419201003,MV Ennore Express,2017-01-27 19:57:00,13.28921,80.32042,0.3,0.4,Cargo
419201002,MV APJ Kiran,2017-01-27 19:57:00,13.18804,80.49998,0.7,2.7,Cargo
419601003,Pilot KPL,2017-01-27 19:57:00,13.25427,80.28107,3.8,66.2,Tug
419201006,MV KPL Carrier,2017-01-27 19:58:00,13.24752,80.35857,0,85.2,Cargo
419053900,MT Dawn Kanchipuram,2017-01-27 19:59:00,14.12285,80.18143,9.9,319.8,Tanker
419201007,MV Sakthi Pride,2017-01-27 19:59:00,13.25245,80.31868,0.0,0.8,Cargo
419301001,MT Sanmar Spirit,2017-01-27 19:59:00,13.24472,80.40022,0,93.0,Tanker
419301003,MT Coromandel King,2017-01-27 19:59:00,13.27017,80.34052,0.2,359.9,Tanker
419301006,MT Triton,2017-01-27 19:59:00,13.26474,80.3101,0,1.1,Tanker
419201001,MV Vishakha Star,2017-01-27 19:59:00,13.21321,80.46907,0,1.0,Cargo
419501015,North FV-21,2017-01-27 19:59:00,12.59748,80.44971,3.5,161.7,Fishing
419601004,Tug Ennore,2017-01-27 19:59:00,13.25967,80.28979,3.9,15.0,Tug
419201004,MV Coastal Glory,2017-01-27 20:00:00,13.32511,80.31541,0,1.1,Cargo
419301004,MT POL Voyager,2017-01-27 20:00:00,13.25292,80.42024,0.2,3.0,Tanker
419201008,MV Chennai Bulk,2017-01-27 20:00:00,13.10957,79.74655,12.2,285.5,Cargo
419201009,MV Ennore Pioneer,2017-01-27 20:00:00,12.53828,80.69135,12.6,284.7,Cargo
419301005,MT Coastal Trader,2017-01-27 20:00:00,14.36182,79.16741,10.1,313.2,Tanker
419501008,Kovalam FV-01,2017-01-27 20:00:00,11.74666,80.53203,4.8,169.0,Fishing
419201003,MV Ennore Express,2017-01-27 20:01:00,13.2874,80.32096,0.0,2.1,Cargo
419301002,MT Chennai Petro,2017-01-27 20:01:00,13.11448,80.52988,0.2,358.6,Tanker
419301007,MT Bay Tanker,2017-01-27 20:01:00,13.14979,80.45995,0.3,357.6,Tanker
636201001,MV Fortune Bulker,2017-01-27 20:01:00,12.18985,80.17959,13.8,278.3,Cargo
419501001,Chennai FV-01,2017-01-27 20:01:00,12.90715,81.05018,4.0,121.5,Fishing
419201006,MV KPL Carrier,2017-01-27 20:02:00,13.24864,80.35965,0.5,90.3,Cargo
538301001,MT Gulf Carrier,2017-01-27 20:02:00,13.08335,80.54987,0,0.5,Tanker
419501013,Ennore FV-21,2017-01-27 20:02:00,12.3027,80.3212,5.0,182.4,Fishing
419201007,MV Sakthi Pride,2017-01-27 20:03:00,13.25179,80.31822,0,0.0,Cargo
419301003,MT Coromandel King,2017-01-27 20:03:00,13.26967,80.33912,0.1,359.1,Tanker
419201002,MV APJ Kiran,2017-01-27 20:03:00,13.18873,80.50066,0.2,1.8,Cargo
477401001,MV Pacific Highway,2017-01-27 20:03:00,13.4271,83.0625,17.1,1.8,Container
419301006,MT Triton,2017-01-27 20:04:00,13.2649,80.31105,0.2,1.9,Tanker
235008000,BW Maple,2017-01-27 20:05:00,12.81302,80.53593,11.2,159.4,Tanker
419201003,MV Ennore Express,2017-01-27 20:05:00,13.2881,80.32122,0.3,2.8,Cargo
419201004,MV Coastal Glory,2017-01-27 20:05:00,13.3259,80.31601,0.2,2.6,Cargo
419301001,MT Sanmar Spirit,2017-01-27 20:05:00,13.24517,80.40219,0.6,89.1,Tanker
419201001,MV Vishakha Star,2017-01-27 20:05:00,13.21365,80.47,0,0.2,Cargo
419201005,MV Eastern Star,2017-01-27 20:05:00,13.06754,79.31567,13.7,286.6,Cargo
558201001,MV Coral Sea,2017-01-27 20:05:00,12.35546,80.77914,13.8,285.5,Cargo
419301007,MT Bay Tanker,2017-01-27 20:06:00,13.14952,80.45966,0,358.4,Tanker
419501005,Ennore FV-12,2017-01-27 20:06:00,13.61786,79.22892,5.2,286.1,Fishing
419201007,MV Sakthi Pride,2017-01-27 20:07:00,13.25129,80.31812,0.4,0.5,Cargo
419301004,MT POL Voyager,2017-01-27 20:07:00,13.25203,80.42026,0.5,358.3,Tanker
419201006,MV KPL Carrier,2017-01-27 20:08:00,13.24822,80.35936,0.0,87.2,Cargo
419301002,MT Chennai Petro,2017-01-27 20:08:00,13.11266,80.53042,0.3,357.8,Tanker
636201001,MV Fortune Bulker,2017-01-27 20:08:00,12.19598,80.149,14.0,284.4,Cargo
419201008,MV Chennai Bulk,2017-01-27 20:08:00,13.11858,79.72064,12.6,289.0,Cargo
419201009,MV Ennore Pioneer,2017-01-27 20:08:00,12.54525,80.66134,12.7,279.6,Cargo
419501011,Marina FV-01,2017-01-27 20:08:00,12.38311,80.88099,4.6,138.6,Fishing
419053900,MT Dawn Kanchipuram,2017-01-27 20:09:00,14.13982,80.168,10.0,321.1,Tanker
419201004,MV Coastal Glory,2017-01-27 20:09:00,13.32562,80.31469,0.4,357.1,Cargo
419301003,MT Coromandel King,2017-01-27 20:09:00,13.27118,80.33976,0.0,359.8,Tanker
419301006,MT Triton,2017-01-27 20:09:00,13.26438,80.31051,0,0.9,Tanker
419201002,MV APJ Kiran,2017-01-27 20:09:00,13.18794,80.49986,0,359.4,Cargo
538301001,MT Gulf Carrier,2017-01-27 20:09:00,13.0824,80.54882,0.2,356.7,Tanker
419401001,MV Chennai Express,2017-01-27 20:09:00,13.26545,82.58689,14.6,4.3,Container
419501006,Pulicat FV-01,2017-01-27 20:09:00,13.69764,81.02349,3.5,90.5,Fishing
419501009,Kovalam FV-02,2017-01-27 20:09:00,12.63927,81.14553,3.6,101.6,Fishing
419301001,MT Sanmar Spirit,2017-01-27 20:10:00,13.24362,80.40254,0.5,87.6,Tanker
419201001,MV Vishakha Star,2017-01-27 20:10:00,13.2146,80.46952,0.0,359.4,Cargo
419301005,MT Coastal Trader,2017-01-27 20:10:00,14.37771,79.15046,10.1,312.6,Tanker
419201003,MV Ennore Express,2017-01-27 20:11:00,13.2895,80.32064,0,359.7,Cargo
419301007,MT Bay Tanker,2017-01-27 20:11:00,13.15087,80.45884,0.3,357.3,Tanker
558201001,MV Coral Sea,2017-01-27 20:11:00,12.36052,80.74871,13.4,284.4,Cargo
419501012,Royapuram FV,2017-01-27 20:11:00,12.24167,81.09301,5.1,138.9,Fishing
419201006,MV KPL Carrier,2017-01-27 20:12:00,13.24636,80.35814,0,92.8,Cargo
419301004,MT POL Voyager,2017-01-27 20:12:00,13.25326,80.41982,0.2,1.6,Tanker
419201005,MV Eastern Star,2017-01-27 20:12:00,13.07266,79.28506,14.4,288.0,Cargo
235008000,BW Maple,2017-01-27 20:13:00,12.79089,80.54636,11.1,155.0,Tanker
419201007,MV Sakthi Pride,2017-01-27 20:13:00,13.25249,80.31761,0,358.0,Cargo
419301003,MT Coromandel King,2017-01-27 20:13:00,13.26974,80.33939,0,359.0,Tanker
419401003,MV Bay Express,2017-01-27 20:13:00,16.55692,81.74068,14.3,355.2,Container
419201004,MV Coastal Glory,2017-01-27 20:14:00,13.32735,80.31462,0.4,359.4,Cargo
419301006,MT Triton,2017-01-27 20:14:00,13.26498,80.31007,0,1.9,Tanker
419301002,MT Chennai Petro,2017-01-27 20:14:00,13.11434,80.52942,0.1,355.9,Tanker
419501002,Chennai FV-02,2017-01-27 20:14:00,13.80073,81.31173,5.1,68.6,Fishing
419201003,MV Ennore Express,2017-01-27 20:15:00,13.28919,80.32035,0.1,358.5,Cargo
419301001,MT Sanmar Spirit,2017-01-27 20:15:00,13.24397,80.40121,0.5,89.5,Tanker
419201002,MV APJ Kiran,2017-01-27 20:15:00,13.1879,80.50003,0.5,359.2,Cargo
538301001,MT Gulf Carrier,2017-01-27 20:15:00,13.08379,80.55014,0.4,359.5,Tanker
636201001,MV Fortune Bulker,2017-01-27 20:15:00,12.20096,80.11836,14.2,274.1,Cargo
419301005,MT Coastal Trader,2017-01-27 20:16:00,14.39146,79.13505,10.3,310.0,Tanker
419053900,MT Dawn Kanchipuram,2017-01-27 20:17:00,14.15649,80.15416,10.1,318.2,Tanker
419201006,MV KPL Carrier,2017-01-27 20:17:00,13.25005,80.36114,0.1,88.3,Cargo
419301003,MT Coromandel King,2017-01-27 20:17:00,13.27115,80.34001,0.0,1.5,Tanker
419201001,MV Vishakha Star,2017-01-27 20:17:00,13.21347,80.4694,0.3,357.2,Cargo
419301007,MT Bay Tanker,2017-01-27 20:17:00,13.15073,80.45899,0.2,2.3,Tanker
419601001,Tug KPL-1,2017-01-27 20:17:00,13.25596,80.29949,4.1,265.4,Tug
419601002,Tug KPL-2,2017-01-27 20:17:00,13.24333,80.30695,4.3,174.2,Tug
419201008,MV Chennai Bulk,2017-01-27 20:18:00,13.12504,79.69347,12.5,289.2,Cargo
419201009,MV Ennore Pioneer,2017-01-27 20:18:00,12.55183,80.63597,12.8,285.1,Cargo
419501013,Ennore FV-21,2017-01-27 20:18:00,12.27979,80.31928,4.8,179.1,Fishing
419201003,MV Ennore Express,2017-01-27 20:19:00,13.28899,80.32087,0.0,358.7,Cargo
419201004,MV Coastal Glory,2017-01-27 20:19:00,13.32536,80.3147,0.4,1.9,Cargo
419201007,MV Sakthi Pride,2017-01-27 20:19:00,13.25239,80.3185,0.2,1.7,Cargo
419301006,MT Triton,2017-01-27 20:19:00,13.26472,80.3092,0,356.2,Tanker
419301004,MT POL Voyager,2017-01-27 20:19:00,13.25463,80.41992,0.0,357.1,Tanker
558201001,MV Coral Sea,2017-01-27 20:19:00,12.36554,80.71994,13.6,283.3,Cargo
419501015,North FV-21,2017-01-27 20:19:00,12.57754,80.45459,3.9,167.5,Fishing
419301001,MT Sanmar Spirit,2017-01-27 20:20:00,13.2433,80.40234,0.7,91.6,Tanker
419301002,MT Chennai Petro,2017-01-27 20:20:00,13.1123,80.53157,0,356.5,Tanker
477401001,MV Pacific Highway,2017-01-27 20:20:00,13.49749,83.06894,17.2,3.2,Container
419501008,Kovalam FV-01,2017-01-27 20:20:00,11.72286,80.54072,5.0,163.4,Fishing
419601004,Tug Ennore,2017-01-27 20:20:00,13.27632,80.30082,4.5,140.9,Tug
235008000,BW Maple,2017-01-27 20:21:00,12.76989,80.55877,11.1,153.5,Tanker
419201005,MV Eastern Star,2017-01-27 20:21:00,13.08155,79.25451,13.6,282.9,Cargo
419301003,MT Coromandel King,2017-01-27 20:22:00,13.27199,80.3416,0.2,3.0,Tanker
419201001,MV Vishakha Star,2017-01-27 20:22:00,13.21484,80.47008,0.0,359.8,Cargo
419201002,MV APJ Kiran,2017-01-27 20:22:00,13.18973,80.49941,0,359.5,Cargo
538301001,MT Gulf Carrier,2017-01-27 20:22:00,13.08359,80.55039,0.2,358.7,Tanker
419501001,Chennai FV-01,2017-01-27 20:22:00,12.89897,81.06839,3.6,120.7,Fishing
419601003,Pilot KPL,2017-01-27 20:22:00,13.29356,80.3095,4.0,163.2,Tug
419201003,MV Ennore Express,2017-01-27 20:23:00,13.28965,80.31987,0,2.8,Cargo
419201006,MV KPL Carrier,2017-01-27 20:23:00,13.24754,80.35853,0.4,88.5,Cargo
419301006,MT Triton,2017-01-27 20:23:00,13.26374,80.31201,0.3,2.0,Tanker
419301007,MT Bay Tanker,2017-01-27 20:23:00,13.15068,80.46017,0.0,359.8,Tanker
636201001,MV Fortune Bulker,2017-01-27 20:24:00,12.20729,80.08697,13.9,284.6,Cargo
419053900,MT Dawn Kanchipuram,2017-01-27 20:25:00,14.17264,80.14116,9.8,321.8,Tanker
419201004,MV Coastal Glory,2017-01-27 20:25:00,13.32752,80.31419,0.0,356.8,Cargo
419201007,MV Sakthi Pride,2017-01-27 20:25:00,13.25128,80.31788,0,3.3,Cargo
419301001,MT Sanmar Spirit,2017-01-27 20:25:00,13.24409,80.402,0.4,88.7,Tanker
419301004,MT POL Voyager,2017-01-27 20:25:00,13.25338,80.4185,0,5.3,Tanker
558201001,MV Coral Sea,2017-01-27 20:25:00,12.373,80.69046,13.3,276.4,Cargo
419301005,MT Coastal Trader,2017-01-27 20:25:00,14.40582,79.11701,10.5,313.4,Tanker
419301003,MT Coromandel King,2017-01-27 20:26:00,13.27096,80.3402,0.0,1.8,Tanker
419201009,MV Ennore Pioneer,2017-01-27 20:26:00,12.55873,80.60635,12.6,282.9,Cargo
419301006,MT Triton,2017-01-27 20:27:00,13.26485,80.31043,0,359.7,Tanker
419301002,MT Chennai Petro,2017-01-27 20:27:00,13.11395,80.53004,0.2,2.3,Tanker
538301001,MT Gulf Carrier,2017-01-27 20:27:00,13.08209,80.5506,0.3,0.7,Tanker
419201005,MV Eastern Star,2017-01-27 20:27:00,13.09037,79.22312,14.0,289.2,Cargo
419201008,MV Chennai Bulk,2017-01-27 20:27:00,13.13397,79.66641,12.9,288.0,Cargo
419401001,MV Chennai Express,2017-01-27 20:27:00,13.3262,82.59039,14.8,3.7,Container
419501011,Marina FV-01,2017-01-27 20:27:00,12.36622,80.89436,4.1,137.9,Fishing
419201003,MV Ennore Express,2017-01-27 20:28:00,13.2884,80.31886,0.5,358.1,Cargo
419201006,MV KPL Carrier,2017-01-27 20:28:00,13.24703,80.36221,0,88.0,Cargo
419201001,MV Vishakha Star,2017-01-27 20:28:00,13.21359,80.46947,0.7,359.8,Cargo
419201002,MV APJ Kiran,2017-01-27 20:28:00,13.18785,80.5007,0.3,3.8,Cargo
419201004,MV Coastal Glory,2017-01-27 20:30:00,13.32773,80.31372,0.3,359.1,Cargo
419201007,MV Sakthi Pride,2017-01-27 20:30:00,13.25357,80.31855,0.2,2.5,Cargo
419301003,MT Coromandel King,2017-01-27 20:30:00,13.27107,80.33973,0,357.9,Tanker
419301007,MT Bay Tanker,2017-01-27 20:30:00,13.1508,80.46284,0,358.5,Tanker
419401003,MV Bay Express,2017-01-27 20:30:00,16.61429,81.73577,13.7,356.9,Container
235008000,BW Maple,2017-01-27 20:31:00,12.7473,80.56829,10.9,152.4,Tanker
419301001,MT Sanmar Spirit,2017-01-27 20:31:00,13.24405,80.40296,0.1,89.5,Tanker
419501002,Chennai FV-02,2017-01-27 20:31:00,13.80965,81.33575,5.1,68.6,Fishing
419501006,Pulicat FV-01,2017-01-27 20:31:00,13.69683,81.04382,3.6,92.3,Fishing
419301004,MT POL Voyager,2017-01-27 20:32:00,13.25446,80.41924,0,360.0,Tanker
538301001,MT Gulf Carrier,2017-01-27 20:32:00,13.08228,80.55073,0.1,356.8,Tanker
419301005,MT Coastal Trader,2017-01-27 20:32:00,14.42206,79.09953,10.0,315.2,Tanker
419201003,MV Ennore Express,2017-01-27 20:33:00,13.28839,80.3188,0.0,359.3,Cargo
419301006,MT Triton,2017-01-27 20:33:00,13.26599,80.31152,0.6,358.1,Tanker
419201002,MV APJ Kiran,2017-01-27 20:33:00,13.18883,80.49983,0.0,359.6,Cargo
419201006,MV KPL Carrier,2017-01-27 20:34:00,13.24961,80.36029,0,91.7,Cargo
419201007,MV Sakthi Pride,2017-01-27 20:34:00,13.25123,80.31882,0.3,359.0,Cargo
419301002,MT Chennai Petro,2017-01-27 20:34:00,13.1136,80.53159,0,359.4,Tanker
558201001,MV Coral Sea,2017-01-27 20:34:00,12.38095,80.66013,13.6,281.1,Cargo
636201001,MV Fortune Bulker,2017-01-27 20:34:00,12.21139,80.05496,13.8,282.2,Cargo
419201009,MV Ennore Pioneer,2017-01-27 20:34:00,12.56439,80.57578,13.0,285.5,Cargo
419501013,Ennore FV-21,2017-01-27 20:34:00,12.25779,80.31811,4.3,180.4,Fishing
419053900,MT Dawn Kanchipuram,2017-01-27 20:35:00,14.19007,80.12492,9.7,321.0,Tanker
419201004,MV Coastal Glory,2017-01-27 20:35:00,13.32881,80.31325,0.3,0.9,Cargo
419301003,MT Coromandel King,2017-01-27 20:35:00,13.27077,80.34006,0.2,359.5,Tanker
419201001,MV Vishakha Star,2017-01-27 20:35:00,13.21405,80.4704,0.4,357.3,Cargo
419301007,MT Bay Tanker,2017-01-27 20:35:00,13.14937,80.46014,0.2,0.3,Tanker
419501001,Chennai FV-01,2017-01-27 20:35:00,12.88443,81.08602,4.3,121.0,Fishing
419301001,MT Sanmar Spirit,2017-01-27 20:36:00,13.24407,80.40328,0,92.7,Tanker
235008000,BW Maple,2017-01-27 20:37:00,12.72731,80.5803,10.3,152.0,Tanker
419201003,MV Ennore Express,2017-01-27 20:37:00,13.29064,80.32096,0.1,0.8,Cargo
419301006,MT Triton,2017-01-27 20:37:00,13.26465,80.31007,0.0,2.9,Tanker
419201008,MV Chennai Bulk,2017-01-27 20:37:00,13.14168,79.63859,11.9,288.0,Cargo
477401001,MV Pacific Highway,2017-01-27 20:37:00,13.56882,83.07347,16.6,6.1,Container
419201002,MV APJ Kiran,2017-01-27 20:38:00,13.18885,80.49972,0.2,356.8,Cargo
538301001,MT Gulf Carrier,2017-01-27 20:38:00,13.08304,80.55127,0,0.4,Tanker
419301005,MT Coastal Trader,2017-01-27 20:38:00,14.4364,79.08302,10.0,314.0,Tanker
419601001,Tug KPL-1,2017-01-27 20:38:00,13.23633,80.29301,4.6,100.1,Tug
419601004,Tug Ennore,2017-01-27 20:38:00,13.24854,80.28127,4.1,358.9,Tug
419201006,MV KPL Carrier,2017-01-27 20:39:00,13.24848,80.35975,0.0,88.6,Cargo
419301002,MT Chennai Petro,2017-01-27 20:39:00,13.11535,80.5301,1.1,1.0,Tanker
419301004,MT POL Voyager,2017-01-27 20:39:00,13.25539,80.41981,0.2,357.9,Tanker
419401001,MV Chennai Express,2017-01-27 20:39:00,13.38806,82.59224,14.3,2.8,Container
419601002,Tug KPL-2,2017-01-27 20:39:00,13.25129,80.28916,4.7,255.3,Tug
419201007,MV Sakthi Pride,2017-01-27 20:40:00,13.25231,80.31789,0,2.0,Cargo
419301001,MT Sanmar Spirit,2017-01-27 20:40:00,13.24391,80.40469,0.2,89.4,Tanker
419301007,MT Bay Tanker,2017-01-27 20:40:00,13.15007,80.46151,0,359.0,Tanker
636201001,MV Fortune Bulker,2017-01-27 20:40:00,12.21628,80.0254,13.8,281.9,Cargo
419201004,MV Coastal Glory,2017-01-27 20:41:00,13.32595,80.31408,0.2,0.7,Cargo
419301003,MT Coromandel King,2017-01-27 20:41:00,13.27336,80.33969,0.4,359.6,Tanker
419301006,MT Triton,2017-01-27 20:41:00,13.26424,80.31066,0,356.7,Tanker
558201001,MV Coral Sea,2017-01-27 20:41:00,12.38508,80.62839,13.6,282.9,Cargo
419601003,Pilot KPL,2017-01-27 20:41:00,13.26585,80.28382,4.2,261.4,Tug
419201003,MV Ennore Express,2017-01-27 20:42:00,13.29046,80.32009,0.2,1.3,Cargo
419201001,MV Vishakha Star,2017-01-27 20:42:00,13.2143,80.47022,0.3,358.0,Cargo
419053900,MT Dawn Kanchipuram,2017-01-27 20:43:00,14.20744,80.11338,10.2,321.7,Tanker
419201006,MV KPL Carrier,2017-01-27 20:43:00,13.24861,80.35939,0.3,84.8,Cargo
419401003,MV Bay Express,2017-01-27 20:43:00,16.67217,81.72936,14.1,356.4,Container
419301004,MT POL Voyager,2017-01-27 20:44:00,13.25462,80.41912,0.2,1.9,Tanker
419201009,MV Ennore Pioneer,2017-01-27 20:44:00,12.56938,80.5491,12.5,285.6,Cargo
419301005,MT Coastal Trader,2017-01-27 20:44:00,14.4523,79.06341,10.1,312.4,Tanker
419201004,MV Coastal Glory,2017-01-27 20:45:00,13.32948,80.31416,0.3,1.6,Cargo
419201007,MV Sakthi Pride,2017-01-27 20:45:00,13.25164,80.31698,0.1,1.8,Cargo
419201002,MV APJ Kiran,2017-01-27 20:45:00,13.18915,80.49936,0.5,357.7,Cargo
419301007,MT Bay Tanker,2017-01-27 20:45:00,13.14853,80.45996,0.0,3.6,Tanker
538301001,MT Gulf Carrier,2017-01-27 20:45:00,13.08437,80.54873,0.4,359.1,Tanker
419501006,Pulicat FV-01,2017-01-27 20:45:00,13.69732,81.06354,4.3,89.0,Fishing
419301001,MT Sanmar Spirit,2017-01-27 20:46:00,13.24437,80.40545,0,90.6,Tanker
419301003,MT Coromandel King,2017-01-27 20:46:00,13.27244,80.34038,0,356.7,Tanker
419301006,MT Triton,2017-01-27 20:46:00,13.2653,80.30847,0,0.5,Tanker
419301002,MT Chennai Petro,2017-01-27 20:46:00,13.11416,80.53052,0,358.7,Tanker
235008000,BW Maple,2017-01-27 20:47:00,12.7026,80.59327,11.3,148.9,Tanker
419201001,MV Vishakha Star,2017-01-27 20:47:00,13.21217,80.47002,0,2.4,Cargo
636201001,MV Fortune Bulker,2017-01-27 20:47:00,12.22251,79.9946,13.6,280.6,Cargo
419501011,Marina FV-01,2017-01-27 20:47:00,12.35033,80.90851,4.9,141.5,Fishing
419201003,MV Ennore Express,2017-01-27 20:48:00,13.29018,80.31999,0.5,356.8,Cargo
419201006,MV KPL Carrier,2017-01-27 20:48:00,13.24901,80.36182,0.5,90.7,Cargo
419201004,MV Coastal Glory,2017-01-27 20:49:00,13.32913,80.31612,1.0,2.0,Cargo
419201007,MV Sakthi Pride,2017-01-27 20:50:00,13.25081,80.31832,0,359.5,Cargo
419301006,MT Triton,2017-01-27 20:50:00,13.2641,80.31096,0.4,0.9,Tanker
538301001,MT Gulf Carrier,2017-01-27 20:50:00,13.08442,80.54943,0.3,4.5,Tanker
419053900,MT Dawn Kanchipuram,2017-01-27 20:51:00,14.22584,80.09877,9.7,322.0,Tanker
419301003,MT Coromandel King,2017-01-27 20:51:00,13.27183,80.33949,0.0,0.4,Tanker
419301004,MT POL Voyager,2017-01-27 20:51:00,13.25662,80.41996,0.2,358.7,Tanker
558201001,MV Coral Sea,2017-01-27 20:51:00,12.39208,80.59901,14.0,282.0,Cargo
419301001,MT Sanmar Spirit,2017-01-27 20:52:00,13.24353,80.40433,0.2,90.0,Tanker
419201002,MV APJ Kiran,2017-01-27 20:52:00,13.18981,80.50052,0.6,358.7,Cargo
419301002,MT Chennai Petro,2017-01-27 20:52:00,13.1153,80.52838,0.0,358.2,Tanker
419301007,MT Bay Tanker,2017-01-27 20:52:00,13.14824,80.45992,0,2.0,Tanker
419201009,MV Ennore Pioneer,2017-01-27 20:52:00,12.5768,80.52245,13.4,281.9,Cargo
419401001,MV Chennai Express,2017-01-27 20:52:00,13.44956,82.59432,14.8,1.2,Container
477401001,MV Pacific Highway,2017-01-27 20:52:00,13.64292,83.08218,17.2,5.0,Container
419201006,MV KPL Carrier,2017-01-27 20:53:00,13.24974,80.36086,0,89.9,Cargo
419201003,MV Ennore Express,2017-01-27 20:54:00,13.28966,80.31982,0.2,358.8,Cargo
419301006,MT Triton,2017-01-27 20:54:00,13.26362,80.30933,0,359.9,Tanker
419201001,MV Vishakha Star,2017-01-27 20:54:00,13.21676,80.47014,0.1,358.5,Cargo
419301005,MT Coastal Trader,2017-01-27 20:54:00,14.46766,79.04512,10.1,313.0,Tanker
419501002,Chennai FV-02,2017-01-27 20:54:00,13.81881,81.36072,5.7,70.5,Fishing
419201004,MV Coastal Glory,2017-01-27 20:55:00,13.32849,80.314,0.1,359.6,Cargo
419301003,MT Coromandel King,2017-01-27 20:55:00,13.27043,80.34096,0.4,0.3,Tanker
419501013,Ennore FV-21,2017-01-27 20:55:00,12.23557,80.31534,4.1,184.2,Fishing
235008000,BW Maple,2017-01-27 20:56:00,12.6815,80.60419,11.5,153.7,Tanker
419201007,MV Sakthi Pride,2017-01-27 20:56:00,13.25073,80.31952,0,1.7,Cargo
419301001,MT Sanmar Spirit,2017-01-27 20:56:00,13.24449,80.40418,0.4,89.5,Tanker
419601001,Tug KPL-1,2017-01-27 20:56:00,13.23762,80.29103,3.9,75.5,Tug
419601003,Pilot KPL,2017-01-27 20:56:00,13.24368,80.31852,4.6,191.9,Tug
419601004,Tug Ennore,2017-01-27 20:56:00,13.25283,80.28893,4.5,135.0,Tug
419301002,MT Chennai Petro,2017-01-27 20:57:00,13.11516,80.53124,0.1,0.5,Tanker
538301001,MT Gulf Carrier,2017-01-27 20:57:00,13.08654,80.54923,0.3,0.1,Tanker
636201001,MV Fortune Bulker,2017-01-27 20:57:00,12.22766,79.96503,14.2,280.6,Cargo
419201003,MV Ennore Express,2017-01-27 20:58:00,13.29037,80.31956,0.7,2.4,Cargo
419201006,MV KPL Carrier,2017-01-27 20:58:00,13.24839,80.36,0.4,90.3,Cargo
419201002,MV APJ Kiran,2017-01-27 20:58:00,13.19136,80.50256,0,359.9,Cargo
419301004,MT POL Voyager,2017-01-27 20:58:00,13.2531,80.4197,0.3,3.6,Tanker
558201001,MV Coral Sea,2017-01-27 20:58:00,12.39791,80.5685,13.7,284.9,Cargo
419301003,MT Coromandel King,2017-01-27 20:59:00,13.27157,80.33984,0.3,355.9,Tanker
419301006,MT Triton,2017-01-27 20:59:00,13.26587,80.3104,0,1.3,Tanker
419301007,MT Bay Tanker,2017-01-27 20:59:00,13.15019,80.45995,0,356.5,Tanker
419401003,MV Bay Express,2017-01-27 20:59:00,16.73293,81.72443,13.9,358.4,Container
419201004,MV Coastal Glory,2017-01-27 21:00:00,13.32796,80.31596,0.2,0.6,Cargo
419201007,MV Sakthi Pride,2017-01-27 21:00:00,13.25206,80.31851,0,1.1,Cargo
419201001,MV Vishakha Star,2017-01-27 21:00:00,13.21491,80.46923,0.5,2.5,Cargo
419201009,MV Ennore Pioneer,2017-01-27 21:00:00,12.58313,80.49169,12.7,281.2,Cargo
419053900,MT Dawn Kanchipuram,2017-01-27 21:01:00,14.24248,80.0847,9.9,324.4,Tanker
235008000,BW Maple,2017-01-27 21:02:00,12.6605,80.61647,11.2,155.1,Tanker
419301001,MT Sanmar Spirit,2017-01-27 21:02:00,13.24409,80.40691,0.1,91.9,Tanker
419301002,MT Chennai Petro,2017-01-27 21:02:00,13.11502,80.52895,0,359.7,Tanker
538301001,MT Gulf Carrier,2017-01-27 21:02:00,13.08356,80.54961,0.2,359.7,Tanker
419201003,MV Ennore Express,2017-01-27 21:03:00,13.28963,80.31886,0.2,356.6,Cargo
419201006,MV KPL Carrier,2017-01-27 21:03:00,13.2488,80.36038,0.3,91.7,Cargo
419301003,MT Coromandel King,2017-01-27 21:03:00,13.27289,80.34039,0,359.4,Tanker
419201002,MV APJ Kiran,2017-01-27 21:03:00,13.18922,80.50049,0,0.4,Cargo
419053900,MT Dawn Kanchipuram,2017-01-27 21:03:22,13.07844,80.41103,9.4,337.3,Tanker
419201004,MV Coastal Glory,2017-01-27 21:04:00,13.32877,80.31489,0.1,357.1,Cargo
419301004,MT POL Voyager,2017-01-27 21:04:00,13.25563,80.41814,0,0.7,Tanker
419301007,MT Bay Tanker,2017-01-27 21:04:00,13.15162,80.46003,0.1,1.1,Tanker
636201001,MV Fortune Bulker,2017-01-27 21:04:00,12.2332,79.93167,13.9,278.1,Cargo
419301005,MT Coastal Trader,2017-01-27 21:04:00,14.48212,79.02943,9.8,312.6,Tanker
419601002,Tug KPL-2,2017-01-27 21:04:00,13.21416,80.29872,3.9,76.3,Tug
419201007,MV Sakthi Pride,2017-01-27 21:05:00,13.25163,80.31696,0,359.2,Cargo
419301006,MT Triton,2017-01-27 21:05:00,13.26492,80.30994,0.4,358.6,Tanker
419201001,MV Vishakha Star,2017-01-27 21:05:00,13.21477,80.47007,0,4.2,Cargo
419401001,MV Chennai Express,2017-01-27 21:05:00,13.51182,82.59721,15.4,3.6,Container
419501011,Marina FV-01,2017-01-27 21:05:00,12.33423,80.92398,4.8,141.2,Fishing
419201009,MV Ennore Pioneer,2017-01-27 21:06:00,12.58897,80.46377,13.0,283.8,Cargo
419201006,MV KPL Carrier,2017-01-27 21:07:00,13.24841,80.36041,0.3,94.5,Cargo
419301001,MT Sanmar Spirit,2017-01-27 21:07:00,13.24367,80.40363,0,89.8,Tanker
558201001,MV Coral Sea,2017-01-27 21:07:00,12.40564,80.53923,13.4,281.5,Cargo
419201003,MV Ennore Express,2017-01-27 21:08:00,13.29111,80.32056,0.4,5.3,Cargo
419201004,MV Coastal Glory,2017-01-27 21:08:00,13.32817,80.31291,0.8,1.5,Cargo
538301001,MT Gulf Carrier,2017-01-27 21:08:00,13.08463,80.54928,0.5,357.0,Tanker
419501013,Ennore FV-21,2017-01-27 21:08:00,12.21375,80.31459,4.6,182.4,Fishing
419301003,MT Coromandel King,2017-01-27 21:09:00,13.27161,80.34086,0,358.5,Tanker
419301002,MT Chennai Petro,2017-01-27 21:09:00,13.11431,80.53021,0.4,1.5,Tanker
419301007,MT Bay Tanker,2017-01-27 21:09:00,13.14986,80.4607,0.3,2.2,Tanker
235008000,BW Maple,2017-01-27 21:10:00,12.63765,80.62706,11.0,152.3,Tanker
419201007,MV Sakthi Pride,2017-01-27 21:10:00,13.25047,80.31866,0,0.9,Cargo
419301006,MT Triton,2017-01-27 21:10:00,13.26407,80.31054,0.2,1.9,Tanker
419201001,MV Vishakha Star,2017-01-27 21:10:00,13.21566,80.47057,0.1,0.1,Cargo
419201002,MV APJ Kiran,2017-01-27 21:10:00,13.19177,80.49999,0.3,359.2,Cargo
419301004,MT POL Voyager,2017-01-27 21:10:00,13.25642,80.41942,0.3,359.0,Tanker
477401001,MV Pacific Highway,2017-01-27 21:10:00,13.71219,83.08759,17.2,8.7,Container
419201006,MV KPL Carrier,2017-01-27 21:11:00,13.2471,80.36154,0.1,89.4,Cargo
419201003,MV Ennore Express,2017-01-27 21:12:00,13.29069,80.32189,0.3,358.2,Cargo
419301001,MT Sanmar Spirit,2017-01-27 21:12:00,13.24377,80.40503,0.3,89.6,Tanker
636201001,MV Fortune Bulker,2017-01-27 21:12:00,12.24003,79.90038,13.8,278.5,Cargo
419201009,MV Ennore Pioneer,2017-01-27 21:12:00,12.59637,80.43444,12.7,282.7,Cargo
419301005,MT Coastal Trader,2017-01-27 21:12:00,14.49736,79.01291,10.4,308.8,Tanker
419301003,MT Coromandel King,2017-01-27 21:13:00,13.27299,80.33951,0.5,3.0,Tanker
419201004,MV Coastal Glory,2017-01-27 21:14:00,13.32783,80.31558,0.3,1.7,Cargo
419301007,MT Bay Tanker,2017-01-27 21:14:00,13.15013,80.46058,0.4,358.8,Tanker
419301006,MT Triton,2017-01-27 21:15:00,13.26593,80.30911,0.1,2.9,Tanker
419301004,MT POL Voyager,2017-01-27 21:15:00,13.25514,80.42156,0,2.4,Tanker
538301001,MT Gulf Carrier,2017-01-27 21:15:00,13.08664,80.54897,0.2,357.8,Tanker
558201001,MV Coral Sea,2017-01-27 21:15:00,12.40932,80.50889,13.6,282.1,Cargo
419201006,MV KPL Carrier,2017-01-27 21:16:00,13.24981,80.36091,0.3,91.2,Cargo
419201007,MV Sakthi Pride,2017-01-27 21:16:00,13.25202,80.31863,0.1,356.7,Cargo
419201001,MV Vishakha Star,2017-01-27 21:16:00,13.21504,80.47025,0.0,1.3,Cargo
419201002,MV APJ Kiran,2017-01-27 21:16:00,13.19072,80.49948,0.4,0.1,Cargo
419301002,MT Chennai Petro,2017-01-27 21:16:00,13.11696,80.53032,0.1,0.2,Tanker
419401003,MV Bay Express,2017-01-27 21:16:00,16.78904,81.7187,14.3,356.2,Container
419501002,Chennai FV-02,2017-01-27 21:16:00,13.8291,81.38758,5.6,69.9,Fishing
235008000,BW Maple,2017-01-27 21:17:00,12.61631,80.63702,11.3,152.9,Tanker
419201003,MV Ennore Express,2017-01-27 21:17:00,13.28924,80.31958,0.3,358.3,Cargo
419601003,Pilot KPL,2017-01-27 21:17:00,13.25067,80.32958,4.3,125.7,Tug
419201004,MV Coastal Glory,2017-01-27 21:18:00,13.33066,80.31595,0.5,359.0,Cargo
419301001,MT Sanmar Spirit,2017-01-27 21:18:00,13.24627,80.40643,0,91.4,Tanker
636201001,MV Fortune Bulker,2017-01-27 21:18:00,12.24417,79.8686,13.7,279.4,Cargo
419301005,MT Coastal Trader,2017-01-27 21:18:00,14.51242,78.99371,10.3,308.9,Tanker
419301003,MT Coromandel King,2017-01-27 21:19:00,13.27276,80.34056,0.0,2.7,Tanker
419301006,MT Triton,2017-01-27 21:19:00,13.26501,80.31033,0.2,359.7,Tanker
419301007,MT Bay Tanker,2017-01-27 21:19:00,13.15015,80.46076,0.4,0.7,Tanker
419601001,Tug KPL-1,2017-01-27 21:19:00,13.23506,80.30586,4.3,194.1,Tug
419601002,Tug KPL-2,2017-01-27 21:19:00,13.25625,80.30165,3.8,353.1,Tug
419201003,MV Ennore Express,2017-01-27 21:21:00,13.28982,80.3194,0.3,4.3,Cargo
419201006,MV KPL Carrier,2017-01-27 21:21:00,13.24913,80.36176,0.4,95.2,Cargo
419201001,MV Vishakha Star,2017-01-27 21:21:00,13.2163,80.46893,0.1,359.6,Cargo
419301002,MT Chennai Petro,2017-01-27 21:21:00,13.11531,80.53026,0,2.7,Tanker
419301004,MT POL Voyager,2017-01-27 21:21:00,13.25628,80.4206,0.1,0.3,Tanker
538301001,MT Gulf Carrier,2017-01-27 21:21:00,13.08462,80.54946,0,357.5,Tanker
419201007,MV Sakthi Pride,2017-01-27 21:22:00,13.25199,80.31749,0.1,358.3,Cargo
419201002,MV APJ Kiran,2017-01-27 21:22:00,13.19247,80.50004,0.1,1.7,Cargo
419201009,MV Ennore Pioneer,2017-01-27 21:22:00,12.60257,80.40667,13.1,284.8,Cargo
419401001,MV Chennai Express,2017-01-27 21:22:00,13.57311,82.60038,14.4,3.0,Container
419201004,MV Coastal Glory,2017-01-27 21:23:00,13.3277,80.31556,0.3,356.9,Cargo
419301001,MT Sanmar Spirit,2017-01-27 21:23:00,13.24339,80.40531,0.2,93.1,Tanker
419301006,MT Triton,2017-01-27 21:24:00,13.26347,80.31068,0,359.8,Tanker
558201001,MV Coral Sea,2017-01-27 21:24:00,12.41648,80.47775,13.8,281.7,Cargo
419601004,Tug Ennore,2017-01-27 21:24:00,13.27583,80.28806,3.7,19.3,Tug
419301003,MT Coromandel King,2017-01-27 21:25:00,13.27147,80.3409,0,1.4,Tanker
419301007,MT Bay Tanker,2017-01-27 21:25:00,13.14816,80.4608,0,2.3,Tanker
477401001,MV Pacific Highway,2017-01-27 21:25:00,13.78468,83.09464,17.0,3.2,Container
235008000,BW Maple,2017-01-27 21:26:00,12.59505,80.6506,11.1,153.3,Tanker
419201001,MV Vishakha Star,2017-01-27 21:26:00,13.21606,80.47093,0.2,358.8,Cargo
419301002,MT Chennai Petro,2017-01-27 21:26:00,13.11564,80.53072,0.4,0.6,Tanker
636201001,MV Fortune Bulker,2017-01-27 21:26:00,12.24904,79.83734,13.9,276.2,Cargo
419301005,MT Coastal Trader,2017-01-27 21:26:00,14.52906,78.9767,10.5,311.7,Tanker
419501011,Marina FV-01,2017-01-27 21:26:00,12.31857,80.93747,4.6,138.6,Fishing
419501013,Ennore FV-21,2017-01-27 21:26:00,12.1906,80.3134,4.3,183.3,Fishing
419201003,MV Ennore Express,2017-01-27 21:27:00,13.29086,80.31928,0,0.7,Cargo
419201004,MV Coastal Glory,2017-01-27 21:27:00,13.33149,80.31542,0.5,358.0,Cargo
419201006,MV KPL Carrier,2017-01-27 21:27:00,13.2489,80.36311,0.2,89.4,Cargo
419201007,MV Sakthi Pride,2017-01-27 21:27:00,13.2527,80.31797,0,358.6,Cargo
419201002,MV APJ Kiran,2017-01-27 21:27:00,13.19206,80.50022,0.1,2.3,Cargo
419301004,MT POL Voyager,2017-01-27 21:27:00,13.25556,80.42007,0.4,358.9,Tanker
538301001,MT Gulf Carrier,2017-01-27 21:27:00,13.08605,80.55012,0,1.1,Tanker
419301001,MT Sanmar Spirit,2017-01-27 21:28:00,13.2457,80.40666,0.6,90.2,Tanker
419301006,MT Triton,2017-01-27 21:28:00,13.26456,80.30993,0.1,356.2,Tanker
419201009,MV Ennore Pioneer,2017-01-27 21:28:00,12.61015,80.37912,12.7,281.4,Cargo
419201003,MV Ennore Express,2017-01-27 21:31:00,13.28985,80.32136,0.5,360.0,Cargo
419201004,MV Coastal Glory,2017-01-27 21:31:00,13.33046,80.31507,0.4,2.5,Cargo
419301003,MT Coromandel King,2017-01-27 21:31:00,13.27163,80.33989,0.3,0.0,Tanker
419201006,MV KPL Carrier,2017-01-27 21:32:00,13.24818,80.36189,0,92.1,Cargo
419201007,MV Sakthi Pride,2017-01-27 21:32:00,13.25252,80.31854,0.2,358.6,Cargo
419201002,MV APJ Kiran,2017-01-27 21:32:00,13.19265,80.50033,0.4,2.7,Cargo
419301007,MT Bay Tanker,2017-01-27 21:32:00,13.14885,80.46072,0,359.0,Tanker
558201001,MV Coral Sea,2017-01-27 21:32:00,12.4254,80.44814,13.4,284.3,Cargo
419301006,MT Triton,2017-01-27 21:33:00,13.26474,80.30871,0,359.3,Tanker
419201001,MV Vishakha Star,2017-01-27 21:33:00,13.21578,80.46897,0,0.4,Cargo
419301002,MT Chennai Petro,2017-01-27 21:33:00,13.11616,80.53146,0.5,359.2,Tanker
538301001,MT Gulf Carrier,2017-01-27 21:33:00,13.08668,80.54978,0.4,3.1,Tanker
636201001,MV Fortune Bulker,2017-01-27 21:33:00,12.25568,79.80712,14.3,282.7,Cargo
419301005,MT Coastal Trader,2017-01-27 21:33:00,14.54359,78.95905,10.2,313.6,Tanker
419301001,MT Sanmar Spirit,2017-01-27 21:34:00,13.2442,80.40663,0,87.0,Tanker
419301004,MT POL Voyager,2017-01-27 21:34:00,13.25729,80.41984,0.3,359.1,Tanker
419401003,MV Bay Express,2017-01-27 21:34:00,16.84735,81.71318,14.6,354.7,Container
419301003,MT Coromandel King,2017-01-27 21:35:00,13.27405,80.34064,0.2,356.3,Tanker
235008000,BW Maple,2017-01-27 21:36:00,12.57291,80.66164,11.1,152.6,Tanker
419601004,Tug Ennore,2017-01-27 21:36:00,13.27691,80.28395,4.2,107.5,Tug
419201003,MV Ennore Express,2017-01-27 21:37:00,13.29159,80.31936,0,0.4,Cargo
419201004,MV Coastal Glory,2017-01-27 21:37:00,13.33333,80.31648,0.3,353.9,Cargo
477401001,MV Pacific Highway,2017-01-27 21:37:00,13.85419,83.09981,17.2,7.4,Container
419601002,Tug KPL-2,2017-01-27 21:37:00,13.23044,80.30228,4.1,106.0,Tug
419201006,MV KPL Carrier,2017-01-27 21:38:00,13.2484,80.36119,0.4,90.4,Cargo
419201007,MV Sakthi Pride,2017-01-27 21:38:00,13.25238,80.3181,0,1.2,Cargo
419301001,MT Sanmar Spirit,2017-01-27 21:38:00,13.24481,80.40845,0.0,91.8,Tanker
419201001,MV Vishakha Star,2017-01-27 21:38:00,13.21688,80.47062,0.4,359.2,Cargo
419201002,MV APJ Kiran,2017-01-27 21:38:00,13.19353,80.5001,0.2,0.1,Cargo
419301002,MT Chennai Petro,2017-01-27 21:38:00,13.11721,80.52981,0.0,358.0,Tanker
419301007,MT Bay Tanker,2017-01-27 21:38:00,13.1487,80.46029,0,358.4,Tanker
538301001,MT Gulf Carrier,2017-01-27 21:38:00,13.08593,80.54982,0,0.4,Tanker
419201009,MV Ennore Pioneer,2017-01-27 21:38:00,12.61581,80.35126,12.8,282.6,Cargo
419601003,Pilot KPL,2017-01-27 21:38:00,13.25864,80.31312,4.3,141.7,Tug
419301006,MT Triton,2017-01-27 21:39:00,13.26481,80.31014,0.3,2.4,Tanker
558201001,MV Coral Sea,2017-01-27 21:40:00,12.43113,80.41971,13.4,281.0,Cargo
419401001,MV Chennai Express,2017-01-27 21:40:00,13.63451,82.60053,15.0,4.4,Container
419201004,MV Coastal Glory,2017-01-27 21:41:00,13.33176,80.31488,0.5,4.2,Cargo
419301003,MT Coromandel King,2017-01-27 21:41:00,13.27257,80.33966,0.5,358.4,Tanker
419301004,MT POL Voyager,2017-01-27 21:41:00,13.25611,80.41951,0,356.3,Tanker
419201003,MV Ennore Express,2017-01-27 21:43:00,13.29205,80.31978,0.0,2.6,Cargo
419201006,MV KPL Carrier,2017-01-27 21:43:00,13.2487,80.36295,0.3,91.5,Cargo
419301001,MT Sanmar Spirit,2017-01-27 21:43:00,13.24363,80.40748,0,92.1,Tanker
419301006,MT Triton,2017-01-27 21:43:00,13.26487,80.31084,0,1.1,Tanker
538301001,MT Gulf Carrier,2017-01-27 21:43:00,13.08663,80.55076,0.2,359.4,Tanker
636201001,MV Fortune Bulker,2017-01-27 21:43:00,12.26004,79.7754,14.2,279.0,Cargo
419301005,MT Coastal Trader,2017-01-27 21:43:00,14.55758,78.94301,10.2,312.8,Tanker
419501011,Marina FV-01,2017-01-27 21:43:00,12.30353,80.95283,4.3,141.1,Fishing
419501013,Ennore FV-21,2017-01-27 21:43:00,12.16846,80.31162,4.5,185.1,Fishing
419601001,Tug KPL-1,2017-01-27 21:43:00,13.22906,80.27059,3.9,245.3,Tug
419201007,MV Sakthi Pride,2017-01-27 21:44:00,13.25203,80.31811,0.2,356.7,Cargo
419201001,MV Vishakha Star,2017-01-27 21:44:00,13.21723,80.4708,0.4,359.6,Cargo
419301007,MT Bay Tanker,2017-01-27 21:44:00,13.14943,80.45991,0.1,3.5,Tanker
419201009,MV Ennore Pioneer,2017-01-27 21:44:00,12.62177,80.32151,12.8,283.8,Cargo
419201004,MV Coastal Glory,2017-01-27 21:45:00,13.33209,80.31576,0.3,2.4,Cargo
419201002,MV APJ Kiran,2017-01-27 21:45:00,13.19295,80.50004,0,0.4,Cargo
419301002,MT Chennai Petro,2017-01-27 21:45:00,13.1153,80.53028,0,2.3,Tanker
235008000,BW Maple,2017-01-27 21:46:00,12.55129,80.67271,10.9,153.1,Tanker
419301003,MT Coromandel King,2017-01-27 21:46:00,13.27405,80.34069,0,2.8,Tanker
419301004,MT POL Voyager,2017-01-27 21:47:00,13.25665,80.42003,0,0.1,Tanker
419401003,MV Bay Express,2017-01-27 21:47:00,16.90731,81.70819,13.9,356.9,Container
419201003,MV Ennore Express,2017-01-27 21:48:00,13.29161,80.32116,0.3,358.0,Cargo
419201006,MV KPL Carrier,2017-01-27 21:48:00,13.2484,80.36184,0.1,87.9,Cargo
419301001,MT Sanmar Spirit,2017-01-27 21:48:00,13.24425,80.40696,0.4,94.0,Tanker
419301006,MT Triton,2017-01-27 21:48:00,13.26414,80.30994,0,359.3,Tanker
558201001,MV Coral Sea,2017-01-27 21:48:00,12.43671,80.3876,13.6,282.1,Cargo
419301007,MT Bay Tanker,2017-01-27 21:49:00,13.14954,80.46,0.1,356.2,Tanker
419201007,MV Sakthi Pride,2017-01-27 21:50:00,13.25259,80.31912,0.1,0.2,Cargo
538301001,MT Gulf Carrier,2017-01-27 21:50:00,13.08662,80.54912,0,0.6,Tanker
419201004,MV Coastal Glory,2017-01-27 21:51:00,13.33248,80.31517,0.2,359.0,Cargo
419301003,MT Coromandel King,2017-01-27 21:51:00,13.27272,80.33987,0.2,0.3,Tanker
419201001,MV Vishakha Star,2017-01-27 21:51:00,13.2172,80.46878,0.3,3.8,Cargo
419301002,MT Chennai Petro,2017-01-27 21:51:00,13.11749,80.5289,0.1,359.0,Tanker
419201003,MV Ennore Express,2017-01-27 21:52:00,13.28987,80.3188,0,359.4,Cargo
419201006,MV KPL Carrier,2017-01-27 21:52:00,13.2497,80.3612,0.3,87.5,Cargo
419301006,MT Triton,2017-01-27 21:52:00,13.26548,80.3105,0.2,0.7,Tanker
419201002,MV APJ Kiran,2017-01-27 21:52:00,13.1938,80.49951,0.0,358.2,Cargo
636201001,MV Fortune Bulker,2017-01-27 21:52:00,12.26584,79.74388,14.1,277.5,Cargo
419301001,MT Sanmar Spirit,2017-01-27 21:53:00,13.2435,80.40873,0.0,86.2,Tanker
419201009,MV Ennore Pioneer,2017-01-27 21:53:00,12.62737,80.29225,12.9,280.5,Cargo
419301005,MT Coastal Trader,2017-01-27 21:53:00,14.57343,78.92456,10.1,311.1,Tanker
419301004,MT POL Voyager,2017-01-27 21:54:00,13.25644,80.41893,0,356.3,Tanker
419301007,MT Bay Tanker,2017-01-27 21:54:00,13.15155,80.46095,0,5.3,Tanker
558201001,MV Coral Sea,2017-01-27 21:54:00,12.44311,80.35995,13.3,278.7,Cargo
235008000,BW Maple,2017-01-27 21:55:00,12.52743,80.6851,11.2,155.5,Tanker
419201004,MV Coastal Glory,2017-01-27 21:56:00,13.3321,80.31593,0.1,358.5,Cargo
419201007,MV Sakthi Pride,2017-01-27 21:56:00,13.25306,80.31809,0,358.6,Cargo
419301003,MT Coromandel King,2017-01-27 21:56:00,13.27385,80.3384,0.0,4.5,Tanker
419201003,MV Ennore Express,2017-01-27 21:57:00,13.29125,80.3198,0.3,3.5,Cargo
419301006,MT Triton,2017-01-27 21:57:00,13.26506,80.30964,0.2,1.1,Tanker
538301001,MT Gulf Carrier,2017-01-27 21:57:00,13.08612,80.55072,0,358.2,Tanker
419201006,MV KPL Carrier,2017-01-27 21:58:00,13.24915,80.36328,0,86.5,Cargo
419301001,MT Sanmar Spirit,2017-01-27 21:58:00,13.24463,80.40756,0,88.3,Tanker
419201001,MV Vishakha Star,2017-01-27 21:58:00,13.21733,80.46951,0.1,2.3,Cargo
419201002,MV APJ Kiran,2017-01-27 21:58:00,13.19309,80.4997,0.1,0.6,Cargo
419301002,MT Chennai Petro,2017-01-27 21:58:00,13.11554,80.52997,0,1.2,Tanker
419401001,MV Chennai Express,2017-01-27 21:58:00,13.69561,82.60513,15.1,1.2,Container
419301007,MT Bay Tanker,2017-01-27 21:59:00,13.14937,80.46044,0,355.7,Tanker
419201009,MV Ennore Pioneer,2017-01-27 21:59:00,12.63381,80.2647,13.3,282.5,Cargo
419601001,Tug KPL-1,2017-01-27 21:59:00,13.22964,80.29963,4.5,89.4,Tug
419301004,MT POL Voyager,2017-01-27 22:00:00,13.25782,80.42039,0,4.0,Tanker
558201001,MV Coral Sea,2017-01-27 22:00:00,12.44844,80.33031,13.7,278.7,Cargo
419601002,Tug KPL-2,2017-01-27 22:00:00,13.2693,80.31007,4.7,28.1,Tug
419301003,MT Coromandel King,2017-01-27 22:01:00,13.27335,80.34036,0,357.5,Tanker
636201001,MV Fortune Bulker,2017-01-27 22:01:00,12.27089,79.71224,14.0,280.7,Cargo
419401003,MV Bay Express,2017-01-27 22:01:00,16.96526,81.70368,14.1,353.6,Container
419201004,MV Coastal Glory,2017-01-27 22:02:00,13.33156,80.31624,0.1,1.7,Cargo
419201006,MV KPL Carrier,2017-01-27 22:02:00,13.24836,80.36336,0.2,88.2,Cargo
419201007,MV Sakthi Pride,2017-01-27 22:02:00,13.25211,80.31911,0,1.1,Cargo
419301006,MT Triton,2017-01-27 22:02:00,13.26641,80.30979,0,1.1,Tanker
235008000,BW Maple,2017-01-27 22:03:00,12.5063,80.69587,10.9,153.7,Tanker
419201003,MV Ennore Express,2017-01-27 22:03:00,13.29131,80.31904,0.0,356.6,Cargo
419201001,MV Vishakha Star,2017-01-27 22:03:00,13.21623,80.46985,0,0.8,Cargo
419301005,MT Coastal Trader,2017-01-27 22:03:00,14.58772,78.9071,10.1,307.9,Tanker
419601003,Pilot KPL,2017-01-27 22:03:00,13.26655,80.31371,4.4,115.9,Tug
419301001,MT Sanmar Spirit,2017-01-27 22:04:00,13.24333,80.40937,0.1,91.9,Tanker
419301007,MT Bay Tanker,2017-01-27 22:04:00,13.15032,80.46148,0.1,2.3,Tanker
538301001,MT Gulf Carrier,2017-01-27 22:04:00,13.0858,80.54997,0,358.2,Tanker
419601004,Tug Ennore,2017-01-27 22:04:00,13.24128,80.2983,4.0,288.3,Tug
419301003,MT Coromandel King,2017-01-27 22:05:00,13.27483,80.34066,0,359.1,Tanker
419201002,MV APJ Kiran,2017-01-27 22:05:00,13.19289,80.50024,0.5,359.8,Cargo
419301002,MT Chennai Petro,2017-01-27 22:05:00,13.11696,80.52995,0.2,1.0,Tanker
419301004,MT POL Voyager,2017-01-27 22:05:00,13.25654,80.4198,0,0.1,Tanker
419201004,MV Coastal Glory,2017-01-27 22:06:00,13.33352,80.3143,0,0.8,Cargo
419201006,MV KPL Carrier,2017-01-27 22:06:00,13.24703,80.363,0.1,88.4,Cargo
419301006,MT Triton,2017-01-27 22:06:00,13.26366,80.30823,0.0,0.8,Tanker
558201001,MV Coral Sea,2017-01-27 22:06:00,12.45579,80.29894,13.8,279.3,Cargo
419201007,MV Sakthi Pride,2017-01-27 22:07:00,13.25204,80.31735,0.2,0.2,Cargo
419201009,MV Ennore Pioneer,2017-01-27 22:07:00,12.64156,80.23478,12.8,279.8,Cargo
419301001,MT Sanmar Spirit,2017-01-27 22:08:00,13.24475,80.40893,0,89.4,Tanker
419201003,MV Ennore Express,2017-01-27 22:09:00,13.29232,80.31998,0.7,358.7,Cargo
419301003,MT Coromandel King,2017-01-27 22:09:00,13.27265,80.34132,0,354.8,Tanker
419201001,MV Vishakha Star,2017-01-27 22:09:00,13.21706,80.47029,0,4.7,Cargo
636201001,MV Fortune Bulker,2017-01-27 22:09:00,12.27523,79.68213,13.8,279.4,Cargo
419301005,MT Coastal Trader,2017-01-27 22:09:00,14.6037,78.88942,10.4,312.4,Tanker
419201002,MV APJ Kiran,2017-01-27 22:10:00,13.19566,80.4978,0.4,4.2,Cargo
538301001,MT Gulf Carrier,2017-01-27 22:10:00,13.08785,80.55081,0.1,1.1,Tanker
419201004,MV Coastal Glory,2017-01-27 22:11:00,13.33368,80.31506,0.1,357.4,Cargo
419301006,MT Triton,2017-01-27 22:11:00,13.26564,80.31061,0.3,1.2,Tanker
419301004,MT POL Voyager,2017-01-27 22:11:00,13.25642,80.42046,0.4,359.0,Tanker
419301007,MT Bay Tanker,2017-01-27 22:11:00,13.14888,80.45878,0.3,1.2,Tanker
419201006,MV KPL Carrier,2017-01-27 22:12:00,13.24749,80.36184,0.1,90.1,Cargo
419301001,MT Sanmar Spirit,2017-01-27 22:12:00,13.24506,80.40873,0.4,90.5,Tanker
419301002,MT Chennai Petro,2017-01-27 22:12:00,13.11776,80.52816,0,359.4,Tanker
419201007,MV Sakthi Pride,2017-01-27 22:13:00,13.25331,80.31807,0,358.6,Cargo
419301003,MT Coromandel King,2017-01-27 22:14:00,13.27244,80.33953,0,359.9,Tanker
419201009,MV Ennore Pioneer,2017-01-27 22:14:00,12.64736,80.20805,13.3,282.7,Cargo
419201003,MV Ennore Express,2017-01-27 22:15:00,13.29219,80.31768,0.4,5.1,Cargo
419201002,MV APJ Kiran,2017-01-27 22:15:00,13.19527,80.49897,0.4,356.0,Cargo
419401001,MV Chennai Express,2017-01-27 22:15:00,13.75783,82.60587,14.7,3.1,Container
419201004,MV Coastal Glory,2017-01-27 22:16:00,13.33346,80.31483,0.0,0.2,Cargo
419301001,MT Sanmar Spirit,2017-01-27 22:16:00,13.24256,80.40998,0.4,88.2,Tanker
419201001,MV Vishakha Star,2017-01-27 22:16:00,13.21573,80.46906,0.1,358.5,Cargo
419301004,MT POL Voyager,2017-01-27 22:16:00,13.25602,80.42063,0.2,358.6,Tanker
419301007,MT Bay Tanker,2017-01-27 22:16:00,13.15002,80.46038,0.1,359.5,Tanker
538301001,MT Gulf Carrier,2017-01-27 22:16:00,13.08806,80.54943,0,2.8,Tanker
558201001,MV Coral Sea,2017-01-27 22:16:00,12.46253,80.26835,13.3,282.1,Cargo
419201006,MV KPL Carrier,2017-01-27 22:17:00,13.24856,80.3619,0.2,90.6,Cargo
419301006,MT Triton,2017-01-27 22:17:00,13.26506,80.31056,0,1.1,Tanker
419301002,MT Chennai Petro,2017-01-27 22:17:00,13.11698,80.52993,0,2.2,Tanker
419301005,MT Coastal Trader,2017-01-27 22:17:00,14.61801,78.87256,10.6,312.8,Tanker
419601001,Tug KPL-1,2017-01-27 22:17:00,13.22731,80.28491,4.2,23.5,Tug
419201007,MV Sakthi Pride,2017-01-27 22:18:00,13.25259,80.31846,0.4,1.5,Cargo
419301003,MT Coromandel King,2017-01-27 22:18:00,13.27442,80.34153,0.0,5.4,Tanker
636201001,MV Fortune Bulker,2017-01-27 22:19:00,12.28157,79.65152,13.4,277.4,Cargo
235008000,BW Maple,2017-01-27 22:19:07,13.22608,80.3368,10.6,156.8,Tanker
419201003,MV Ennore Express,2017-01-27 22:20:00,13.29325,80.32045,0.4,4.2,Cargo
419201004,MV Coastal Glory,2017-01-27 22:20:00,13.33416,80.31558,0,4.0,Cargo
419201002,MV APJ Kiran,2017-01-27 22:20:00,13.19352,80.50103,0.1,358.9,Cargo
419201009,MV Ennore Pioneer,2017-01-27 22:20:00,12.65342,80.17976,12.6,284.7,Cargo
419301006,MT Triton,2017-01-27 22:21:00,13.2649,80.31006,0.1,359.7,Tanker
419201001,MV Vishakha Star,2017-01-27 22:21:00,13.2173,80.47188,0.3,0.3,Cargo
538301001,MT Gulf Carrier,2017-01-27 22:21:00,13.08695,80.5484,0.1,357.7,Tanker
419201006,MV KPL Carrier,2017-01-27 22:22:00,13.24704,80.36258,0.2,90.0,Cargo
419301001,MT Sanmar Spirit,2017-01-27 22:22:00,13.24243,80.40978,0.4,87.6,Tanker
419301003,MT Coromandel King,2017-01-27 22:22:00,13.27362,80.33968,0,0.0,Tanker
419301004,MT POL Voyager,2017-01-27 22:22:00,13.25812,80.41945,0.2,357.2,Tanker
419201007,MV Sakthi Pride,2017-01-27 22:23:00,13.25244,80.31737,0,1.0,Cargo
419301002,MT Chennai Petro,2017-01-27 22:23:00,13.11691,80.52935,0.2,0.1,Tanker
419301007,MT Bay Tanker,2017-01-27 22:23:00,13.15138,80.45901,0,356.2,Tanker
419601003,Pilot KPL,2017-01-27 22:23:00,13.27402,80.33706,4.5,148.4,Tug
419601004,Tug Ennore,2017-01-27 22:23:00,13.26687,80.27642,4.3,137.2,Tug
419201003,MV Ennore Express,2017-01-27 22:24:00,13.29315,80.32061,0,358.1,Cargo
419601002,Tug KPL-2,2017-01-27 22:24:00,13.22616,80.3049,4.0,41.1,Tug
419301006,MT Triton,2017-01-27 22:25:00,13.26559,80.30969,0.1,359.7,Tanker
419201004,MV Coastal Glory,2017-01-27 22:26:00,13.33277,80.31591,0,1.0,Cargo
419201006,MV KPL Carrier,2017-01-27 22:26:00,13.24924,80.36127,0,90.3,Cargo
419301003,MT Coromandel King,2017-01-27 22:26:00,13.275,80.33947,0.1,358.2,Tanker
419201002,MV APJ Kiran,2017-01-27 22:26:00,13.19465,80.49927,0.3,0.9,Cargo
538301001,MT Gulf Carrier,2017-01-27 22:26:00,13.08635,80.55133,0,1.6,Tanker
558201001,MV Coral Sea,2017-01-27 22:26:00,12.46767,80.24098,13.5,279.3,Cargo
419301001,MT Sanmar Spirit,2017-01-27 22:27:00,13.24195,80.41103,0.3,89.4,Tanker
419201001,MV Vishakha Star,2017-01-27 22:27:00,13.21729,80.46926,0,4.1,Cargo
419301004,MT POL Voyager,2017-01-27 22:27:00,13.2565,80.41962,0,1.9,Tanker
419201009,MV Ennore Pioneer,2017-01-27 22:27:00,12.66158,80.153,12.7,279.2,Cargo
419301005,MT Coastal Trader,2017-01-27 22:27:00,14.63407,78.85458,10.0,310.8,Tanker
419201007,MV Sakthi Pride,2017-01-27 22:28:00,13.252,80.31729,0.4,357.0,Cargo
419301002,MT Chennai Petro,2017-01-27 22:28:00,13.11636,80.52991,0.1,2.1,Tanker
419401001,MV Chennai Express,2017-01-27 22:28:00,13.81902,82.60672,14.2,2.7,Container
419301007,MT Bay Tanker,2017-01-27 22:29:00,13.15072,80.45982,0,359.7,Tanker
636201001,MV Fortune Bulker,2017-01-27 22:29:00,12.28677,79.62057,13.8,282.2,Cargo
419201003,MV Ennore Express,2017-01-27 22:30:00,13.29287,80.32025,0.3,358.7,Cargo
419201004,MV Coastal Glory,2017-01-27 22:30:00,13.3328,80.3147,0.2,359.2,Cargo
419201006,MV KPL Carrier,2017-01-27 22:30:00,13.24896,80.36388,0,87.3,Cargo
419301003,MT Coromandel King,2017-01-27 22:30:00,13.27553,80.34093,0.6,359.1,Tanker
419301006,MT Triton,2017-01-27 22:31:00,13.26517,80.31056,0.1,1.7,Tanker
235008000,BW Maple,2017-01-27 22:31:55,13.21533,80.33337,1.7,187.1,Tanker
419301004,MT POL Voyager,2017-01-27 22:32:00,13.25677,80.42022,0.2,357.8,Tanker
538301001,MT Gulf Carrier,2017-01-27 22:32:00,13.08848,80.54992,0.2,1.3,Tanker
419201007,MV Sakthi Pride,2017-01-27 22:33:00,13.25225,80.31935,0,1.6,Cargo
419301001,MT Sanmar Spirit,2017-01-27 22:33:00,13.2433,80.41098,0.6,89.9,Tanker
419201002,MV APJ Kiran,2017-01-27 22:33:00,13.19617,80.50015,0.0,0.1,Cargo
419301005,MT Coastal Trader,2017-01-27 22:33:00,14.64853,78.83791,10.3,311.3,Tanker
419201004,MV Coastal Glory,2017-01-27 22:34:00,13.33386,80.31451,0.3,0.6,Cargo
419201006,MV KPL Carrier,2017-01-27 22:34:00,13.24862,80.36409,0.0,88.9,Cargo
419301003,MT Coromandel King,2017-01-27 22:34:00,13.27543,80.33944,0.0,2.9,Tanker
419201001,MV Vishakha Star,2017-01-27 22:34:00,13.21734,80.46961,0.3,0.7,Cargo
419301002,MT Chennai Petro,2017-01-27 22:34:00,13.11892,80.53036,0,358.2,Tanker
419301007,MT Bay Tanker,2017-01-27 22:34:00,13.15008,80.46014,0,0.2,Tanker
558201001,MV Coral Sea,2017-01-27 22:35:00,12.47447,80.20936,13.8,282.4,Cargo
419201003,MV Ennore Express,2017-01-27 22:36:00,13.29173,80.32109,0,0.6,Cargo
419201009,MV Ennore Pioneer,2017-01-27 22:36:00,12.66688,80.12277,12.4,282.8,Cargo
419201007,MV Sakthi Pride,2017-01-27 22:37:00,13.25236,80.31788,0,1.4,Cargo
419301001,MT Sanmar Spirit,2017-01-27 22:37:00,13.24186,80.41142,0,86.5,Tanker
419301006,MT Triton,2017-01-27 22:37:00,13.26276,80.31048,0,2.2,Tanker
419301004,MT POL Voyager,2017-01-27 22:37:00,13.25765,80.41953,0.2,0.2,Tanker
419301003,MT Coromandel King,2017-01-27 22:38:00,13.272,80.33909,0,1.2,Tanker
419201002,MV APJ Kiran,2017-01-27 22:38:00,13.19498,80.49903,0.3,358.3,Cargo
636201001,MV Fortune Bulker,2017-01-27 22:38:00,12.29083,79.58984,13.8,277.9,Cargo
419601004,Tug Ennore,2017-01-27 22:38:00,13.26929,80.278,3.7,256.9,Tug
419053900,MT Dawn Kanchipuram,2017-01-27 22:38:11,13.21624,80.33115,0.8,357.7,Tanker
419301007,MT Bay Tanker,2017-01-27 22:39:00,13.15028,80.46058,0.1,355.6,Tanker
538301001,MT Gulf Carrier,2017-01-27 22:39:00,13.08834,80.55048,0.3,3.0,Tanker
419601002,Tug KPL-2,2017-01-27 22:39:00,13.24039,80.309,4.3,179.9,Tug
419201003,MV Ennore Express,2017-01-27 22:40:00,13.29219,80.31991,0.3,2.3,Cargo
419201004,MV Coastal Glory,2017-01-27 22:40:00,13.33332,80.3149,0.6,359.8,Cargo
419201006,MV KPL Carrier,2017-01-27 22:40:00,13.24812,80.36528,0,93.8,Cargo
419201001,MV Vishakha Star,2017-01-27 22:40:00,13.21964,80.47144,0,358.3,Cargo
419301002,MT Chennai Petro,2017-01-27 22:40:00,13.11822,80.52948,0.5,358.5,Tanker
419401001,MV Chennai Express,2017-01-27 22:40:00,13.88305,82.61009,15.1,2.8,Container
419301005,MT Coastal Trader,2017-01-27 22:40:00,14.66463,78.82037,9.7,310.6,Tanker
419301006,MT Triton,2017-01-27 22:41:00,13.26481,80.31161,0.1,359.2,Tanker
419201007,MV Sakthi Pride,2017-01-27 22:42:00,13.25071,80.31871,0.6,1.8,Cargo
419301004,MT POL Voyager,2017-01-27 22:42:00,13.25759,80.41959,0,1.7,Tanker
419601003,Pilot KPL,2017-01-27 22:42:00,13.29069,80.30731,4.2,34.5,Tug
419301001,MT Sanmar Spirit,2017-01-27 22:43:00,13.2444,80.41182,0,83.3,Tanker
419301003,MT Coromandel King,2017-01-27 22:43:00,13.27526,80.34206,0.3,359.2,Tanker
419201002,MV APJ Kiran,2017-01-27 22:43:00,13.19501,80.4993,0.5,2.4,Cargo
558201001,MV Coral Sea,2017-01-27 22:43:00,12.48026,80.17803,13.4,281.1,Cargo
419601001,Tug KPL-1,2017-01-27 22:43:00,13.24441,80.30424,4.3,43.3,Tug
419201006,MV KPL Carrier,2017-01-27 22:44:00,13.24858,80.36371,0.2,90.3,Cargo
419201009,MV Ennore Pioneer,2017-01-27 22:44:00,12.67255,80.09509,12.9,282.8,Cargo
419301006,MT Triton,2017-01-27 22:45:00,13.26691,80.30922,0.1,358.2,Tanker
538301001,MT Gulf Carrier,2017-01-27 22:45:00,13.08741,80.54732,0,359.7,Tanker
419201003,MV Ennore Express,2017-01-27 22:46:00,13.29267,80.32093,0.2,358.7,Cargo
419201004,MV Coastal Glory,2017-01-27 22:46:00,13.33475,80.31706,0.6,0.6,Cargo
419201001,MV Vishakha Star,2017-01-27 22:46:00,13.21772,80.47031,0.3,0.8,Cargo
419301002,MT Chennai Petro,2017-01-27 22:46:00,13.11766,80.52913,0.2,0.8,Tanker
419301007,MT Bay Tanker,2017-01-27 22:46:00,13.14961,80.4603,0,359.9,Tanker
419301003,MT Coromandel King,2017-01-27 22:47:00,13.27414,80.33877,0.3,0.9,Tanker
419301004,MT POL Voyager,2017-01-27 22:47:00,13.2587,80.41988,0,1.0,Tanker
419201007,MV Sakthi Pride,2017-01-27 22:48:00,13.25189,80.3181,0.1,0.1,Cargo
419301001,MT Sanmar Spirit,2017-01-27 22:48:00,13.24409,80.41053,0.5,90.6,Tanker
636201001,MV Fortune Bulker,2017-01-27 22:48:00,12.2991,79.55718,13.7,282.2,Cargo
419301005,MT Coastal Trader,2017-01-27 22:48:00,14.67916,78.80273,10.5,314.6,Tanker
419201006,MV KPL Carrier,2017-01-27 22:49:00,13.24759,80.36648,0,85.8,Cargo
419201002,MV APJ Kiran,2017-01-27 22:50:00,13.1964,80.49915,0.4,359.7,Cargo
538301001,MT Gulf Carrier,2017-01-27 22:50:00,13.08687,80.55033,0.3,356.3,Tanker
558201001,MV Coral Sea,2017-01-27 22:50:00,12.48681,80.14771,13.5,281.2,Cargo
419053900,MT Dawn Kanchipuram,2017-01-27 22:50:05,13.21385,80.33167,0.4,9.1,Tanker
235008000,BW Maple,2017-01-27 22:50:22,13.20849,80.33416,0.4,202.5,Tanker
419301003,MT Coromandel King,2017-01-27 22:51:00,13.27427,80.33995,0.1,1.6,Tanker
419301006,MT Triton,2017-01-27 22:51:00,13.26472,80.31019,0,357.6,Tanker
419301007,MT Bay Tanker,2017-01-27 22:51:00,13.14919,80.45983,0.2,357.4,Tanker
419201003,MV Ennore Express,2017-01-27 22:52:00,13.29371,80.31973,0.4,0.5,Cargo
419201004,MV Coastal Glory,2017-01-27 22:52:00,13.33559,80.31566,0,1.5,Cargo
419201001,MV Vishakha Star,2017-01-27 22:52:00,13.21887,80.46945,0.3,0.3,Cargo
419301002,MT Chennai Petro,2017-01-27 22:52:00,13.11671,80.52908,0.3,358.8,Tanker
419401001,MV Chennai Express,2017-01-27 22:52:00,13.94203,82.6115,14.8,7.0,Container
419201007,MV Sakthi Pride,2017-01-27 22:53:00,13.2522,80.31762,0.2,357.7,Cargo
419301004,MT POL Voyager,2017-01-27 22:53:00,13.25639,80.41986,0.6,359.6,Tanker
419301001,MT Sanmar Spirit,2017-01-27 22:54:00,13.24533,80.41306,0,93.0,Tanker
419201009,MV Ennore Pioneer,2017-01-27 22:54:00,12.67934,80.06506,12.6,286.5,Cargo
419201006,MV KPL Carrier,2017-01-27 22:55:00,13.24737,80.36382,0,92.0,Cargo
419201002,MV APJ Kiran,2017-01-27 22:55:00,13.19641,80.50011,0,1.5,Cargo
419301003,MT Coromandel King,2017-01-27 22:56:00,13.27523,80.3395,0.5,0.5,Tanker
558201001,MV Coral Sea,2017-01-27 22:56:00,12.49287,80.11807,13.5,280.8,Cargo
636201001,MV Fortune Bulker,2017-01-27 22:56:00,12.30215,79.52689,13.9,281.8,Cargo
419601004,Tug Ennore,2017-01-27 22:56:00,13.25674,80.29024,4.7,134.5,Tug
419201003,MV Ennore Express,2017-01-27 22:57:00,13.29301,80.31928,0,359.8,Cargo
419201004,MV Coastal Glory,2017-01-27 22:57:00,13.33468,80.31488,0.7,3.6,Cargo
419201007,MV Sakthi Pride,2017-01-27 22:57:00,13.25267,80.31754,0.1,1.2,Cargo
419301006,MT Triton,2017-01-27 22:57:00,13.26511,80.30938,0,0.4,Tanker
538301001,MT Gulf Carrier,2017-01-27 22:57:00,13.08782,80.54993,0.4,0.6,Tanker
419301002,MT Chennai Petro,2017-01-27 22:58:00,13.11796,80.53108,0.3,357.9,Tanker
419301007,MT Bay Tanker,2017-01-27 22:58:00,13.15127,80.45969,0.4,358.7,Tanker
419301005,MT Coastal Trader,2017-01-27 22:58:00,14.69614,78.78752,9.8,314.1,Tanker
419201001,MV Vishakha Star,2017-01-27 22:59:00,13.21779,80.46995,0.4,3.1,Cargo
419601002,Tug KPL-2,2017-01-27 22:59:00,13.22937,80.31221,4.7,94.5,Tug
419301001,MT Sanmar Spirit,2017-01-27 23:00:00,13.24515,80.41155,0.1,90.1,Tanker
419301003,MT Coromandel King,2017-01-27 23:00:00,13.2747,80.34174,0.4,0.4,Tanker
419201002,MV APJ Kiran,2017-01-27 23:00:00,13.19857,80.50074,0.7,357.4,Cargo
419301004,MT POL Voyager,2017-01-27 23:00:00,13.25817,80.42015,0.2,0.5,Tanker
419601001,Tug KPL-1,2017-01-27 23:00:00,13.22301,80.27652,3.2,205.3,Tug
419201006,MV KPL Carrier,2017-01-27 23:01:00,13.24685,80.36544,0.1,87.6,Cargo
419201007,MV Sakthi Pride,2017-01-27 23:01:00,13.25153,80.31722,0.4,0.4,Cargo
419301006,MT Triton,2017-01-27 23:01:00,13.26634,80.30912,0,358.6,Tanker
419201009,MV Ennore Pioneer,2017-01-27 23:01:00,12.68797,80.03653,12.8,280.6,Cargo
636201001,MV Fortune Bulker,2017-01-27 23:02:00,12.30595,79.49629,13.5,279.8,Cargo
419201003,MV Ennore Express,2017-01-27 23:03:00,13.29468,80.32093,0.2,0.4,Cargo
419201004,MV Coastal Glory,2017-01-27 23:03:00,13.33538,80.31442,0,2.6,Cargo
419301002,MT Chennai Petro,2017-01-27 23:03:00,13.11895,80.53051,0.5,3.4,Tanker
419301001,MT Sanmar Spirit,2017-01-27 23:04:00,13.24378,80.41282,0.6,92.2,Tanker
419201001,MV Vishakha Star,2017-01-27 23:04:00,13.21984,80.46919,0.2,357.8,Cargo
538301001,MT Gulf Carrier,2017-01-27 23:04:00,13.0882,80.55049,0,359.4,Tanker
419601003,Pilot KPL,2017-01-27 23:04:00,13.29237,80.32694,4.1,108.7,Tug
419201007,MV Sakthi Pride,2017-01-27 23:05:00,13.25381,80.31757,0.6,0.7,Cargo
419301003,MT Coromandel King,2017-01-27 23:05:00,13.27581,80.34029,0.3,359.7,Tanker
419201002,MV APJ Kiran,2017-01-27 23:05:00,13.1987,80.50136,0.1,0.3,Cargo
419301007,MT Bay Tanker,2017-01-27 23:05:00,13.14947,80.46071,0,3.0,Tanker
419301004,MT POL Voyager,2017-01-27 23:06:00,13.25856,80.41829,0.1,0.8,Tanker
558201001,MV Coral Sea,2017-01-27 23:06:00,12.499,80.08883,13.3,281.8,Cargo
419201006,MV KPL Carrier,2017-01-27 23:07:00,13.24826,80.36465,0.2,89.2,Cargo
419301006,MT Triton,2017-01-27 23:07:00,13.26477,80.30914,0,357.8,Tanker
419201004,MV Coastal Glory,2017-01-27 23:08:00,13.33564,80.3145,0,2.9,Cargo
419301002,MT Chennai Petro,2017-01-27 23:08:00,13.11881,80.52999,0.2,359.9,Tanker
419401001,MV Chennai Express,2017-01-27 23:08:00,14.00775,82.61428,15.0,357.1,Container
419201003,MV Ennore Express,2017-01-27 23:09:00,13.29337,80.31848,0,1.2,Cargo
419201007,MV Sakthi Pride,2017-01-27 23:09:00,13.2525,80.31687,0,3.9,Cargo
419301001,MT Sanmar Spirit,2017-01-27 23:10:00,13.24433,80.41223,0.2,87.0,Tanker
419201009,MV Ennore Pioneer,2017-01-27 23:10:00,12.69292,80.00816,12.6,284.1,Cargo
419201006,MV KPL Carrier,2017-01-27 23:11:00,13.24867,80.3652,0.6,88.9,Cargo
419301003,MT Coromandel King,2017-01-27 23:11:00,13.27574,80.34114,0.4,359.2,Tanker
419301006,MT Triton,2017-01-27 23:11:00,13.26519,80.3111,0,1.5,Tanker
419201001,MV Vishakha Star,2017-01-27 23:11:00,13.21824,80.47072,0,0.6,Cargo
419201002,MV APJ Kiran,2017-01-27 23:11:00,13.19666,80.50002,0.4,357.7,Cargo
538301001,MT Gulf Carrier,2017-01-27 23:11:00,13.08696,80.5497,0.1,359.5,Tanker
636201001,MV Fortune Bulker,2017-01-27 23:11:00,12.31229,79.4641,13.9,282.2,Cargo
419301007,MT Bay Tanker,2017-01-27 23:12:00,13.1502,80.45909,0,357.2,Tanker
558201001,MV Coral Sea,2017-01-27 23:12:00,12.50534,80.05703,13.4,277.9,Cargo
419201003,MV Ennore Express,2017-01-27 23:13:00,13.29508,80.31814,0.4,2.4,Cargo
419301004,MT POL Voyager,2017-01-27 23:13:00,13.25828,80.42047,0.4,2.3,Tanker
419201004,MV Coastal Glory,2017-01-27 23:14:00,13.33775,80.31416,0,359.0,Cargo
419201007,MV Sakthi Pride,2017-01-27 23:14:00,13.25248,80.31828,0,2.7,Cargo
419301006,MT Triton,2017-01-27 23:15:00,13.26349,80.3105,0.2,0.0,Tanker
419301002,MT Chennai Petro,2017-01-27 23:15:00,13.11798,80.5303,0.2,357.0,Tanker
419201006,MV KPL Carrier,2017-01-27 23:16:00,13.24745,80.36521,0.2,82.0,Cargo
419301001,MT Sanmar Spirit,2017-01-27 23:16:00,13.2452,80.41181,0.2,89.5,Tanker
419301003,MT Coromandel King,2017-01-27 23:16:00,13.27551,80.34076,0,1.6,Tanker
419201002,MV APJ Kiran,2017-01-27 23:16:00,13.19727,80.4996,0.4,1.6,Cargo
419201003,MV Ennore Express,2017-01-27 23:18:00,13.2938,80.31932,0.1,0.0,Cargo
419201004,MV Coastal Glory,2017-01-27 23:18:00,13.33487,80.31581,0.0,359.1,Cargo
419201001,MV Vishakha Star,2017-01-27 23:18:00,13.21922,80.4699,0.1,352.8,Cargo
419301004,MT POL Voyager,2017-01-27 23:18:00,13.25825,80.42042,0,0.7,Tanker
419301007,MT Bay Tanker,2017-01-27 23:18:00,13.151,80.46054,0,359.6,Tanker
538301001,MT Gulf Carrier,2017-01-27 23:18:00,13.08831,80.54927,0.2,3.6,Tanker
419201009,MV Ennore Pioneer,2017-01-27 23:18:00,12.69982,79.97869,12.9,287.2,Cargo
419201007,MV Sakthi Pride,2017-01-27 23:20:00,13.25396,80.31824,0,358.8,Cargo
419301001,MT Sanmar Spirit,2017-01-27 23:20:00,13.24428,80.41196,0.9,88.6,Tanker
558201001,MV Coral Sea,2017-01-27 23:20:00,12.51065,80.02709,13.8,282.6,Cargo
636201001,MV Fortune Bulker,2017-01-27 23:20:00,12.31851,79.43258,13.9,277.7,Cargo
419301003,MT Coromandel King,2017-01-27 23:21:00,13.27604,80.34094,0,358.5,Tanker
419301006,MT Triton,2017-01-27 23:21:00,13.2657,80.31197,0.0,355.5,Tanker
419201003,MV Ennore Express,2017-01-27 23:22:00,13.29543,80.3173,0,3.6,Cargo
419201006,MV KPL Carrier,2017-01-27 23:22:00,13.24806,80.36606,0.5,87.0,Cargo
419201002,MV APJ Kiran,2017-01-27 23:22:00,13.19876,80.49966,0,0.3,Cargo
419301002,MT Chennai Petro,2017-01-27 23:22:00,13.11917,80.53078,0.2,356.6,Tanker
419401001,MV Chennai Express,2017-01-27 23:22:00,14.06642,82.61797,14.7,1.9,Container
419201004,MV Coastal Glory,2017-01-27 23:23:00,13.33598,80.3155,0.0,356.8,Cargo
419201001,MV Vishakha Star,2017-01-27 23:23:00,13.21905,80.47104,0.1,356.8,Cargo
419301004,MT POL Voyager,2017-01-27 23:23:00,13.25789,80.41971,0.1,0.4,Tanker
538301001,MT Gulf Carrier,2017-01-27 23:23:00,13.08981,80.5511,0.4,356.4,Tanker
419201007,MV Sakthi Pride,2017-01-27 23:24:00,13.25153,80.31746,0,0.7,Cargo
419301007,MT Bay Tanker,2017-01-27 23:24:00,13.15172,80.46002,0.3,0.5,Tanker
419301003,MT Coromandel King,2017-01-27 23:25:00,13.27701,80.33899,0.4,359.7,Tanker
419301001,MT Sanmar Spirit,2017-01-27 23:26:00,13.24315,80.41371,0.3,89.1,Tanker
419201006,MV KPL Carrier,2017-01-27 23:27:00,13.24845,80.36582,0.1,88.9,Cargo
419301006,MT Triton,2017-01-27 23:27:00,13.26472,80.3105,0.4,0.1,Tanker
419201003,MV Ennore Express,2017-01-27 23:28:00,13.29303,80.32056,0.5,358.4,Cargo
419201007,MV Sakthi Pride,2017-01-27 23:28:00,13.25251,80.31759,0.0,0.2,Cargo
419201001,MV Vishakha Star,2017-01-27 23:28:00,13.21833,80.47045,0,0.2,Cargo
419201002,MV APJ Kiran,2017-01-27 23:28:00,13.20016,80.5,0,359.0,Cargo
636201001,MV Fortune Bulker,2017-01-27 23:28:00,12.32403,79.40119,14.0,282.9,Cargo
419201009,MV Ennore Pioneer,2017-01-27 23:28:00,12.70581,79.95181,13.0,282.7,Cargo
419201004,MV Coastal Glory,2017-01-27 23:29:00,13.33714,80.31409,0.9,359.1,Cargo
419301003,MT Coromandel King,2017-01-27 23:29:00,13.27627,80.33968,0.1,0.3,Tanker
419301002,MT Chennai Petro,2017-01-27 23:29:00,13.11833,80.52932,0,2.0,Tanker
419301004,MT POL Voyager,2017-01-27 23:29:00,13.25819,80.41812,0.2,1.9,Tanker
419301007,MT Bay Tanker,2017-01-27 23:29:00,13.15035,80.46114,0.1,0.2,Tanker
538301001,MT Gulf Carrier,2017-01-27 23:29:00,13.08934,80.54926,0,3.1,Tanker
558201001,MV Coral Sea,2017-01-27 23:29:00,12.51705,79.99631,13.4,283.6,Cargo
419201006,MV KPL Carrier,2017-01-27 23:31:00,13.2479,80.36456,0.0,91.3,Cargo
419301001,MT Sanmar Spirit,2017-01-27 23:32:00,13.24565,80.41397,0.4,91.1,Tanker
419301006,MT Triton,2017-01-27 23:32:00,13.2663,80.3099,0,0.8,Tanker
419201004,MV Coastal Glory,2017-01-27 23:33:00,13.33774,80.31603,0.2,358.5,Cargo
419201003,MV Ennore Express,2017-01-27 23:34:00,13.29504,80.31984,0.3,356.4,Cargo
419201007,MV Sakthi Pride,2017-01-27 23:34:00,13.2525,80.31748,0,357.9,Cargo
419201002,MV APJ Kiran,2017-01-27 23:34:00,13.20043,80.49944,0.0,354.2,Cargo
419301003,MT Coromandel King,2017-01-27 23:35:00,13.27652,80.33976,0.5,357.1,Tanker
419201001,MV Vishakha Star,2017-01-27 23:35:00,13.21925,80.47078,0.1,0.4,Cargo
419301002,MT Chennai Petro,2017-01-27 23:35:00,13.11839,80.5301,0,359.3,Tanker
419201009,MV Ennore Pioneer,2017-01-27 23:35:00,12.711,79.92439,12.9,281.1,Cargo
419301004,MT POL Voyager,2017-01-27 23:36:00,13.25969,80.41931,0,359.8,Tanker
419301007,MT Bay Tanker,2017-01-27 23:36:00,13.14991,80.4592,0.3,357.7,Tanker
538301001,MT Gulf Carrier,2017-01-27 23:36:00,13.08986,80.55065,0.2,1.8,Tanker
419201006,MV KPL Carrier,2017-01-27 23:37:00,13.24744,80.36446,0.5,86.9,Cargo
636201001,MV Fortune Bulker,2017-01-27 23:37:00,12.33008,79.37042,13.8,278.1,Cargo
419201007,MV Sakthi Pride,2017-01-27 23:38:00,13.25168,80.31809,0,1.4,Cargo
419301001,MT Sanmar Spirit,2017-01-27 23:38:00,13.24481,80.41436,0,91.9,Tanker
419301006,MT Triton,2017-01-27 23:38:00,13.26434,80.31068,0.1,356.4,Tanker
419201003,MV Ennore Express,2017-01-27 23:39:00,13.29394,80.32014,0.4,2.3,Cargo
419201004,MV Coastal Glory,2017-01-27 23:39:00,13.33765,80.31587,0.2,1.2,Cargo
419301003,MT Coromandel King,2017-01-27 23:39:00,13.27738,80.34043,0.4,2.5,Tanker
558201001,MV Coral Sea,2017-01-27 23:39:00,12.52535,79.9675,13.7,285.6,Cargo
419201002,MV APJ Kiran,2017-01-27 23:40:00,13.20008,80.4985,0.4,1.6,Cargo
419401001,MV Chennai Express,2017-01-27 23:40:00,14.12623,82.61926,15.0,4.5,Container
419301002,MT Chennai Petro,2017-01-27 23:41:00,13.11846,80.52909,0.3,359.7,Tanker
419201007,MV Sakthi Pride,2017-01-27 23:42:00,13.25189,80.31903,0.2,359.2,Cargo
419201001,MV Vishakha Star,2017-01-27 23:42:00,13.221,80.46936,0,359.0,Cargo
419301007,MT Bay Tanker,2017-01-27 23:42:00,13.15033,80.46086,0.3,358.1,Tanker
538301001,MT Gulf Carrier,2017-01-27 23:42:00,13.08735,80.55222,0.2,0.5,Tanker
419201006,MV KPL Carrier,2017-01-27 23:43:00,13.2465,80.36557,0.0,87.7,Cargo
419301001,MT Sanmar Spirit,2017-01-27 23:43:00,13.24481,80.41413,0.0,90.8,Tanker
419301006,MT Triton,2017-01-27 23:43:00,13.26514,80.3097,0.2,357.1,Tanker
419301004,MT POL Voyager,2017-01-27 23:43:00,13.25947,80.42212,0.0,357.6,Tanker
419201003,MV Ennore Express,2017-01-27 23:44:00,13.29415,80.31852,0.4,2.4,Cargo
419201004,MV Coastal Glory,2017-01-27 23:44:00,13.33704,80.31381,0.2,2.1,Cargo
636201001,MV Fortune Bulker,2017-01-27 23:44:00,12.33515,79.3402,14.1,284.2,Cargo
419301003,MT Coromandel King,2017-01-27 23:45:00,13.27595,80.33996,0,0.9,Tanker
419201009,MV Ennore Pioneer,2017-01-27 23:45:00,12.71733,79.89708,12.7,281.0,Cargo
419201002,MV APJ Kiran,2017-01-27 23:46:00,13.19824,80.50098,0.1,360.0,Cargo
419301001,MT Sanmar Spirit,2017-01-27 23:47:00,13.24434,80.41419,0.1,89.0,Tanker
419201001,MV Vishakha Star,2017-01-27 23:47:00,13.21925,80.47059,0.5,357.7,Cargo
419301002,MT Chennai Petro,2017-01-27 23:47:00,13.11793,80.53132,0.1,1.7,Tanker
558201001,MV Coral Sea,2017-01-27 23:47:00,12.52929,79.93967,13.3,282.6,Cargo
419201003,MV Ennore Express,2017-01-27 23:48:00,13.29504,80.31965,0.2,359.3,Cargo
419201007,MV Sakthi Pride,2017-01-27 23:48:00,13.25272,80.3178,0,356.1,Cargo
419201006,MV KPL Carrier,2017-01-27 23:49:00,13.24974,80.3659,0,91.1,Cargo
419301006,MT Triton,2017-01-27 23:49:00,13.26494,80.30881,0.3,359.4,Tanker
419301007,MT Bay Tanker,2017-01-27 23:49:00,13.15016,80.45919,0.1,0.3,Tanker
538301001,MT Gulf Carrier,2017-01-27 23:49:00,13.0912,80.5513,0,2.1,Tanker
419201004,MV Coastal Glory,2017-01-27 23:50:00,13.33922,80.31495,0.5,354.6,Cargo
419301004,MT POL Voyager,2017-01-27 23:50:00,13.25938,80.419,0.0,357.1,Tanker
419301001,MT Sanmar Spirit,2017-01-27 23:51:00,13.24557,80.4141,0.3,86.6,Tanker
419301003,MT Coromandel King,2017-01-27 23:51:00,13.27752,80.3406,0,359.6,Tanker
419201002,MV APJ Kiran,2017-01-27 23:51:00,13.19995,80.50055,0.2,358.8,Cargo
419201009,MV Ennore Pioneer,2017-01-27 23:51:00,12.72492,79.8683,13.0,281.3,Cargo
419201003,MV Ennore Express,2017-01-27 23:53:00,13.29382,80.32071,0.1,357.6,Cargo
419201007,MV Sakthi Pride,2017-01-27 23:53:00,13.25193,80.31568,0.0,1.9,Cargo
419201001,MV Vishakha Star,2017-01-27 23:53:00,13.21993,80.4713,0.3,3.4,Cargo
419401001,MV Chennai Express,2017-01-27 23:53:00,14.18984,82.62,14.8,4.4,Container
419201004,MV Coastal Glory,2017-01-27 23:54:00,13.33931,80.31551,0.0,2.0,Cargo
419301006,MT Triton,2017-01-27 23:54:00,13.26529,80.31044,0.1,357.3,Tanker
419301002,MT Chennai Petro,2017-01-27 23:54:00,13.11859,80.52887,0,0.7,Tanker
538301001,MT Gulf Carrier,2017-01-27 23:54:00,13.08898,80.54967,0,358.8,Tanker
558201001,MV Coral Sea,2017-01-27 23:54:00,12.53597,79.90817,13.3,282.8,Cargo
636201001,MV Fortune Bulker,2017-01-27 23:54:00,12.34015,79.30936,13.6,280.8,Cargo
419201006,MV KPL Carrier,2017-01-27 23:55:00,13.24913,80.36553,0.1,87.2,Cargo
419301004,MT POL Voyager,2017-01-27 23:55:00,13.2598,80.42129,0.3,0.0,Tanker
419301007,MT Bay Tanker,2017-01-27 23:55:00,13.14913,80.45884,0.1,1.1,Tanker
419301001,MT Sanmar Spirit,2017-01-27 23:56:00,13.24402,80.41521,0.6,89.8,Tanker
419201003,MV Ennore Express,2017-01-27 23:57:00,13.29446,80.32051,0.6,357.7,Cargo
419301003,MT Coromandel King,2017-01-27 23:57:00,13.27661,80.34001,0.3,359.6,Tanker
419201009,MV Ennore Pioneer,2017-01-27 23:57:00,12.73068,79.83848,13.0,283.6,Cargo
419201004,MV Coastal Glory,2017-01-27 23:58:00,13.33826,80.31514,0.1,2.8,Cargo
419201007,MV Sakthi Pride,2017-01-27 23:58:00,13.25059,80.31756,0,0.6,Cargo
419201002,MV APJ Kiran,2017-01-27 23:58:00,13.20096,80.50201,0.4,0.8,Cargo
419201001,MV Vishakha Star,2017-01-27 23:59:00,13.21935,80.47095,0.0,1.4,Cargo
419301002,MT Chennai Petro,2017-01-27 23:59:00,13.11999,80.53114,0.4,359.9,Tanker
538301001,MT Gulf Carrier,2017-01-27 23:59:00,13.08815,80.54963,0.2,2.3,Tanker
419201006,MV KPL Carrier,2017-01-28 00:00:00,13.24786,80.36504,0,86.9,Cargo
419301006,MT Triton,2017-01-28 00:00:00,13.2642,80.31095,0.2,359.4,Tanker
419301001,MT Sanmar Spirit,2017-01-28 00:01:00,13.24433,80.41589,0.2,88.5,Tanker
419301003,MT Coromandel King,2017-01-28 00:01:00,13.27826,80.34042,0.1,359.5,Tanker
558201001,MV Coral Sea,2017-01-28 00:01:00,12.54169,79.87727,13.5,284.7,Cargo
419301004,MT POL Voyager,2017-01-28 00:02:00,13.26057,80.4207,0.1,2.7,Tanker
419301007,MT Bay Tanker,2017-01-28 00:02:00,13.15078,80.46032,0.1,0.0,Tanker
636201001,MV Fortune Bulker,2017-01-28 00:02:00,12.34426,79.27787,13.9,280.3,Cargo
419201003,MV Ennore Express,2017-01-28 00:03:00,13.29573,80.32085,0.4,3.4,Cargo
419053900,MT Dawn Kanchipuram,2017-01-28 00:04:00,13.21216,80.33319,0,2.1,Tanker
419201004,MV Coastal Glory,2017-01-28 00:04:00,13.34067,80.31482,0.1,1.2,Cargo
419201007,MV Sakthi Pride,2017-01-28 00:04:00,13.25211,80.31869,0.0,2.9,Cargo
419201001,MV Vishakha Star,2017-01-28 00:04:00,13.22149,80.46895,0,3.0,Cargo
419201002,MV APJ Kiran,2017-01-28 00:04:00,13.20102,80.50035,0.0,359.8,Cargo
419301001,MT Sanmar Spirit,2017-01-28 00:05:00,13.24319,80.41642,0.4,90.1,Tanker
419301002,MT Chennai Petro,2017-01-28 00:05:00,13.11977,80.53126,0.4,356.8,Tanker
538301001,MT Gulf Carrier,2017-01-28 00:05:00,13.08866,80.54967,0.0,0.8,Tanker
419201006,MV KPL Carrier,2017-01-28 00:06:00,13.24706,80.36642,0.3,89.4,Cargo
419301003,MT Coromandel King,2017-01-28 00:06:00,13.27715,80.34005,0.0,359.7,Tanker
419301006,MT Triton,2017-01-28 00:06:00,13.26454,80.30909,0,355.2,Tanker
419201009,MV Ennore Pioneer,2017-01-28 00:06:00,12.73772,79.81082,12.4,281.5,Cargo
419201003,MV Ennore Express,2017-01-28 00:07:00,13.29561,80.31833,0,359.4,Cargo
419301004,MT POL Voyager,2017-01-28 00:07:00,13.2587,80.42135,0.2,0.4,Tanker
419301007,MT Bay Tanker,2017-01-28 00:07:00,13.14932,80.46003,0.2,359.8,Tanker
419401001,MV Chennai Express,2017-01-28 00:07:00,14.25237,82.62345,14.6,3.7,Container
235008000,BW Maple,2017-01-28 00:08:00,13.2066,80.3385,0.4,359.8,Tanker
419201004,MV Coastal Glory,2017-01-28 00:10:00,13.33939,80.31473,0,0.6,Cargo
419201007,MV Sakthi Pride,2017-01-28 00:10:00,13.252,80.31718,0,357.9,Cargo
419301003,MT Coromandel King,2017-01-28 00:10:00,13.27663,80.34023,0.1,0.6,Tanker
419301006,MT Triton,2017-01-28 00:10:00,13.26445,80.30968,0.1,359.7,Tanker
558201001,MV Coral Sea,2017-01-28 00:10:00,12.54945,79.84722,13.4,287.2,Cargo
419201003,MV Ennore Express,2017-01-28 00:11:00,13.29474,80.32064,0.2,1.5,Cargo
419301001,MT Sanmar Spirit,2017-01-28 00:11:00,13.24446,80.4152,0.2,91.7,Tanker
419201001,MV Vishakha Star,2017-01-28 00:11:00,13.22,80.46967,0.1,0.6,Cargo
419201002,MV APJ Kiran,2017-01-28 00:11:00,13.20214,80.49956,0.5,358.4,Cargo
419301002,MT Chennai Petro,2017-01-28 00:11:00,13.12012,80.53036,0.1,2.2,Tanker
538301001,MT Gulf Carrier,2017-01-28 00:11:00,13.08988,80.55022,0.1,356.8,Tanker
419201006,MV KPL Carrier,2017-01-28 00:12:00,13.24825,80.36645,0,92.1,Cargo
636201001,MV Fortune Bulker,2017-01-28 00:12:00,12.3502,79.24588,13.9,279.1,Cargo
419301004,MT POL Voyager,2017-01-28 00:13:00,13.25943,80.41893,0.3,356.8,Tanker
419301007,MT Bay Tanker,2017-01-28 00:13:00,13.1497,80.45966,0,2.0,Tanker
419301006,MT Triton,2017-01-28 00:14:00,13.26267,80.30991,0.2,358.6,Tanker
419301003,MT Coromandel King,2017-01-28 00:15:00,13.27727,80.34025,0.2,358.4,Tanker
419201004,MV Coastal Glory,2017-01-28 00:16:00,13.33902,80.31489,0,357.8,Cargo
419201006,MV KPL Carrier,2017-01-28 00:16:00,13.24759,80.3656,0.4,89.0,Cargo
419201007,MV Sakthi Pride,2017-01-28 00:16:00,13.25184,80.31967,0,357.5,Cargo
419201002,MV APJ Kiran,2017-01-28 00:16:00,13.20136,80.49908,0.5,358.8,Cargo
419201009,MV Ennore Pioneer,2017-01-28 00:16:00,12.74376,79.7833,12.8,283.9,Cargo
419201003,MV Ennore Express,2017-01-28 00:17:00,13.29561,80.31987,0,358.7,Cargo
419301001,MT Sanmar Spirit,2017-01-28 00:17:00,13.24337,80.41666,0.4,90.4,Tanker
419201001,MV Vishakha Star,2017-01-28 00:18:00,13.21931,80.4694,0.4,357.6,Cargo
419301002,MT Chennai Petro,2017-01-28 00:18:00,13.12023,80.52742,0,357.5,Tanker
419301007,MT Bay Tanker,2017-01-28 00:18:00,13.15087,80.46006,0,0.5,Tanker
538301001,MT Gulf Carrier,2017-01-28 00:18:00,13.08913,80.55022,0,359.2,Tanker
558201001,MV Coral Sea,2017-01-28 00:18:00,12.55513,79.8171,13.6,279.8,Cargo
419301006,MT Triton,2017-01-28 00:19:00,13.26583,80.3104,0.0,359.1,Tanker
419301004,MT POL Voyager,2017-01-28 00:19:00,13.26122,80.42117,0.6,359.3,Tanker
419201007,MV Sakthi Pride,2017-01-28 00:20:00,13.25366,80.31818,0,358.1,Cargo
419301003,MT Coromandel King,2017-01-28 00:20:00,13.27872,80.34105,0.1,359.9,Tanker
419201006,MV KPL Carrier,2017-01-28 00:21:00,13.24913,80.36466,0.2,89.3,Cargo
419201002,MV APJ Kiran,2017-01-28 00:21:00,13.20185,80.50153,0,359.3,Cargo
419201003,MV Ennore Express,2017-01-28 00:22:00,13.29463,80.3192,0,5.5,Cargo
419201004,MV Coastal Glory,2017-01-28 00:22:00,13.34009,80.31538,0.3,1.0,Cargo
419301001,MT Sanmar Spirit,2017-01-28 00:22:00,13.24427,80.41575,0.2,87.7,Tanker
636201001,MV Fortune Bulker,2017-01-28 00:22:00,12.35665,79.21609,13.4,280.3,Cargo
419201001,MV Vishakha Star,2017-01-28 00:23:00,13.22153,80.4704,0.3,354.9,Cargo
419301003,MT Coromandel King,2017-01-28 00:24:00,13.27785,80.33976,0,358.0,Tanker
419301006,MT Triton,2017-01-28 00:25:00,13.26569,80.31036,0,1.1,Tanker
419301002,MT Chennai Petro,2017-01-28 00:25:00,13.11993,80.53028,0,358.3,Tanker
419301007,MT Bay Tanker,2017-01-28 00:25:00,13.15054,80.46021,0.2,0.0,Tanker
538301001,MT Gulf Carrier,2017-01-28 00:25:00,13.09146,80.5492,0.3,2.5,Tanker
419201009,MV Ennore Pioneer,2017-01-28 00:25:00,12.74927,79.75293,13.1,283.7,Cargo
419201007,MV Sakthi Pride,2017-01-28 00:26:00,13.2536,80.31794,0,359.7,Cargo
419301004,MT POL Voyager,2017-01-28 00:26:00,13.2596,80.41943,0.2,3.9,Tanker
419201003,MV Ennore Express,2017-01-28 00:27:00,13.29529,80.32024,0.5,359.6,Cargo
419201006,MV KPL Carrier,2017-01-28 00:27:00,13.25046,80.36727,0.4,90.1,Cargo
419301001,MT Sanmar Spirit,2017-01-28 00:27:00,13.24454,80.41784,0.2,88.7,Tanker
419201004,MV Coastal Glory,2017-01-28 00:28:00,13.34128,80.31487,0.5,358.8,Cargo
419201002,MV APJ Kiran,2017-01-28 00:28:00,13.20118,80.50051,0.1,0.1,Cargo
558201001,MV Coral Sea,2017-01-28 00:28:00,12.56036,79.78697,13.7,279.8,Cargo
419301003,MT Coromandel King,2017-01-28 00:29:00,13.27834,80.34002,0,357.7,Tanker
419301006,MT Triton,2017-01-28 00:29:00,13.26499,80.31026,0,357.0,Tanker
419201001,MV Vishakha Star,2017-01-28 00:30:00,13.22102,80.46992,0,353.5,Cargo
538301001,MT Gulf Carrier,2017-01-28 00:30:00,13.0903,80.54911,0.2,0.6,Tanker
636201001,MV Fortune Bulker,2017-01-28 00:30:00,12.36142,79.18389,13.5,284.8,Cargo
419201007,MV Sakthi Pride,2017-01-28 00:32:00,13.25197,80.31805,0,4.9,Cargo
419301001,MT Sanmar Spirit,2017-01-28 00:32:00,13.24319,80.41742,0,93.0,Tanker
419301002,MT Chennai Petro,2017-01-28 00:32:00,13.11965,80.53011,0.3,0.2,Tanker
419301007,MT Bay Tanker,2017-01-28 00:32:00,13.15022,80.46019,0.3,356.8,Tanker
419201003,MV Ennore Express,2017-01-28 00:33:00,13.29544,80.32018,0,358.7,Cargo
419201004,MV Coastal Glory,2017-01-28 00:33:00,13.34202,80.31528,0.1,356.9,Cargo
419201006,MV KPL Carrier,2017-01-28 00:33:00,13.24713,80.36694,0,86.4,Cargo
419301003,MT Coromandel King,2017-01-28 00:33:00,13.27993,80.33904,0,0.8,Tanker
419201002,MV APJ Kiran,2017-01-28 00:33:00,13.20283,80.50076,0.3,356.0,Cargo
419301004,MT POL Voyager,2017-01-28 00:33:00,13.26174,80.41956,0.5,1.2,Tanker
419201009,MV Ennore Pioneer,2017-01-28 00:33:00,12.75394,79.72386,12.7,285.0,Cargo
419301006,MT Triton,2017-01-28 00:34:00,13.2643,80.31113,0.0,358.1,Tanker
419201001,MV Vishakha Star,2017-01-28 00:36:00,13.22098,80.46983,0.3,1.2,Cargo
419201004,MV Coastal Glory,2017-01-28 00:37:00,13.34157,80.31533,0.2,0.3,Cargo
419201006,MV KPL Carrier,2017-01-28 00:37:00,13.24829,80.36757,0,90.8,Cargo
419201007,MV Sakthi Pride,2017-01-28 00:37:00,13.25125,80.31708,0.0,358.4,Cargo
419301002,MT Chennai Petro,2017-01-28 00:37:00,13.11955,80.53002,0,0.1,Tanker
538301001,MT Gulf Carrier,2017-01-28 00:37:00,13.09082,80.54902,0,1.1,Tanker
419201003,MV Ennore Express,2017-01-28 00:38:00,13.29586,80.32113,0.3,1.1,Cargo
419301001,MT Sanmar Spirit,2017-01-28 00:38:00,13.24401,80.41791,0.5,90.0,Tanker
419301004,MT POL Voyager,2017-01-28 00:38:00,13.2605,80.41999,0.4,0.8,Tanker
419301007,MT Bay Tanker,2017-01-28 00:38:00,13.15081,80.45849,0,357.7,Tanker
558201001,MV Coral Sea,2017-01-28 00:38:00,12.56643,79.75687,13.7,280.4,Cargo
636201001,MV Fortune Bulker,2017-01-28 00:38:00,12.36661,79.15411,14.0,280.0,Cargo
419301003,MT Coromandel King,2017-01-28 00:39:00,13.27921,80.33917,0,0.8,Tanker
419301006,MT Triton,2017-01-28 00:39:00,13.26558,80.30916,0,357.9,Tanker
419201002,MV APJ Kiran,2017-01-28 00:40:00,13.20284,80.50024,0.3,1.2,Cargo
419201009,MV Ennore Pioneer,2017-01-28 00:40:00,12.76293,79.6964,12.3,283.4,Cargo
419201001,MV Vishakha Star,2017-01-28 00:41:00,13.22195,80.46975,0,355.0,Cargo
419201007,MV Sakthi Pride,2017-01-28 00:42:00,13.25205,80.31793,0.1,356.7,Cargo
419201003,MV Ennore Express,2017-01-28 00:43:00,13.29559,80.3206,0,5.3,Cargo
419201004,MV Coastal Glory,2017-01-28 00:43:00,13.34058,80.31561,0.2,359.7,Cargo
419201006,MV KPL Carrier,2017-01-28 00:43:00,13.24815,80.36875,0.5,90.4,Cargo
419301003,MT Coromandel King,2017-01-28 00:43:00,13.27866,80.34031,0.3,356.9,Tanker
419301002,MT Chennai Petro,2017-01-28 00:43:00,13.1215,80.52908,0.1,357.3,Tanker
419301004,MT POL Voyager,2017-01-28 00:43:00,13.26144,80.41921,0.2,0.6,Tanker
538301001,MT Gulf Carrier,2017-01-28 00:43:00,13.09112,80.5519,0.1,2.0,Tanker
419301001,MT Sanmar Spirit,2017-01-28 00:44:00,13.24364,80.41874,0.1,91.9,Tanker
419301006,MT Triton,2017-01-28 00:44:00,13.26544,80.30882,0.0,356.4,Tanker
419301007,MT Bay Tanker,2017-01-28 00:44:00,13.15067,80.45928,0,3.1,Tanker
558201001,MV Coral Sea,2017-01-28 00:44:00,12.57342,79.72823,13.3,283.8,Cargo
636201001,MV Fortune Bulker,2017-01-28 00:44:00,12.37229,79.12246,14.1,272.2,Cargo
419201002,MV APJ Kiran,2017-01-28 00:46:00,13.20346,80.49971,0.6,359.7,Cargo
419201003,MV Ennore Express,2017-01-28 00:47:00,13.29478,80.31875,0.4,357.9,Cargo
419201006,MV KPL Carrier,2017-01-28 00:47:00,13.24792,80.36739,0.2,87.1,Cargo
419201001,MV Vishakha Star,2017-01-28 00:47:00,13.22188,80.46996,0.5,359.8,Cargo
419201007,MV Sakthi Pride,2017-01-28 00:48:00,13.25121,80.31768,0,5.1,Cargo
419301003,MT Coromandel King,2017-01-28 00:48:00,13.27831,80.33808,0.4,1.2,Tanker
419301004,MT POL Voyager,2017-01-28 00:48:00,13.26126,80.42226,0,0.3,Tanker
538301001,MT Gulf Carrier,2017-01-28 00:48:00,13.0912,80.54887,0.3,0.1,Tanker
419201004,MV Coastal Glory,2017-01-28 00:49:00,13.3422,80.3146,0.4,358.8,Cargo
419301001,MT Sanmar Spirit,2017-01-28 00:49:00,13.24521,80.41934,0.1,94.4,Tanker
419301002,MT Chennai Petro,2017-01-28 00:49:00,13.12236,80.52922,0.1,3.2,Tanker
419201009,MV Ennore Pioneer,2017-01-28 00:49:00,12.76874,79.6674,12.6,282.2,Cargo
419301006,MT Triton,2017-01-28 00:50:00,13.26596,80.31043,0.2,2.0,Tanker
419301007,MT Bay Tanker,2017-01-28 00:50:00,13.14906,80.46104,0.1,359.9,Tanker
419201003,MV Ennore Express,2017-01-28 00:52:00,13.29687,80.31965,0.2,0.5,Cargo
419201001,MV Vishakha Star,2017-01-28 00:52:00,13.22101,80.46908,0.2,357.5,Cargo
419201002,MV APJ Kiran,2017-01-28 00:52:00,13.2041,80.49935,0.2,2.2,Cargo
636201001,MV Fortune Bulker,2017-01-28 00:52:00,12.37816,79.09069,13.5,280.9,Cargo
419201006,MV KPL Carrier,2017-01-28 00:53:00,13.24625,80.36805,0.2,89.3,Cargo
419301003,MT Coromandel King,2017-01-28 00:53:00,13.27926,80.33974,0.4,355.4,Tanker
558201001,MV Coral Sea,2017-01-28 00:53:00,12.58067,79.69898,13.4,283.1,Cargo
419201007,MV Sakthi Pride,2017-01-28 00:54:00,13.25114,80.31878,0.2,4.0,Cargo
419301004,MT POL Voyager,2017-01-28 00:54:00,13.26232,80.42077,0.1,0.4,Tanker
419201004,MV Coastal Glory,2017-01-28 00:55:00,13.34079,80.31522,0.4,355.3,Cargo
419301001,MT Sanmar Spirit,2017-01-28 00:55:00,13.2439,80.41938,0.3,95.8,Tanker
419301007,MT Bay Tanker,2017-01-28 00:55:00,13.1495,80.45918,0.3,358.8,Tanker
538301001,MT Gulf Carrier,2017-01-28 00:55:00,13.08975,80.5506,0.4,2.8,Tanker
419201003,MV Ennore Express,2017-01-28 00:56:00,13.29492,80.32103,0,0.4,Cargo
419301006,MT Triton,2017-01-28 00:56:00,13.26545,80.31076,0.1,359.8,Tanker
419301002,MT Chennai Petro,2017-01-28 00:56:00,13.12166,80.53069,0.1,2.7,Tanker
419301003,MT Coromandel King,2017-01-28 00:57:00,13.27903,80.33829,0,359.2,Tanker
419201007,MV Sakthi Pride,2017-01-28 00:58:00,13.25175,80.31864,0.1,359.7,Cargo
419201002,MV APJ Kiran,2017-01-28 00:58:00,13.20528,80.49969,0,0.9,Cargo
419201009,MV Ennore Pioneer,2017-01-28 00:58:00,12.7746,79.64014,12.5,283.5,Cargo
419201006,MV KPL Carrier,2017-01-28 00:59:00,13.24958,80.36708,0.1,91.6,Cargo
419301001,MT Sanmar Spirit,2017-01-28 00:59:00,13.24565,80.41841,0,92.0,Tanker
419201001,MV Vishakha Star,2017-01-28 00:59:00,13.2233,80.46875,0.4,2.0,Cargo
636201001,MV Fortune Bulker,2017-01-28 00:59:00,12.38239,79.05964,14.0,277.9,Cargo
419201004,MV Coastal Glory,2017-01-28 01:01:00,13.34464,80.31472,0.1,2.4,Cargo
419301003,MT Coromandel King,2017-01-28 01:01:00,13.27908,80.3393,0.4,0.2,Tanker
419301002,MT Chennai Petro,2017-01-28 01:01:00,13.12269,80.52961,0.3,0.6,Tanker
419301004,MT POL Voyager,2017-01-28 01:01:00,13.2637,80.42152,0.6,0.6,Tanker
419301007,MT Bay Tanker,2017-01-28 01:01:00,13.15078,80.45919,0.2,3.6,Tanker
558201001,MV Coral Sea,2017-01-28 01:01:00,12.58476,79.66717,13.2,278.9,Cargo
419201003,MV Ennore Express,2017-01-28 01:02:00,13.29712,80.31736,0.4,358.1,Cargo
419201007,MV Sakthi Pride,2017-01-28 01:02:00,13.25235,80.31998,0.3,357.7,Cargo
419301006,MT Triton,2017-01-28 01:02:00,13.26431,80.31054,0.2,0.6,Tanker
538301001,MT Gulf Carrier,2017-01-28 01:02:00,13.09091,80.55119,0.2,2.4,Tanker
419201002,MV APJ Kiran,2017-01-28 01:03:00,13.20428,80.4995,0.2,359.2,Cargo
419201006,MV KPL Carrier,2017-01-28 01:04:00,13.24763,80.36766,0.3,89.7,Cargo
419301001,MT Sanmar Spirit,2017-01-28 01:04:00,13.24333,80.41811,0.5,90.0,Tanker
419201001,MV Vishakha Star,2017-01-28 01:04:00,13.22381,80.46885,0.1,1.5,Cargo
636201001,MV Fortune Bulker,2017-01-28 01:05:00,12.38734,79.02789,13.9,276.6,Cargo
419201004,MV Coastal Glory,2017-01-28 01:06:00,13.33986,80.31414,0.0,359.6,Cargo
419301002,MT Chennai Petro,2017-01-28 01:06:00,13.12264,80.53033,0,2.0,Tanker
419301007,MT Bay Tanker,2017-01-28 01:06:00,13.15002,80.45924,0,1.3,Tanker
419201009,MV Ennore Pioneer,2017-01-28 01:06:00,12.78058,79.61144,13.3,282.1,Cargo
419201003,MV Ennore Express,2017-01-28 01:07:00,13.29581,80.32039,0.3,359.2,Cargo
419301003,MT Coromandel King,2017-01-28 01:07:00,13.2779,80.33933,0,4.2,Tanker
419301006,MT Triton,2017-01-28 01:07:00,13.26527,80.30927,0,358.3,Tanker
419201007,MV Sakthi Pride,2017-01-28 01:08:00,13.25173,80.3176,0,356.0,Cargo
419301001,MT Sanmar Spirit,2017-01-28 01:08:00,13.24623,80.41936,0.7,90.3,Tanker
419301004,MT POL Voyager,2017-01-28 01:08:00,13.26144,80.4197,0.0,358.5,Tanker
538301001,MT Gulf Carrier,2017-01-28 01:08:00,13.09151,80.54908,0,359.6,Tanker
419201001,MV Vishakha Star,2017-01-28 01:09:00,13.22215,80.47086,0,2.4,Cargo
419201006,MV KPL Carrier,2017-01-28 01:10:00,13.24876,80.36775,0.1,89.9,Cargo
419201002,MV APJ Kiran,2017-01-28 01:10:00,13.20636,80.49966,0.5,1.8,Cargo
419201003,MV Ennore Express,2017-01-28 01:11:00,13.29603,80.32133,0.4,358.5,Cargo
419201004,MV Coastal Glory,2017-01-28 01:11:00,13.34107,80.31431,0.5,359.3,Cargo
558201001,MV Coral Sea,2017-01-28 01:11:00,12.5927,79.63692,13.8,283.4,Cargo
419301003,MT Coromandel King,2017-01-28 01:12:00,13.28029,80.33977,0.1,2.3,Tanker
419201007,MV Sakthi Pride,2017-01-28 01:13:00,13.25232,80.31766,0.3,359.7,Cargo
419301001,MT Sanmar Spirit,2017-01-28 01:13:00,13.24438,80.41926,0,88.4,Tanker
419301006,MT Triton,2017-01-28 01:13:00,13.2641,80.30813,0,0.0,Tanker
419301002,MT Chennai Petro,2017-01-28 01:13:00,13.12051,80.52903,0.3,359.8,Tanker
419301007,MT Bay Tanker,2017-01-28 01:13:00,13.15049,80.45955,0,359.4,Tanker
419201001,MV Vishakha Star,2017-01-28 01:15:00,13.22268,80.4672,0.8,358.1,Cargo
419301004,MT POL Voyager,2017-01-28 01:15:00,13.26113,80.41976,0.1,0.5,Tanker
538301001,MT Gulf Carrier,2017-01-28 01:15:00,13.09235,80.55026,0,1.9,Tanker
636201001,MV Fortune Bulker,2017-01-28 01:15:00,12.394,78.99587,13.8,281.8,Cargo
419201003,MV Ennore Express,2017-01-28 01:16:00,13.29671,80.31997,0.2,0.8,Cargo
419201004,MV Coastal Glory,2017-01-28 01:16:00,13.34356,80.31592,0.1,0.5,Cargo
419201006,MV KPL Carrier,2017-01-28 01:16:00,13.24797,80.36916,0.1,91.0,Cargo
419201002,MV APJ Kiran,2017-01-28 01:16:00,13.20466,80.50046,0.1,357.6,Cargo
419201009,MV Ennore Pioneer,2017-01-28 01:16:00,12.7882,79.583,12.8,281.8,Cargo
558201001,MV Coral Sea,2017-01-28 01:17:00,12.59931,79.60837,13.7,280.9,Cargo
419301003,MT Coromandel King,2017-01-28 01:18:00,13.2789,80.34037,0.1,358.3,Tanker
419301006,MT Triton,2017-01-28 01:18:00,13.26501,80.31042,0,0.4,Tanker
419301002,MT Chennai Petro,2017-01-28 01:18:00,13.12293,80.52955,0.0,0.6,Tanker
419201007,MV Sakthi Pride,2017-01-28 01:19:00,13.25202,80.31857,0.1,359.6,Cargo
419301001,MT Sanmar Spirit,2017-01-28 01:19:00,13.2435,80.41916,0.3,88.5,Tanker
419301007,MT Bay Tanker,2017-01-28 01:19:00,13.15033,80.45926,0,3.8,Tanker
419201004,MV Coastal Glory,2017-01-28 01:20:00,13.34321,80.31452,0,359.3,Cargo
419201001,MV Vishakha Star,2017-01-28 01:20:00,13.22134,80.47012,0,1.2,Cargo
419301004,MT POL Voyager,2017-01-28 01:21:00,13.26184,80.41982,0,2.4,Tanker
538301001,MT Gulf Carrier,2017-01-28 01:21:00,13.0912,80.55059,0,357.0,Tanker
636201001,MV Fortune Bulker,2017-01-28 01:21:00,12.39973,78.96634,14.3,281.3,Cargo
419201003,MV Ennore Express,2017-01-28 01:22:00,13.29687,80.3196,0,358.4,Cargo
419201006,MV KPL Carrier,2017-01-28 01:22:00,13.24659,80.36841,0.2,89.3,Cargo
419301001,MT Sanmar Spirit,2017-01-28 01:23:00,13.24505,80.4204,0.6,87.2,Tanker
419201002,MV APJ Kiran,2017-01-28 01:23:00,13.20595,80.50047,0,358.5,Cargo
419301003,MT Coromandel King,2017-01-28 01:24:00,13.27994,80.33926,0,0.5,Tanker
419301006,MT Triton,2017-01-28 01:24:00,13.26586,80.31038,0,1.5,Tanker
419301002,MT Chennai Petro,2017-01-28 01:24:00,13.12165,80.53051,0.4,358.4,Tanker
419301007,MT Bay Tanker,2017-01-28 01:24:00,13.14988,80.4585,0,359.2,Tanker
419201004,MV Coastal Glory,2017-01-28 01:25:00,13.34252,80.31432,0.0,358.6,Cargo
419201007,MV Sakthi Pride,2017-01-28 01:25:00,13.25173,80.3187,0.1,357.7,Cargo
419201009,MV Ennore Pioneer,2017-01-28 01:25:00,12.7946,79.55379,12.6,274.9,Cargo
419201003,MV Ennore Express,2017-01-28 01:26:00,13.29754,80.31991,0.1,1.1,Cargo
558201001,MV Coral Sea,2017-01-28 01:26:00,12.60433,79.5786,13.2,283.0,Cargo
419301001,MT Sanmar Spirit,2017-01-28 01:27:00,13.24387,80.42001,0,88.3,Tanker
419201001,MV Vishakha Star,2017-01-28 01:27:00,13.22277,80.46959,0,358.9,Cargo
419301004,MT POL Voyager,2017-01-28 01:27:00,13.26194,80.42022,0.2,0.5,Tanker
538301001,MT Gulf Carrier,2017-01-28 01:27:00,13.09012,80.55026,0.1,0.2,Tanker
419201006,MV KPL Carrier,2017-01-28 01:28:00,13.24752,80.36871,0,88.3,Cargo
636201001,MV Fortune Bulker,2017-01-28 01:28:00,12.40571,78.93518,13.8,279.1,Cargo
419301003,MT Coromandel King,2017-01-28 01:29:00,13.28048,80.33911,0,359.2,Tanker
419301002,MT Chennai Petro,2017-01-28 01:29:00,13.12084,80.52774,0.0,0.4,Tanker
419301007,MT Bay Tanker,2017-01-28 01:29:00,13.1498,80.45912,0.1,358.5,Tanker
419201004,MV Coastal Glory,2017-01-28 01:30:00,13.34366,80.31554,0.3,360.0,Cargo
419201007,MV Sakthi Pride,2017-01-28 01:30:00,13.25056,80.31694,0,1.4,Cargo
419301006,MT Triton,2017-01-28 01:30:00,13.26401,80.30901,0,1.1,Tanker
419201002,MV APJ Kiran,2017-01-28 01:30:00,13.20558,80.4992,0.0,357.0,Cargo
419201003,MV Ennore Express,2017-01-28 01:31:00,13.29606,80.31947,0,2.9,Cargo
419301004,MT POL Voyager,2017-01-28 01:32:00,13.26123,80.41915,0.5,358.3,Tanker
558201001,MV Coral Sea,2017-01-28 01:32:00,12.6117,79.54566,13.8,282.2,Cargo
419301001,MT Sanmar Spirit,2017-01-28 01:33:00,13.24424,80.42019,0,92.3,Tanker
538301001,MT Gulf Carrier,2017-01-28 01:33:00,13.09173,80.55013,0,355.8,Tanker
419201004,MV Coastal Glory,2017-01-28 01:34:00,13.34329,80.31503,0,1.0,Cargo
419201006,MV KPL Carrier,2017-01-28 01:34:00,13.24788,80.36755,0.7,94.8,Cargo
419301003,MT Coromandel King,2017-01-28 01:34:00,13.2805,80.34061,0.3,1.7,Tanker
419201001,MV Vishakha Star,2017-01-28 01:34:00,13.22196,80.47044,0.3,0.1,Cargo
419301006,MT Triton,2017-01-28 01:35:00,13.26539,80.30959,0.1,359.1,Tanker
419301007,MT Bay Tanker,2017-01-28 01:35:00,13.15086,80.46045,0.6,1.9,Tanker
419201009,MV Ennore Pioneer,2017-01-28 01:35:00,12.7996,79.52613,12.6,283.0,Cargo
419201003,MV Ennore Express,2017-01-28 01:36:00,13.29818,80.31888,0.4,0.4,Cargo
419201007,MV Sakthi Pride,2017-01-28 01:36:00,13.25219,80.31824,0.2,2.8,Cargo
419201002,MV APJ Kiran,2017-01-28 01:36:00,13.20553,80.50007,0.2,358.9,Cargo
419301002,MT Chennai Petro,2017-01-28 01:36:00,13.1216,80.53004,0.0,359.1,Tanker
419301001,MT Sanmar Spirit,2017-01-28 01:37:00,13.2439,80.42098,0,90.8,Tanker
419301004,MT POL Voyager,2017-01-28 01:37:00,13.26335,80.41995,0.1,358.9,Tanker
636201001,MV Fortune Bulker,2017-01-28 01:37:00,12.40873,78.90374,13.7,278.8,Cargo
538301001,MT Gulf Carrier,2017-01-28 01:38:00,13.0917,80.55145,0.2,359.6,Tanker
558201001,MV Coral Sea,2017-01-28 01:39:00,12.61769,79.51747,13.6,280.6,Cargo
419201003,MV Ennore Express,2017-01-28 01:40:00,13.29665,80.31964,0,359.5,Cargo
419201004,MV Coastal Glory,2017-01-28 01:40:00,13.34255,80.31571,0.2,0.7,Cargo
419201006,MV KPL Carrier,2017-01-28 01:40:00,13.24772,80.36795,0.2,88.8,Cargo
419301003,MT Coromandel King,2017-01-28 01:40:00,13.2803,80.34047,0.0,2.1,Tanker
419201007,MV Sakthi Pride,2017-01-28 01:41:00,13.25131,80.31688,0.2,358.7,Cargo
419301006,MT Triton,2017-01-28 01:41:00,13.26524,80.30893,0,2.1,Tanker
419201001,MV Vishakha Star,2017-01-28 01:41:00,13.22376,80.47013,0.3,0.5,Cargo
419301007,MT Bay Tanker,2017-01-28 01:41:00,13.1485,80.46115,0.0,357.2,Tanker
419201002,MV APJ Kiran,2017-01-28 01:42:00,13.2067,80.49984,0.1,359.6,Cargo
419301001,MT Sanmar Spirit,2017-01-28 01:43:00,13.24398,80.42169,0.5,93.7,Tanker
419301002,MT Chennai Petro,2017-01-28 01:43:00,13.12264,80.52926,0,0.6,Tanker
538301001,MT Gulf Carrier,2017-01-28 01:43:00,13.09254,80.54952,0.2,2.9,Tanker
419201004,MV Coastal Glory,2017-01-28 01:44:00,13.34399,80.31348,0.3,356.4,Cargo
419201006,MV KPL Carrier,2017-01-28 01:44:00,13.24938,80.36884,0,90.6,Cargo
419301003,MT Coromandel King,2017-01-28 01:44:00,13.28093,80.34006,0.1,359.1,Tanker
419301004,MT POL Voyager,2017-01-28 01:44:00,13.26136,80.41965,0,359.4,Tanker
419201009,MV Ennore Pioneer,2017-01-28 01:44:00,12.80712,79.49805,12.7,283.0,Cargo
419201003,MV Ennore Express,2017-01-28 01:45:00,13.29817,80.31827,0.1,2.0,Cargo
419201007,MV Sakthi Pride,2017-01-28 01:45:00,13.25217,80.31838,0.5,1.1,Cargo
558201001,MV Coral Sea,2017-01-28 01:45:00,12.6233,79.48632,13.9,286.0,Cargo
419301006,MT Triton,2017-01-28 01:46:00,13.26344,80.30904,0,358.5,Tanker
419301007,MT Bay Tanker,2017-01-28 01:46:00,13.15086,80.45982,0,359.5,Tanker
636201001,MV Fortune Bulker,2017-01-28 01:46:00,12.41565,78.87215,13.8,279.1,Cargo
419201001,MV Vishakha Star,2017-01-28 01:47:00,13.22165,80.4688,0,357.4,Cargo
419201006,MV KPL Carrier,2017-01-28 01:48:00,13.24837,80.36778,0.1,86.3,Cargo
419301001,MT Sanmar Spirit,2017-01-28 01:48:00,13.24402,80.42261,0.3,93.5,Tanker
538301001,MT Gulf Carrier,2017-01-28 01:48:00,13.09296,80.548,0,2.0,Tanker
419201002,MV APJ Kiran,2017-01-28 01:49:00,13.20767,80.49994,0,0.7,Cargo
419201003,MV Ennore Express,2017-01-28 01:50:00,13.29816,80.31982,0,359.4,Cargo
419201004,MV Coastal Glory,2017-01-28 01:50:00,13.34466,80.31592,0,0.1,Cargo
419201007,MV Sakthi Pride,2017-01-28 01:50:00,13.25068,80.31825,0.4,1.3,Cargo
419301003,MT Coromandel King,2017-01-28 01:50:00,13.28025,80.33862,0,359.1,Tanker
419301006,MT Triton,2017-01-28 01:50:00,13.26569,80.30994,0,355.2,Tanker
419301002,MT Chennai Petro,2017-01-28 01:50:00,13.1229,80.52997,0.7,359.2,Tanker
419301004,MT POL Voyager,2017-01-28 01:50:00,13.26261,80.41849,0.2,1.7,Tanker
419301007,MT Bay Tanker,2017-01-28 01:52:00,13.14898,80.45966,0,359.9,Tanker
636201001,MV Fortune Bulker,2017-01-28 01:52:00,12.42017,78.84167,14.2,277.5,Cargo
419201006,MV KPL Carrier,2017-01-28 01:53:00,13.24835,80.36959,0.2,91.4,Cargo
419301001,MT Sanmar Spirit,2017-01-28 01:53:00,13.244,80.41983,0.3,88.7,Tanker
538301001,MT Gulf Carrier,2017-01-28 01:53:00,13.09311,80.55122,0.2,357.9,Tanker
558201001,MV Coral Sea,2017-01-28 01:53:00,12.62946,79.45542,14.1,280.6,Cargo
419201001,MV Vishakha Star,2017-01-28 01:54:00,13.2235,80.47117,0.4,359.9,Cargo
419201009,MV Ennore Pioneer,2017-01-28 01:54:00,12.81441,79.46892,12.5,281.5,Cargo
419201003,MV Ennore Express,2017-01-28 01:55:00,13.29707,80.32151,0.5,1.0,Cargo
419201002,MV APJ Kiran,2017-01-28 01:55:00,13.20688,80.50056,0,357.1,Cargo
419201004,MV Coastal Glory,2017-01-28 01:56:00,13.34601,80.31376,0.6,358.5,Cargo
419201007,MV Sakthi Pride,2017-01-28 01:56:00,13.25287,80.31811,0,358.9,Cargo
419301003,MT Coromandel King,2017-01-28 01:56:00,13.28016,80.33979,0.2,3.5,Tanker
419301006,MT Triton,2017-01-28 01:56:00,13.26571,80.30899,0.1,358.8,Tanker
419301002,MT Chennai Petro,2017-01-28 01:56:00,13.12312,80.53097,0.3,359.7,Tanker
419201006,MV KPL Carrier,2017-01-28 01:57:00,13.24981,80.37,0.2,90.0,Cargo
419301004,MT POL Voyager,2017-01-28 01:57:00,13.26239,80.41916,0,359.5,Tanker
419301007,MT Bay Tanker,2017-01-28 01:57:00,13.14959,80.46118,0,359.3,Tanker
636201001,MV Fortune Bulker,2017-01-28 01:58:00,12.42739,78.81072,14.0,277.5,Cargo
419201003,MV Ennore Express,2017-01-28 01:59:00,13.29828,80.3192,0,359.4,Cargo
419301001,MT Sanmar Spirit,2017-01-28 01:59:00,13.24552,80.42238,0.7,92.2,Tanker
419201007,MV Sakthi Pride,2017-01-28 02:00:00,13.25098,80.31751,0,0.2,Cargo
419301003,MT Coromandel King,2017-01-28 02:00:00,13.28046,80.33924,0,357.9,Tanker
419301006,MT Triton,2017-01-28 02:00:00,13.26723,80.31164,0,358.9,Tanker
419201001,MV Vishakha Star,2017-01-28 02:00:00,13.2219,80.46941,0,5.3,Cargo
538301001,MT Gulf Carrier,2017-01-28 02:00:00,13.09327,80.5487,0.6,1.5,Tanker
419201004,MV Coastal Glory,2017-01-28 02:01:00,13.34628,80.31314,0.2,3.1,Cargo
419201002,MV APJ Kiran,2017-01-28 02:01:00,13.20681,80.50078,0.0,0.7,Cargo
558201001,MV Coral Sea,2017-01-28 02:01:00,12.63667,79.42645,13.5,280.1,Cargo
419201009,MV Ennore Pioneer,2017-01-28 02:01:00,12.81956,79.4411,12.8,285.3,Cargo
419201006,MV KPL Carrier,2017-01-28 02:02:00,13.24846,80.3673,0,91.4,Cargo
419301007,MT Bay Tanker,2017-01-28 02:02:00,13.15069,80.46051,0,357.4,Tanker
419201003,MV Ennore Express,2017-01-28 02:03:00,13.29828,80.32051,0.0,1.2,Cargo
419301001,MT Sanmar Spirit,2017-01-28 02:03:00,13.2432,80.42188,0.9,91.4,Tanker
419301002,MT Chennai Petro,2017-01-28 02:03:00,13.12274,80.52957,0.2,358.5,Tanker
419201007,MV Sakthi Pride,2017-01-28 02:04:00,13.2524,80.31781,0,2.0,Cargo
419301006,MT Triton,2017-01-28 02:04:00,13.26394,80.31011,0.3,0.7,Tanker
419301004,MT POL Voyager,2017-01-28 02:04:00,13.2634,80.42009,0.5,4.3,Tanker
419201004,MV Coastal Glory,2017-01-28 02:05:00,13.34425,80.31406,0.2,4.7,Cargo
419301003,MT Coromandel King,2017-01-28 02:05:00,13.28082,80.33983,0,358.7,Tanker
419201001,MV Vishakha Star,2017-01-28 02:05:00,13.22398,80.46801,0.2,358.0,Cargo
636201001,MV Fortune Bulker,2017-01-28 02:05:00,12.43216,78.78042,13.6,282.7,Cargo
419201006,MV KPL Carrier,2017-01-28 02:06:00,13.24849,80.3696,0.1,90.1,Cargo
538301001,MT Gulf Carrier,2017-01-28 02:06:00,13.09189,80.54953,0,1.1,Tanker
419301001,MT Sanmar Spirit,2017-01-28 02:07:00,13.24591,80.42259,0.1,92.9,Tanker
419201002,MV APJ Kiran,2017-01-28 02:07:00,13.20806,80.49923,0,1.0,Cargo
558201001,MV Coral Sea,2017-01-28 02:07:00,12.6421,79.39578,13.4,281.2,Cargo
419201003,MV Ennore Express,2017-01-28 02:08:00,13.2969,80.31973,0.0,1.8,Cargo
419201007,MV Sakthi Pride,2017-01-28 02:08:00,13.25274,80.31787,0.1,0.3,Cargo
419301007,MT Bay Tanker,2017-01-28 02:08:00,13.15023,80.45936,0,3.8,Tanker
419301006,MT Triton,2017-01-28 02:09:00,13.26522,80.30999,0,2.9,Tanker
419301004,MT POL Voyager,2017-01-28 02:09:00,13.26396,80.42097,0,1.7,Tanker
419301002,MT Chennai Petro,2017-01-28 02:10:00,13.12201,80.52965,0,4.6,Tanker
419201009,MV Ennore Pioneer,2017-01-28 02:10:00,12.8249,79.41283,12.2,283.1,Cargo
419201004,MV Coastal Glory,2017-01-28 02:11:00,13.34458,80.3135,0.5,0.4,Cargo
419301003,MT Coromandel King,2017-01-28 02:11:00,13.28181,80.33937,0.0,3.3,Tanker
419201001,MV Vishakha Star,2017-01-28 02:11:00,13.22374,80.47047,0.2,1.6,Cargo
538301001,MT Gulf Carrier,2017-01-28 02:11:00,13.0929,80.55037,0.1,359.2,Tanker
419201003,MV Ennore Express,2017-01-28 02:12:00,13.2994,80.32012,0.3,0.8,Cargo
419201006,MV KPL Carrier,2017-01-28 02:12:00,13.24807,80.37112,0,88.3,Cargo
419301001,MT Sanmar Spirit,2017-01-28 02:12:00,13.24285,80.42339,0.4,87.8,Tanker
419301006,MT Triton,2017-01-28 02:13:00,13.26575,80.31005,0.1,358.1,Tanker
419201007,MV Sakthi Pride,2017-01-28 02:14:00,13.25299,80.31765,0.2,359.9,Cargo
419201002,MV APJ Kiran,2017-01-28 02:14:00,13.20675,80.49977,0,358.6,Cargo
419301004,MT POL Voyager,2017-01-28 02:14:00,13.26338,80.4193,0.0,0.1,Tanker
419301007,MT Bay Tanker,2017-01-28 02:14:00,13.14949,80.45933,0,357.3,Tanker
558201001,MV Coral Sea,2017-01-28 02:14:00,12.64832,79.3678,13.4,280.6,Cargo
636201001,MV Fortune Bulker,2017-01-28 02:14:00,12.43755,78.74671,13.7,278.6,Cargo
419201004,MV Coastal Glory,2017-01-28 02:15:00,13.34689,80.31434,0.1,357.6,Cargo
419301002,MT Chennai Petro,2017-01-28 02:15:00,13.12418,80.53014,0.2,357.4,Tanker
419301003,MT Coromandel King,2017-01-28 02:16:00,13.28287,80.3391,0.3,0.9,Tanker
538301001,MT Gulf Carrier,2017-01-28 02:16:00,13.09227,80.55037,0,1.3,Tanker
419201006,MV KPL Carrier,2017-01-28 02:17:00,13.24945,80.36989,0.1,92.5,Cargo
419201003,MV Ennore Express,2017-01-28 02:18:00,13.2967,80.32173,0.1,1.8,Cargo
419201007,MV Sakthi Pride,2017-01-28 02:18:00,13.25365,80.31722,0.1,4.3,Cargo
419301001,MT Sanmar Spirit,2017-01-28 02:18:00,13.2438,80.42329,0.1,87.6,Tanker
419301006,MT Triton,2017-01-28 02:18:00,13.26488,80.30967,0,359.8,Tanker
419201001,MV Vishakha Star,2017-01-28 02:18:00,13.2231,80.46888,0.1,353.0,Cargo
419201009,MV Ennore Pioneer,2017-01-28 02:18:00,12.83488,79.38389,12.3,281.9,Cargo
419201004,MV Coastal Glory,2017-01-28 02:19:00,13.34664,80.31443,0.5,0.7,Cargo
419301004,MT POL Voyager,2017-01-28 02:19:00,13.26456,80.41949,0.0,0.2,Tanker
419301003,MT Coromandel King,2017-01-28 02:20:00,13.27943,80.33953,0,356.3,Tanker
419201002,MV APJ Kiran,2017-01-28 02:20:00,13.20881,80.50058,0.0,359.6,Cargo
419301007,MT Bay Tanker,2017-01-28 02:21:00,13.14903,80.46145,0,3.4,Tanker
636201001,MV Fortune Bulker,2017-01-28 02:21:00,12.44121,78.71824,13.9,281.5,Cargo
419201003,MV Ennore Express,2017-01-28 02:22:00,13.2992,80.32003,0,356.1,Cargo
419301006,MT Triton,2017-01-28 02:22:00,13.26357,80.31045,0.3,359.3,Tanker
419301002,MT Chennai Petro,2017-01-28 02:22:00,13.12391,80.52884,0,0.7,Tanker
538301001,MT Gulf Carrier,2017-01-28 02:22:00,13.09243,80.5489,0.2,2.5,Tanker
419201004,MV Coastal Glory,2017-01-28 02:23:00,13.34683,80.31398,0,357.8,Cargo
419201006,MV KPL Carrier,2017-01-28 02:23:00,13.24936,80.36958,0,92.7,Cargo
419201007,MV Sakthi Pride,2017-01-28 02:23:00,13.25195,80.31792,0.2,358.8,Cargo
419301001,MT Sanmar Spirit,2017-01-28 02:23:00,13.24423,80.42211,0,90.7,Tanker
419201001,MV Vishakha Star,2017-01-28 02:23:00,13.22491,80.46875,0.0,1.7,Cargo
558201001,MV Coral Sea,2017-01-28 02:24:00,12.6548,79.33464,13.6,281.6,Cargo
419201009,MV Ennore Pioneer,2017-01-28 02:24:00,12.84042,79.35682,13.0,280.7,Cargo
419201002,MV APJ Kiran,2017-01-28 02:25:00,13.20839,80.5012,0.1,3.8,Cargo
419301004,MT POL Voyager,2017-01-28 02:25:00,13.26476,80.42045,0.4,358.7,Tanker
419301003,MT Coromandel King,2017-01-28 02:26:00,13.28203,80.33967,0,359.8,Tanker
419301007,MT Bay Tanker,2017-01-28 02:26:00,13.14848,80.46072,0,3.3,Tanker
419301006,MT Triton,2017-01-28 02:27:00,13.26449,80.3108,0.1,2.1,Tanker
419301002,MT Chennai Petro,2017-01-28 02:27:00,13.12276,80.52848,0.1,359.7,Tanker
538301001,MT Gulf Carrier,2017-01-28 02:27:00,13.09396,80.55219,0.3,1.3,Tanker
636201001,MV Fortune Bulker,2017-01-28 02:27:00,12.44797,78.68453,13.5,282.6,Cargo
419201003,MV Ennore Express,2017-01-28 02:28:00,13.29894,80.32035,0.1,357.9,Cargo
419201006,MV KPL Carrier,2017-01-28 02:28:00,13.24742,80.3718,0.2,87.8,Cargo
419201004,MV Coastal Glory,2017-01-28 02:29:00,13.34569,80.31427,0.2,0.3,Cargo
419201007,MV Sakthi Pride,2017-01-28 02:29:00,13.25181,80.31849,0.3,2.2,Cargo
419301001,MT Sanmar Spirit,2017-01-28 02:29:00,13.24493,80.4223,0.3,88.9,Tanker
419301003,MT Coromandel King,2017-01-28 02:30:00,13.28251,80.34029,0.1,359.0,Tanker
419201001,MV Vishakha Star,2017-01-28 02:30:00,13.22495,80.46974,0,358.4,Cargo
419201002,MV APJ Kiran,2017-01-28 02:30:00,13.20925,80.50039,0.3,2.8,Cargo
419301006,MT Triton,2017-01-28 02:31:00,13.26546,80.31068,0.6,1.6,Tanker
419301004,MT POL Voyager,2017-01-28 02:31:00,13.26465,80.42015,0.4,2.3,Tanker
419301007,MT Bay Tanker,2017-01-28 02:31:00,13.14991,80.46065,0.2,354.9,Tanker
419201009,MV Ennore Pioneer,2017-01-28 02:31:00,12.84697,79.32759,12.5,284.3,Cargo
419201004,MV Coastal Glory,2017-01-28 02:33:00,13.3483,80.31567,0,359.8,Cargo
419301002,MT Chennai Petro,2017-01-28 02:33:00,13.12357,80.5296,0,359.0,Tanker
636201001,MV Fortune Bulker,2017-01-28 02:33:00,12.4524,78.65476,13.8,277.9,Cargo
419201003,MV Ennore Express,2017-01-28 02:34:00,13.2994,80.31959,0.2,359.7,Cargo
419201006,MV KPL Carrier,2017-01-28 02:34:00,13.24603,80.36998,0.1,89.1,Cargo
419301001,MT Sanmar Spirit,2017-01-28 02:34:00,13.24377,80.42399,0.3,90.8,Tanker
419301003,MT Coromandel King,2017-01-28 02:34:00,13.28223,80.34057,0,357.4,Tanker
538301001,MT Gulf Carrier,2017-01-28 02:34:00,13.09437,80.54944,0.0,358.5,Tanker
558201001,MV Coral Sea,2017-01-28 02:34:00,12.66031,79.30475,13.6,279.7,Cargo
419201007,MV Sakthi Pride,2017-01-28 02:35:00,13.25272,80.31704,0,2.2,Cargo
419301006,MT Triton,2017-01-28 02:35:00,13.26589,80.30835,0,1.6,Tanker
419201001,MV Vishakha Star,2017-01-28 02:36:00,13.22467,80.47075,0.1,359.8,Cargo
419301004,MT POL Voyager,2017-01-28 02:36:00,13.26505,80.41812,0,2.4,Tanker
419201004,MV Coastal Glory,2017-01-28 02:37:00,13.34822,80.31371,0.3,1.6,Cargo
419201002,MV APJ Kiran,2017-01-28 02:37:00,13.2093,80.50037,0,358.3,Cargo
419201003,MV Ennore Express,2017-01-28 02:38:00,13.29909,80.32026,0.6,358.2,Cargo
419301003,MT Coromandel King,2017-01-28 02:38:00,13.28346,80.34199,0.0,2.8,Tanker
419301007,MT Bay Tanker,2017-01-28 02:38:00,13.15107,80.45996,0.0,1.9,Tanker
636201001,MV Fortune Bulker,2017-01-28 02:39:00,12.45977,78.62319,13.8,280.3,Cargo
419201006,MV KPL Carrier,2017-01-28 02:40:00,13.24565,80.36997,0,90.4,Cargo
419201007,MV Sakthi Pride,2017-01-28 02:40:00,13.25351,80.31696,0,1.9,Cargo
419301001,MT Sanmar Spirit,2017-01-28 02:40:00,13.24334,80.4225,0.3,90.9,Tanker
419301002,MT Chennai Petro,2017-01-28 02:40:00,13.12423,80.52945,0.3,2.2,Tanker
538301001,MT Gulf Carrier,2017-01-28 02:40:00,13.09504,80.54913,0.0,1.2,Tanker
419201009,MV Ennore Pioneer,2017-01-28 02:40:00,12.85092,79.30128,12.7,280.7,Cargo
419301006,MT Triton,2017-01-28 02:41:00,13.26432,80.31102,0.0,1.1,Tanker
419201004,MV Coastal Glory,2017-01-28 02:42:00,13.3457,80.31449,0.4,359.2,Cargo
558201001,MV Coral Sea,2017-01-28 02:42:00,12.66666,79.27538,13.0,284.8,Cargo
419201001,MV Vishakha Star,2017-01-28 02:43:00,13.22551,80.47081,0.2,358.8,Cargo
419201002,MV APJ Kiran,2017-01-28 02:43:00,13.20766,80.49962,0,2.0,Cargo
419301004,MT POL Voyager,2017-01-28 02:43:00,13.26558,80.41995,0.1,358.5,Tanker
419301007,MT Bay Tanker,2017-01-28 02:43:00,13.15135,80.46092,0.4,357.8,Tanker
419201003,MV Ennore Express,2017-01-28 02:44:00,13.2993,80.32088,0.2,3.3,Cargo
419201007,MV Sakthi Pride,2017-01-28 02:44:00,13.25296,80.31859,0,358.0,Cargo
419301001,MT Sanmar Spirit,2017-01-28 02:44:00,13.24386,80.4252,0.1,89.8,Tanker
419301003,MT Coromandel King,2017-01-28 02:44:00,13.28227,80.34081,0,355.3,Tanker
419201006,MV KPL Carrier,2017-01-28 02:45:00,13.24928,80.37084,0,92.8,Cargo
538301001,MT Gulf Carrier,2017-01-28 02:45:00,13.0945,80.55049,0.1,0.5,Tanker
419201004,MV Coastal Glory,2017-01-28 02:46:00,13.34727,80.3136,0.3,3.5,Cargo
419201009,MV Ennore Pioneer,2017-01-28 02:46:00,12.85752,79.27165,12.8,282.9,Cargo
419301006,MT Triton,2017-01-28 02:47:00,13.26442,80.31078,0,360.0,Tanker
419301002,MT Chennai Petro,2017-01-28 02:47:00,13.12474,80.5301,0,4.8,Tanker
419201003,MV Ennore Express,2017-01-28 02:48:00,13.29863,80.31964,0.1,359.8,Cargo
419201001,MV Vishakha Star,2017-01-28 02:48:00,13.22532,80.47004,0.4,359.7,Cargo
636201001,MV Fortune Bulker,2017-01-28 02:48:00,12.46037,78.59233,14.1,279.0,Cargo
419201006,MV KPL Carrier,2017-01-28 02:49:00,13.24831,80.37133,0.2,91.1,Cargo
419201007,MV Sakthi Pride,2017-01-28 02:49:00,13.25133,80.32005,0.6,357.6,Cargo
419301001,MT Sanmar Spirit,2017-01-28 02:49:00,13.24463,80.42601,0.5,88.6,Tanker
419201002,MV APJ Kiran,2017-01-28 02:49:00,13.20989,80.50118,0,0.4,Cargo
558201001,MV Coral Sea,2017-01-28 02:49:00,12.6729,79.24624,13.8,284.3,Cargo
419301003,MT Coromandel King,2017-01-28 02:50:00,13.28139,80.33901,0.1,358.3,Tanker
419301004,MT POL Voyager,2017-01-28 02:50:00,13.26414,80.42089,0.6,0.3,Tanker
419301007,MT Bay Tanker,2017-01-28 02:50:00,13.15091,80.46131,0.1,356.4,Tanker
538301001,MT Gulf Carrier,2017-01-28 02:50:00,13.09404,80.55079,0.0,2.5,Tanker
419201004,MV Coastal Glory,2017-01-28 02:51:00,13.34917,80.31453,0.3,2.9,Cargo
419301006,MT Triton,2017-01-28 02:52:00,13.26582,80.30927,0.2,359.8,Tanker
419301001,MT Sanmar Spirit,2017-01-28 02:53:00,13.24371,80.42593,0,91.4,Tanker
419201001,MV Vishakha Star,2017-01-28 02:53:00,13.22656,80.46965,0.0,358.3,Cargo
419301002,MT Chennai Petro,2017-01-28 02:53:00,13.12489,80.52908,0.2,0.7,Tanker
419201003,MV Ennore Express,2017-01-28 02:54:00,13.29952,80.31943,0.4,359.2,Cargo
419201006,MV KPL Carrier,2017-01-28 02:54:00,13.24816,80.37005,0.1,92.0,Cargo
419201007,MV Sakthi Pride,2017-01-28 02:54:00,13.25137,80.31765,0,358.3,Cargo
419201009,MV Ennore Pioneer,2017-01-28 02:55:00,12.86636,79.24304,12.6,279.5,Cargo
419301003,MT Coromandel King,2017-01-28 02:56:00,13.28316,80.34062,0,357.5,Tanker
419201002,MV APJ Kiran,2017-01-28 02:56:00,13.2105,80.49957,0.5,358.5,Cargo
419301004,MT POL Voyager,2017-01-28 02:56:00,13.26523,80.4186,0,358.5,Tanker
538301001,MT Gulf Carrier,2017-01-28 02:56:00,13.09502,80.54901,0,1.4,Tanker
636201001,MV Fortune Bulker,2017-01-28 02:56:00,12.46942,78.56147,14.1,278.9,Cargo
419201004,MV Coastal Glory,2017-01-28 02:57:00,13.34883,80.31534,0.1,2.7,Cargo
419301006,MT Triton,2017-01-28 02:57:00,13.26525,80.31057,0.2,0.5,Tanker
419301007,MT Bay Tanker,2017-01-28 02:57:00,13.15036,80.46173,0.3,3.8,Tanker
558201001,MV Coral Sea,2017-01-28 02:57:00,12.6814,79.21603,13.5,282.9,Cargo
419201003,MV Ennore Express,2017-01-28 02:58:00,13.29998,80.31979,0,356.0,Cargo
419201006,MV KPL Carrier,2017-01-28 02:59:00,13.24946,80.3712,0.0,91.9,Cargo
419301001,MT Sanmar Spirit,2017-01-28 02:59:00,13.24495,80.42492,0,91.2,Tanker
419201001,MV Vishakha Star,2017-01-28 02:59:00,13.22471,80.47043,0.2,1.4,Cargo
419301002,MT Chennai Petro,2017-01-28 02:59:00,13.12393,80.53024,0.5,0.6,Tanker
419201007,MV Sakthi Pride,2017-01-28 03:00:00,13.25313,80.31871,0.0,0.7,Cargo
419201004,MV Coastal Glory,2017-01-28 03:01:00,13.35027,80.31662,0.3,357.9,Cargo
419301006,MT Triton,2017-01-28 03:01:00,13.2651,80.3103,0.3,359.3,Tanker
419201002,MV APJ Kiran,2017-01-28 03:01:00,13.21063,80.49891,0.4,3.3,Cargo
419301004,MT POL Voyager,2017-01-28 03:01:00,13.26495,80.42014,0,4.7,Tanker
419301003,MT Coromandel King,2017-01-28 03:02:00,13.28422,80.33856,0.2,355.3,Tanker
538301001,MT Gulf Carrier,2017-01-28 03:02:00,13.09453,80.54955,0.1,0.1,Tanker
419201009,MV Ennore Pioneer,2017-01-28 03:02:00,12.87145,79.21516,12.6,282.7,Cargo
419201006,MV KPL Carrier,2017-01-28 03:03:00,13.24751,80.37089,0.2,89.0,Cargo
419301001,MT Sanmar Spirit,2017-01-28 03:03:00,13.24353,80.4261,0,93.3,Tanker
419201003,MV Ennore Express,2017-01-28 03:04:00,13.30075,80.32031,0.1,354.8,Cargo
419201001,MV Vishakha Star,2017-01-28 03:04:00,13.2251,80.46856,0.2,2.6,Cargo
419301007,MT Bay Tanker,2017-01-28 03:04:00,13.15183,80.459,0,355.4,Tanker
636201001,MV Fortune Bulker,2017-01-28 03:04:00,12.47504,78.52975,13.7,275.7,Cargo
419201007,MV Sakthi Pride,2017-01-28 03:05:00,13.25187,80.31833,0.2,357.6,Cargo
419701001,ICGS Varad,2017-01-28 03:05:00,13.0884,80.42143,12.1,339.5,Law Enforcement
419301003,MT Coromandel King,2017-01-28 03:06:00,13.28358,80.33952,0.0,1.6,Tanker
419301002,MT Chennai Petro,2017-01-28 03:06:00,13.124,80.53185,0.4,358.9,Tanker
419301004,MT POL Voyager,2017-01-28 03:06:00,13.26507,80.42199,0.2,4.2,Tanker
558201001,MV Coral Sea,2017-01-28 03:06:00,12.6849,79.18597,13.2,281.4,Cargo
419201004,MV Coastal Glory,2017-01-28 03:07:00,13.34932,80.31527,0.4,358.9,Cargo
419301006,MT Triton,2017-01-28 03:07:00,13.26487,80.31183,0.2,0.1,Tanker
419201002,MV APJ Kiran,2017-01-28 03:08:00,13.21099,80.50042,0,359.1,Cargo
419201006,MV KPL Carrier,2017-01-28 03:09:00,13.24789,80.3724,0,90.7,Cargo
419301001,MT Sanmar Spirit,2017-01-28 03:09:00,13.24379,80.42529,0.3,95.0,Tanker
538301001,MT Gulf Carrier,2017-01-28 03:09:00,13.09433,80.54844,0.1,357.2,Tanker
419201003,MV Ennore Express,2017-01-28 03:10:00,13.2991,80.31977,0.2,359.2,Cargo
419201007,MV Sakthi Pride,2017-01-28 03:10:00,13.25117,80.31965,0,359.5,Cargo
419301003,MT Coromandel King,2017-01-28 03:10:00,13.28421,80.34044,0.2,359.0,Tanker
419201001,MV Vishakha Star,2017-01-28 03:10:00,13.22526,80.46923,0.0,3.1,Cargo
419301007,MT Bay Tanker,2017-01-28 03:10:00,13.14899,80.46002,0,2.6,Tanker
419201009,MV Ennore Pioneer,2017-01-28 03:10:00,12.87661,79.18565,13.3,287.0,Cargo
419301006,MT Triton,2017-01-28 03:11:00,13.26578,80.30991,0,2.1,Tanker
419301002,MT Chennai Petro,2017-01-28 03:11:00,13.12658,80.53142,0,356.0,Tanker
558201001,MV Coral Sea,2017-01-28 03:12:00,12.69201,79.15536,13.1,280.4,Cargo
419201004,MV Coastal Glory,2017-01-28 03:13:00,13.34958,80.31624,0.2,357.1,Cargo
419301001,MT Sanmar Spirit,2017-01-28 03:13:00,13.24251,80.42699,0,92.2,Tanker
419301004,MT POL Voyager,2017-01-28 03:13:00,13.26518,80.42065,0.2,359.7,Tanker
419201006,MV KPL Carrier,2017-01-28 03:14:00,13.24769,80.37041,0.1,89.7,Cargo
419301003,MT Coromandel King,2017-01-28 03:14:00,13.28214,80.33815,0.7,356.7,Tanker
636201001,MV Fortune Bulker,2017-01-28 03:14:00,12.47944,78.49706,14.1,281.0,Cargo
419201003,MV Ennore Express,2017-01-28 03:15:00,13.3009,80.3202,0,1.8,Cargo
419201007,MV Sakthi Pride,2017-01-28 03:15:00,13.2524,80.31757,0.0,3.2,Cargo
419201002,MV APJ Kiran,2017-01-28 03:15:00,13.21154,80.49921,0.5,1.0,Cargo
419301007,MT Bay Tanker,2017-01-28 03:16:00,13.14951,80.46141,0.1,0.5,Tanker
538301001,MT Gulf Carrier,2017-01-28 03:16:00,13.09639,80.54957,0.6,2.2,Tanker
419201004,MV Coastal Glory,2017-01-28 03:17:00,13.35071,80.31527,0.1,356.1,Cargo
419301006,MT Triton,2017-01-28 03:17:00,13.26366,80.30935,0,0.3,Tanker
419201001,MV Vishakha Star,2017-01-28 03:17:00,13.22702,80.46986,0,356.7,Cargo
419301002,MT Chennai Petro,2017-01-28 03:17:00,13.12604,80.53152,0.1,359.0,Tanker
419201009,MV Ennore Pioneer,2017-01-28 03:17:00,12.88407,79.15564,12.9,279.6,Cargo
419053900,MT Dawn Kanchipuram,2017-01-28 03:18:00,13.21219,80.33186,0,1.7,Tanker
419301001,MT Sanmar Spirit,2017-01-28 03:18:00,13.24408,80.42672,0,88.9,Tanker
558201001,MV Coral Sea,2017-01-28 03:18:00,12.69759,79.12572,13.6,287.4,Cargo
419201003,MV Ennore Express,2017-01-28 03:19:00,13.29951,80.31997,0.1,0.9,Cargo
419201006,MV KPL Carrier,2017-01-28 03:19:00,13.24714,80.37183,0,91.4,Cargo
419301003,MT Coromandel King,2017-01-28 03:19:00,13.2829,80.34019,0.4,2.4,Tanker
419301004,MT POL Voyager,2017-01-28 03:19:00,13.26489,80.42125,0.2,359.6,Tanker
419201004,MV Coastal Glory,2017-01-28 03:21:00,13.35096,80.31481,0.4,3.1,Cargo
419201007,MV Sakthi Pride,2017-01-28 03:21:00,13.25372,80.31746,0,358.8,Cargo
419301006,MT Triton,2017-01-28 03:21:00,13.26556,80.30898,0,1.5,Tanker
419201002,MV APJ Kiran,2017-01-28 03:21:00,13.21148,80.50048,0.3,1.6,Cargo
419201003,MV Ennore Express,2017-01-28 03:23:00,13.30168,80.3218,0.1,0.6,Cargo
419201006,MV KPL Carrier,2017-01-28 03:23:00,13.24899,80.37195,0,87.0,Cargo
419201001,MV Vishakha Star,2017-01-28 03:23:00,13.22517,80.46999,0,2.1,Cargo
419301007,MT Bay Tanker,2017-01-28 03:23:00,13.1497,80.46147,0,359.8,Tanker
538301001,MT Gulf Carrier,2017-01-28 03:23:00,13.09475,80.54778,0.1,0.1,Tanker
419301001,MT Sanmar Spirit,2017-01-28 03:24:00,13.24286,80.42704,0.5,88.1,Tanker
419301002,MT Chennai Petro,2017-01-28 03:24:00,13.12541,80.52935,0,356.6,Tanker
419201009,MV Ennore Pioneer,2017-01-28 03:24:00,12.89039,79.12956,12.9,284.0,Cargo
419201004,MV Coastal Glory,2017-01-28 03:25:00,13.3492,80.31379,0.2,0.4,Cargo
419301003,MT Coromandel King,2017-01-28 03:25:00,13.28286,80.34056,0.5,3.7,Tanker
419201007,MV Sakthi Pride,2017-01-28 03:26:00,13.25129,80.32059,0.4,2.2,Cargo
419301006,MT Triton,2017-01-28 03:26:00,13.26331,80.31005,0,3.3,Tanker
419301004,MT POL Voyager,2017-01-28 03:26:00,13.26563,80.41919,0.2,358.9,Tanker
419201002,MV APJ Kiran,2017-01-28 03:27:00,13.21044,80.49905,0.2,3.5,Cargo
419201001,MV Vishakha Star,2017-01-28 03:28:00,13.22562,80.47151,0,0.0,Cargo
419301007,MT Bay Tanker,2017-01-28 03:28:00,13.1499,80.45798,0.2,1.6,Tanker
558201001,MV Coral Sea,2017-01-28 03:28:00,12.70594,79.09558,13.2,284.9,Cargo
419201003,MV Ennore Express,2017-01-28 03:29:00,13.30205,80.31986,0.2,358.8,Cargo
419201006,MV KPL Carrier,2017-01-28 03:29:00,13.24722,80.37043,0,89.6,Cargo
419301002,MT Chennai Petro,2017-01-28 03:29:00,13.12551,80.52897,0.1,358.4,Tanker
235008000,BW Maple,2017-01-28 03:30:00,13.20529,80.33972,0.2,1.4,Tanker
419201004,MV Coastal Glory,2017-01-28 03:30:00,13.3511,80.31656,0.3,356.9,Cargo
419201007,MV Sakthi Pride,2017-01-28 03:30:00,13.25259,80.31934,0.0,359.1,Cargo
419301001,MT Sanmar Spirit,2017-01-28 03:30:00,13.24373,80.42726,0.0,92.9,Tanker
419301003,MT Coromandel King,2017-01-28 03:30:00,13.28417,80.34013,0.1,0.3,Tanker
419301006,MT Triton,2017-01-28 03:30:00,13.26447,80.31115,0.1,1.6,Tanker
538301001,MT Gulf Carrier,2017-01-28 03:30:00,13.09529,80.54944,0.4,3.3,Tanker
419201002,MV APJ Kiran,2017-01-28 03:32:00,13.21241,80.49987,0,0.3,Cargo
419301004,MT POL Voyager,2017-01-28 03:32:00,13.26588,80.41855,0,359.9,Tanker
419201009,MV Ennore Pioneer,2017-01-28 03:32:00,12.89696,79.0985,12.4,282.7,Cargo
419301007,MT Bay Tanker,2017-01-28 03:33:00,13.15166,80.4594,0,2.0,Tanker
419201003,MV Ennore Express,2017-01-28 03:34:00,13.30134,80.32055,0,359.9,Cargo
419301001,MT Sanmar Spirit,2017-01-28 03:34:00,13.24505,80.42804,0.1,88.5,Tanker
419301003,MT Coromandel King,2017-01-28 03:34:00,13.28321,80.33874,0.1,359.9,Tanker
419301006,MT Triton,2017-01-28 03:34:00,13.26467,80.30943,0.3,0.1,Tanker
419201001,MV Vishakha Star,2017-01-28 03:34:00,13.22575,80.47058,0.4,0.9,Cargo
419201006,MV KPL Carrier,2017-01-28 03:35:00,13.24893,80.37169,0,90.8,Cargo
419301002,MT Chennai Petro,2017-01-28 03:35:00,13.12553,80.52981,0.4,356.8,Tanker
558201001,MV Coral Sea,2017-01-28 03:35:00,12.71073,79.066,13.7,283.0,Cargo
419201004,MV Coastal Glory,2017-01-28 03:36:00,13.35048,80.31486,0.2,354.4,Cargo
419201007,MV Sakthi Pride,2017-01-28 03:36:00,13.25299,80.31662,0.5,1.4,Cargo
419201002,MV APJ Kiran,2017-01-28 03:37:00,13.21275,80.5001,0.2,0.2,Cargo
538301001,MT Gulf Carrier,2017-01-28 03:37:00,13.09545,80.54997,0.2,0.4,Tanker
419301001,MT Sanmar Spirit,2017-01-28 03:38:00,13.24392,80.42611,0,90.6,Tanker
419301003,MT Coromandel King,2017-01-28 03:38:00,13.28309,80.3401,0.5,357.8,Tanker
419301004,MT POL Voyager,2017-01-28 03:38:00,13.26443,80.42073,0,358.7,Tanker
419201003,MV Ennore Express,2017-01-28 03:39:00,13.30066,80.31881,0.1,2.0,Cargo
419201004,MV Coastal Glory,2017-01-28 03:40:00,13.35239,80.31525,0.2,1.6,Cargo
419201007,MV Sakthi Pride,2017-01-28 03:40:00,13.25362,80.3179,0.1,2.8,Cargo
419301006,MT Triton,2017-01-28 03:40:00,13.26363,80.30788,0.1,6.6,Tanker
419301007,MT Bay Tanker,2017-01-28 03:40:00,13.15102,80.46049,0.3,2.1,Tanker
419201009,MV Ennore Pioneer,2017-01-28 03:40:00,12.90455,79.07237,12.9,282.8,Cargo
419201006,MV KPL Carrier,2017-01-28 03:41:00,13.24765,80.37212,0.1,91.2,Cargo
419201001,MV Vishakha Star,2017-01-28 03:41:00,13.22691,80.47088,0,355.2,Cargo
419301002,MT Chennai Petro,2017-01-28 03:41:00,13.12435,80.52832,0,359.9,Tanker
419301001,MT Sanmar Spirit,2017-01-28 03:43:00,13.24448,80.42676,0.4,89.2,Tanker
419301003,MT Coromandel King,2017-01-28 03:43:00,13.28355,80.33868,0.2,358.4,Tanker
538301001,MT Gulf Carrier,2017-01-28 03:43:00,13.09642,80.54952,0.0,2.0,Tanker
419201002,MV APJ Kiran,2017-01-28 03:44:00,13.21216,80.49991,0.0,1.1,Cargo
558201001,MV Coral Sea,2017-01-28 03:44:00,12.71711,79.03359,13.5,285.6,Cargo
419201003,MV Ennore Express,2017-01-28 03:45:00,13.30125,80.32087,0,359.9,Cargo
419201007,MV Sakthi Pride,2017-01-28 03:45:00,13.2513,80.31773,0,358.9,Cargo
419301004,MT POL Voyager,2017-01-28 03:45:00,13.26437,80.41962,0.2,358.1,Tanker
419301007,MT Bay Tanker,2017-01-28 03:45:00,13.14926,80.46109,0,358.7,Tanker
419201004,MV Coastal Glory,2017-01-28 03:46:00,13.35146,80.31437,0,1.5,Cargo
419201006,MV KPL Carrier,2017-01-28 03:46:00,13.24753,80.37349,0.4,90.9,Cargo
419301006,MT Triton,2017-01-28 03:46:00,13.26442,80.31045,0,1.3,Tanker
419201001,MV Vishakha Star,2017-01-28 03:46:00,13.22631,80.46957,0.0,358.0,Cargo
419301002,MT Chennai Petro,2017-01-28 03:47:00,13.12544,80.52885,0,356.6,Tanker
419301001,MT Sanmar Spirit,2017-01-28 03:48:00,13.24301,80.42797,0,93.5,Tanker
419301003,MT Coromandel King,2017-01-28 03:48:00,13.28266,80.34047,0.1,5.2,Tanker
538301001,MT Gulf Carrier,2017-01-28 03:48:00,13.09734,80.55076,0,359.6,Tanker
419201003,MV Ennore Express,2017-01-28 03:50:00,13.301,80.3208,0,1.7,Cargo
419201004,MV Coastal Glory,2017-01-28 03:50:00,13.35175,80.31555,0.4,359.8,Cargo
419201007,MV Sakthi Pride,2017-01-28 03:50:00,13.25139,80.31722,0.2,1.3,Cargo
419301007,MT Bay Tanker,2017-01-28 03:50:00,13.15263,80.46059,0.0,359.3,Tanker
419201009,MV Ennore Pioneer,2017-01-28 03:50:00,12.90976,79.04322,12.3,286.9,Cargo
419201006,MV KPL Carrier,2017-01-28 03:51:00,13.24846,80.37108,0.3,88.7,Cargo
419201001,MV Vishakha Star,2017-01-28 03:51:00,13.22568,80.46909,0.8,3.1,Cargo
419201002,MV APJ Kiran,2017-01-28 03:51:00,13.2131,80.50031,0.8,355.5,Cargo
558201001,MV Coral Sea,2017-01-28 03:51:00,12.72276,79.00624,13.2,279.0,Cargo
419301003,MT Coromandel King,2017-01-28 03:52:00,13.28459,80.3399,0,358.6,Tanker
419301006,MT Triton,2017-01-28 03:52:00,13.26329,80.3112,0.1,356.5,Tanker
419301004,MT POL Voyager,2017-01-28 03:52:00,13.26624,80.42097,0.0,0.5,Tanker
419301001,MT Sanmar Spirit,2017-01-28 03:54:00,13.2449,80.42913,0,88.3,Tanker
419301002,MT Chennai Petro,2017-01-28 03:54:00,13.12538,80.53049,0,357.3,Tanker
419201004,MV Coastal Glory,2017-01-28 03:55:00,13.35157,80.31401,0,359.4,Cargo
419201006,MV KPL Carrier,2017-01-28 03:55:00,13.24789,80.37451,0,91.7,Cargo
419201007,MV Sakthi Pride,2017-01-28 03:55:00,13.25096,80.31764,0.5,358.4,Cargo
538301001,MT Gulf Carrier,2017-01-28 03:55:00,13.09608,80.55105,0.1,358.8,Tanker
419201003,MV Ennore Express,2017-01-28 03:56:00,13.30102,80.31943,0.2,359.1,Cargo
419301003,MT Coromandel King,2017-01-28 03:56:00,13.28486,80.33992,0.5,357.9,Tanker
419201002,MV APJ Kiran,2017-01-28 03:56:00,13.21452,80.4991,0,1.5,Cargo
419301007,MT Bay Tanker,2017-01-28 03:56:00,13.15048,80.45975,0,359.0,Tanker
419201009,MV Ennore Pioneer,2017-01-28 03:56:00,12.91495,79.0139,12.7,285.4,Cargo
419301006,MT Triton,2017-01-28 03:57:00,13.26458,80.31107,0.3,358.2,Tanker
419301001,MT Sanmar Spirit,2017-01-28 03:58:00,13.24473,80.42849,0.3,92.6,Tanker
419201001,MV Vishakha Star,2017-01-28 03:58:00,13.22702,80.46982,0.4,358.0,Cargo
419201007,MV Sakthi Pride,2017-01-28 03:59:00,13.25264,80.31805,0,0.5,Cargo
419301004,MT POL Voyager,2017-01-28 03:59:00,13.26762,80.42021,0.3,359.5,Tanker
558201001,MV Coral Sea,2017-01-28 04:00:00,12.72991,78.97547,13.6,278.3,Cargo
558201001,MV Coral Sea,2017-01-28 04:10:00,12.73616,78.94558,13.2,280.1,Cargo
558201001,MV Coral Sea,2017-01-28 04:18:00,12.74309,78.91657,13.3,282.3,Cargo
419701001,ICGS Varad,2017-01-28 04:20:00,13.17034,80.36886,8.1,318.1,Law Enforcement
558201001,MV Coral Sea,2017-01-28 04:27:00,12.7492,78.88478,13.0,282.7,Cargo
558201001,MV Coral Sea,2017-01-28 04:33:00,12.75443,78.85488,13.3,281.3,Cargo
419701001,ICGS Varad,2017-01-28 05:05:00,13.22272,80.33011,1.8,178.9,Law Enforcement
419053900,MT Dawn Kanchipuram,2017-01-28 06:00:00,13.21331,80.33337,0,359.5,Tanker
235008000,BW Maple,2017-01-28 06:00:00,13.20498,80.33923,0.1,0.7,Tanker
419701001,ICGS Varad,2017-01-28 06:30:00,13.21423,80.3309,0.9,5.0,Law Enforcement
